5
5
7
2
reroll (tie) Aggressive Invester: 10
reroll (tie) Conservative Banker: 6
Oppotunistic Trader rolled 11
Oppotunistic Trader moved to square 12 : Go
Conservative Banker rolled 4
Conservative Banker moved to square 5 : Go
Aggressive Invester rolled 2
Aggressive Invester moved to square 3 : Colombo Fort Railway Station
Risk Taker rolled 8
Risk Taker moved to square 9 : Go
currunt round is : 1
Oppotunistic Trader rolled 11
Oppotunistic Trader moved to square 23 : Go
Conservative Banker rolled 9
Conservative Banker moved to square 14 : Go
Aggressive Invester rolled 12
Aggressive Invester moved to square 15 : Go
Risk Taker rolled 9
Risk Taker moved to square 18 : Go
currunt round is : 1
Oppotunistic Trader rolled 5
Oppotunistic Trader moved to square 28 : Go
Conservative Banker rolled 8
Conservative Banker moved to square 22 : Go
Aggressive Invester rolled 10
Aggressive Invester moved to square 25 : Go
Risk Taker rolled 10
Risk Taker moved to square 28 : Go
currunt round is : 1
Oppotunistic Trader rolled 9
Oppotunistic Trader moved to square 37 : Go
Conservative Banker rolled 11
Conservative Banker moved to square 33 : Go
Aggressive Invester rolled 9
Aggressive Invester moved to square 34 : Go
Risk Taker rolled 10
Risk Taker moved to square 38 : Go
currunt round is : 1
Oppotunistic Trader rolled 9
Oppotunistic Trader moved to square 7 : Go
Conservative Banker rolled 5
Conservative Banker moved to square 38 : Go
Aggressive Invester rolled 5
Aggressive Invester moved to square 0 : Go
Risk Taker rolled 6
Risk Taker moved to square 5 : Go
currunt round is : 1
Oppotunistic Trader rolled 6
Oppotunistic Trader moved to square 13 : Go
Conservative Banker rolled 5
Conservative Banker moved to square 4 : Go
Aggressive Invester rolled 4
Aggressive Invester moved to square 4 : Go
Risk Taker rolled 7
Risk Taker moved to square 12 : Go
currunt round is : 1
Oppotunistic Trader rolled 6
Oppotunistic Trader moved to square 19 : Go
Conservative Banker rolled 5
Conservative Banker moved to square 9 : Go
Aggressive Invester rolled 10
Aggressive Invester moved to square 14 : Go
Risk Taker rolled 9
Risk Taker moved to square 21 : Go
currunt round is : 2
Oppotunistic Trader rolled 5
Oppotunistic Trader moved to square 24 : Go
Conservative Banker rolled 5
Conservative Banker moved to square 14 : Go
Aggressive Invester rolled 2
Aggressive Invester moved to square 16 : Go
Risk Taker rolled 3
Risk Taker moved to square 24 : Go
currunt round is : 2
Oppotunistic Trader rolled 7
Oppotunistic Trader moved to square 31 : Go
Conservative Banker rolled 12
Conservative Banker moved to square 26 : Go
Aggressive Invester rolled 7
Aggressive Invester moved to square 23 : Go
Risk Taker rolled 3
Risk Taker moved to square 27 : Go
currunt round is : 2
Oppotunistic Trader rolled 8
Oppotunistic Trader moved to square 0 : Go
Conservative Banker rolled 5
Conservative Banker moved to square 31 : Go
Aggressive Invester rolled 8
Aggressive Invester moved to square 31 : Go
Risk Taker rolled 9
Risk Taker moved to square 36 : Go
currunt round is : 2
Oppotunistic Trader rolled 11
Oppotunistic Trader moved to square 11 : Go
Conservative Banker rolled 5
Conservative Banker moved to square 36 : Go
Aggressive Invester rolled 4
Aggressive Invester moved to square 35 : Go
Risk Taker rolled 8
Risk Taker moved to square 5 : Go
currunt round is : 2
Oppotunistic Trader rolled 12
Oppotunistic Trader moved to square 23 : Go
Conservative Banker rolled 9
Conservative Banker moved to square 6 : Go
Aggressive Invester rolled 3
Aggressive Invester moved to square 38 : Go
Risk Taker rolled 9
Risk Taker moved to square 14 : Go
currunt round is : 3
Oppotunistic Trader rolled 12
Oppotunistic Trader moved to square 35 : Go
Conservative Banker rolled 7
Conservative Banker moved to square 13 : Go
Aggressive Invester rolled 11
Aggressive Invester moved to square 10 : Go
Risk Taker rolled 3
Risk Taker moved to square 17 : Go
currunt round is : 3
Oppotunistic Trader rolled 8
Oppotunistic Trader moved to square 4 : Go
Conservative Banker rolled 12
Conservative Banker moved to square 25 : Go
Aggressive Invester rolled 6
Aggressive Invester moved to square 16 : Go
Risk Taker rolled 11
Risk Taker moved to square 28 : Go
currunt round is : 3
Oppotunistic Trader rolled 4
Oppotunistic Trader moved to square 8 : Go
Conservative Banker rolled 4
Conservative Banker moved to square 29 : Go
Aggressive Invester rolled 7
Aggressive Invester moved to square 23 : Go
Risk Taker rolled 6
Risk Taker moved to square 34 : Go
currunt round is : 4
Oppotunistic Trader rolled 5
Oppotunistic Trader moved to square 13 : Go
Conservative Banker rolled 6
Conservative Banker moved to square 35 : Go
Aggressive Invester rolled 5
Aggressive Invester moved to square 28 : Go
Risk Taker rolled 9
Risk Taker moved to square 4 : Go
currunt round is : 4
Oppotunistic Trader rolled 5
Oppotunistic Trader moved to square 18 : Go
Conservative Banker rolled 11
Conservative Banker moved to square 7 : Go
Aggressive Invester rolled 10
Aggressive Invester moved to square 38 : Go
Risk Taker rolled 9
Risk Taker moved to square 13 : Go
currunt round is : 4
Oppotunistic Trader rolled 12
Oppotunistic Trader moved to square 30 : Go
Conservative Banker rolled 6
Conservative Banker moved to square 13 : Go
Aggressive Invester rolled 5
Aggressive Invester moved to square 4 : Go
Risk Taker rolled 10
Risk Taker moved to square 23 : Go
currunt round is : 4
Oppotunistic Trader rolled 7
Oppotunistic Trader moved to square 37 : Go
Conservative Banker rolled 6
Conservative Banker moved to square 19 : Go
Aggressive Invester rolled 3
Aggressive Invester moved to square 7 : Go
Risk Taker rolled 7
Risk Taker moved to square 30 : Go
currunt round is : 4
Oppotunistic Trader rolled 2
Oppotunistic Trader moved to square 0 : Go
Conservative Banker rolled 5
Conservative Banker moved to square 24 : Go
Aggressive Invester rolled 3
Aggressive Invester moved to square 10 : Go
Risk Taker rolled 11
Risk Taker moved to square 2 : Go
currunt round is : 4
Oppotunistic Trader rolled 8
Oppotunistic Trader moved to square 8 : Go
Conservative Banker rolled 10
Conservative Banker moved to square 34 : Go
Aggressive Invester rolled 10
Aggressive Invester moved to square 20 : Go
Risk Taker rolled 12
Risk Taker moved to square 14 : Go
currunt round is : 4
Oppotunistic Trader rolled 9
Oppotunistic Trader moved to square 17 : Go
Conservative Banker rolled 4
Conservative Banker moved to square 38 : Go
Aggressive Invester rolled 10
Aggressive Invester moved to square 30 : Go
Risk Taker rolled 10
Risk Taker moved to square 24 : Go
currunt round is : 5
Oppotunistic Trader rolled 4
Oppotunistic Trader moved to square 21 : Go
Conservative Banker rolled 5
Conservative Banker moved to square 4 : Go
Aggressive Invester rolled 3
Aggressive Invester moved to square 33 : Go
Risk Taker rolled 7
Risk Taker moved to square 31 : Go
currunt round is : 5
Oppotunistic Trader rolled 9
Oppotunistic Trader moved to square 30 : Go
Conservative Banker rolled 4
Conservative Banker moved to square 8 : Go
Aggressive Invester rolled 3
Aggressive Invester moved to square 36 : Go
Risk Taker rolled 10
Risk Taker moved to square 2 : Go
currunt round is : 5
Oppotunistic Trader rolled 11
Oppotunistic Trader moved to square 2 : Go
Conservative Banker rolled 12
Conservative Banker moved to square 20 : Go
Aggressive Invester rolled 6
Aggressive Invester moved to square 3 : Colombo Fort Railway Station
Risk Taker rolled 10
Risk Taker moved to square 12 : Go
currunt round is : 5
Oppotunistic Trader rolled 3
Oppotunistic Trader moved to square 5 : Go
Conservative Banker rolled 7
Conservative Banker moved to square 27 : Go
Aggressive Invester rolled 6
Aggressive Invester moved to square 9 : Go
Risk Taker rolled 8
Risk Taker moved to square 20 : Go
currunt round is : 6
Oppotunistic Trader rolled 11
Oppotunistic Trader moved to square 16 : Go
Conservative Banker rolled 7
Conservative Banker moved to square 34 : Go
Aggressive Invester rolled 2
Aggressive Invester moved to square 11 : Go
Risk Taker rolled 10
Risk Taker moved to square 30 : Go
currunt round is : 6
Oppotunistic Trader rolled 8
Oppotunistic Trader moved to square 24 : Go
Conservative Banker rolled 12
Conservative Banker moved to square 7 : Go
Aggressive Invester rolled 6
Aggressive Invester moved to square 17 : Go
Risk Taker rolled 12
Risk Taker moved to square 3 : Colombo Fort Railway Station
currunt round is : 6
Oppotunistic Trader rolled 10
Oppotunistic Trader moved to square 34 : Go
Conservative Banker rolled 3
Conservative Banker moved to square 10 : Go
Aggressive Invester rolled 12
Aggressive Invester moved to square 29 : Go
Risk Taker rolled 4
Risk Taker moved to square 7 : Go
currunt round is : 6
Oppotunistic Trader rolled 5
Oppotunistic Trader moved to square 0 : Go
Conservative Banker rolled 9
Conservative Banker moved to square 19 : Go
Aggressive Invester rolled 10
Aggressive Invester moved to square 0 : Go
Risk Taker rolled 7
Risk Taker moved to square 14 : Go
currunt round is : 6
Oppotunistic Trader rolled 10
Oppotunistic Trader moved to square 10 : Go
Conservative Banker rolled 9
Conservative Banker moved to square 28 : Go
Aggressive Invester rolled 11
Aggressive Invester moved to square 11 : Go
Risk Taker rolled 4
Risk Taker moved to square 18 : Go
currunt round is : 6
Oppotunistic Trader rolled 12
Oppotunistic Trader moved to square 22 : Go
Conservative Banker rolled 12
Conservative Banker moved to square 1 : Pettah
Aggressive Invester rolled 12
Aggressive Invester moved to square 23 : Go
Risk Taker rolled 10
Risk Taker moved to square 28 : Go
currunt round is : 7
Oppotunistic Trader rolled 9
Oppotunistic Trader moved to square 31 : Go
Conservative Banker rolled 5
Conservative Banker moved to square 6 : Go
Aggressive Invester rolled 8
Aggressive Invester moved to square 31 : Go
Risk Taker rolled 8
Risk Taker moved to square 36 : Go
currunt round is : 7
Oppotunistic Trader rolled 9
Oppotunistic Trader moved to square 1 : Pettah
Conservative Banker rolled 12
Conservative Banker moved to square 18 : Go
Aggressive Invester rolled 4
Aggressive Invester moved to square 35 : Go
Risk Taker rolled 7
Risk Taker moved to square 4 : Go
currunt round is : 7
Oppotunistic Trader rolled 4
Oppotunistic Trader moved to square 5 : Go
Conservative Banker rolled 2
Conservative Banker moved to square 20 : Go
Aggressive Invester rolled 2
Aggressive Invester moved to square 37 : Go
Risk Taker rolled 9
Risk Taker moved to square 13 : Go
currunt round is : 8
Oppotunistic Trader rolled 2
Oppotunistic Trader moved to square 7 : Go
Conservative Banker rolled 6
Conservative Banker moved to square 26 : Go
Aggressive Invester rolled 8
Aggressive Invester moved to square 6 : Go
Risk Taker rolled 8
Risk Taker moved to square 21 : Go
currunt round is : 8
Oppotunistic Trader rolled 8
Oppotunistic Trader moved to square 15 : Go
Conservative Banker rolled 7
Conservative Banker moved to square 33 : Go
Aggressive Invester rolled 8
Aggressive Invester moved to square 14 : Go
Risk Taker rolled 9
Risk Taker moved to square 30 : Go
currunt round is : 8
Oppotunistic Trader rolled 2
Oppotunistic Trader moved to square 17 : Go
Conservative Banker rolled 6
Conservative Banker moved to square 0 : Go
Aggressive Invester rolled 2
Aggressive Invester moved to square 16 : Go
Risk Taker rolled 10
Risk Taker moved to square 1 : Pettah
currunt round is : 8
Oppotunistic Trader rolled 11
Oppotunistic Trader moved to square 28 : Go
Conservative Banker rolled 11
Conservative Banker moved to square 11 : Go
Aggressive Invester rolled 2
Aggressive Invester moved to square 18 : Go
Risk Taker rolled 10
Risk Taker moved to square 11 : Go
currunt round is : 8
Oppotunistic Trader rolled 8
Oppotunistic Trader moved to square 36 : Go
Conservative Banker rolled 10
Conservative Banker moved to square 21 : Go
Aggressive Invester rolled 6
Aggressive Invester moved to square 24 : Go
Risk Taker rolled 3
Risk Taker moved to square 14 : Go
currunt round is : 8
Oppotunistic Trader rolled 12
Oppotunistic Trader moved to square 9 : Go
Conservative Banker rolled 10
Conservative Banker moved to square 31 : Go
Aggressive Invester rolled 9
Aggressive Invester moved to square 33 : Go
Risk Taker rolled 8
Risk Taker moved to square 22 : Go
currunt round is : 8
Oppotunistic Trader rolled 7
Oppotunistic Trader moved to square 16 : Go
Conservative Banker rolled 9
Conservative Banker moved to square 1 : Pettah
Aggressive Invester rolled 11
Aggressive Invester moved to square 5 : Go
Risk Taker rolled 7
Risk Taker moved to square 29 : Go
currunt round is : 9
Oppotunistic Trader rolled 10
Oppotunistic Trader moved to square 26 : Go
Conservative Banker rolled 12
Conservative Banker moved to square 13 : Go
Aggressive Invester rolled 3
Aggressive Invester moved to square 8 : Go
Risk Taker rolled 8
Risk Taker moved to square 37 : Go
currunt round is : 9
Oppotunistic Trader rolled 3
Oppotunistic Trader moved to square 29 : Go
Conservative Banker rolled 10
Conservative Banker moved to square 23 : Go
Aggressive Invester rolled 12
Aggressive Invester moved to square 20 : Go
Risk Taker rolled 7
Risk Taker moved to square 5 : Go
currunt round is : 9
Oppotunistic Trader rolled 2
Oppotunistic Trader moved to square 31 : Go
Conservative Banker rolled 7
Conservative Banker moved to square 30 : Go
Aggressive Invester rolled 4
Aggressive Invester moved to square 24 : Go
Risk Taker rolled 2
Risk Taker moved to square 7 : Go
currunt round is : 9
Oppotunistic Trader rolled 9
Oppotunistic Trader moved to square 1 : Pettah
Conservative Banker rolled 2
Conservative Banker moved to square 32 : Go
Aggressive Invester rolled 11
Aggressive Invester moved to square 35 : Go
Risk Taker rolled 8
Risk Taker moved to square 15 : Go
currunt round is : 9
Oppotunistic Trader rolled 11
Oppotunistic Trader moved to square 12 : Go
Conservative Banker rolled 9
Conservative Banker moved to square 2 : Go
Aggressive Invester rolled 3
Aggressive Invester moved to square 38 : Go
Risk Taker rolled 4
Risk Taker moved to square 19 : Go
currunt round is : 10
Oppotunistic Trader rolled 4
Oppotunistic Trader moved to square 16 : Go
Conservative Banker rolled 5
Conservative Banker moved to square 7 : Go
Aggressive Invester rolled 5
Aggressive Invester moved to square 4 : Go
Risk Taker rolled 3
Risk Taker moved to square 22 : Go
currunt round is : 10
Oppotunistic Trader rolled 2
Oppotunistic Trader moved to square 18 : Go
Conservative Banker rolled 2
Conservative Banker moved to square 9 : Go
Aggressive Invester rolled 7
Aggressive Invester moved to square 11 : Go
Risk Taker rolled 5
Risk Taker moved to square 27 : Go
currunt round is : 10
Oppotunistic Trader rolled 7
Oppotunistic Trader moved to square 25 : Go
Conservative Banker rolled 6
Conservative Banker moved to square 15 : Go
Aggressive Invester rolled 11
Aggressive Invester moved to square 22 : Go
Risk Taker rolled 4
Risk Taker moved to square 31 : Go
currunt round is : 10
Oppotunistic Trader rolled 3
Oppotunistic Trader moved to square 28 : Go
Conservative Banker rolled 12
Conservative Banker moved to square 27 : Go
Aggressive Invester rolled 8
Aggressive Invester moved to square 30 : Go
Risk Taker rolled 4
Risk Taker moved to square 35 : Go
currunt round is : 10
Oppotunistic Trader rolled 9
Oppotunistic Trader moved to square 37 : Go
Conservative Banker rolled 7
Conservative Banker moved to square 34 : Go
Aggressive Invester rolled 10
Aggressive Invester moved to square 1 : Pettah
Risk Taker rolled 10
Risk Taker moved to square 6 : Go
currunt round is : 10
Oppotunistic Trader rolled 11
Oppotunistic Trader moved to square 9 : Go
Conservative Banker rolled 10
Conservative Banker moved to square 5 : Go
Aggressive Invester rolled 8
Aggressive Invester moved to square 9 : Go
Risk Taker rolled 5
Risk Taker moved to square 11 : Go
currunt round is : 10
Oppotunistic Trader rolled 10
Oppotunistic Trader moved to square 19 : Go
Conservative Banker rolled 4
Conservative Banker moved to square 9 : Go
Aggressive Invester rolled 9
Aggressive Invester moved to square 18 : Go
Risk Taker rolled 6
Risk Taker moved to square 17 : Go
currunt round is : 11
Oppotunistic Trader rolled 11
Oppotunistic Trader moved to square 30 : Go
Conservative Banker rolled 9
Conservative Banker moved to square 18 : Go
Aggressive Invester rolled 8
Aggressive Invester moved to square 26 : Go
Risk Taker rolled 12
Risk Taker moved to square 29 : Go
currunt round is : 11
Oppotunistic Trader rolled 12
Oppotunistic Trader moved to square 3 : Colombo Fort Railway Station
Conservative Banker rolled 12
Conservative Banker moved to square 30 : Go
Aggressive Invester rolled 2
Aggressive Invester moved to square 28 : Go
Risk Taker rolled 11
Risk Taker moved to square 1 : Pettah
currunt round is : 11
Oppotunistic Trader rolled 10
Oppotunistic Trader moved to square 13 : Go
Conservative Banker rolled 6
Conservative Banker moved to square 36 : Go
Aggressive Invester rolled 3
Aggressive Invester moved to square 31 : Go
Risk Taker rolled 4
Risk Taker moved to square 5 : Go
currunt round is : 12
Oppotunistic Trader rolled 10
Oppotunistic Trader moved to square 23 : Go
Conservative Banker rolled 12
Conservative Banker moved to square 9 : Go
Aggressive Invester rolled 5
Aggressive Invester moved to square 36 : Go
Risk Taker rolled 11
Risk Taker moved to square 16 : Go
currunt round is : 12
Oppotunistic Trader rolled 10
Oppotunistic Trader moved to square 33 : Go
Conservative Banker rolled 9
Conservative Banker moved to square 18 : Go
Aggressive Invester rolled 11
Aggressive Invester moved to square 8 : Go
Risk Taker rolled 4
Risk Taker moved to square 20 : Go
currunt round is : 12
Oppotunistic Trader rolled 2
Oppotunistic Trader moved to square 35 : Go
Conservative Banker rolled 6
Conservative Banker moved to square 24 : Go
Aggressive Invester rolled 12
Aggressive Invester moved to square 20 : Go
Risk Taker rolled 11
Risk Taker moved to square 31 : Go
currunt round is : 12
Oppotunistic Trader rolled 3
Oppotunistic Trader moved to square 38 : Go
Conservative Banker rolled 8
Conservative Banker moved to square 32 : Go
Aggressive Invester rolled 12
Aggressive Invester moved to square 32 : Go
Risk Taker rolled 9
Risk Taker moved to square 1 : Pettah
currunt round is : 12
Oppotunistic Trader rolled 10
Oppotunistic Trader moved to square 9 : Go
Conservative Banker rolled 9
Conservative Banker moved to square 2 : Go
Aggressive Invester rolled 11
Aggressive Invester moved to square 4 : Go
Risk Taker rolled 7
Risk Taker moved to square 8 : Go
currunt round is : 12
Oppotunistic Trader rolled 3
Oppotunistic Trader moved to square 12 : Go
Conservative Banker rolled 7
Conservative Banker moved to square 9 : Go
Aggressive Invester rolled 4
Aggressive Invester moved to square 8 : Go
Risk Taker rolled 2
Risk Taker moved to square 10 : Go
currunt round is : 13
Oppotunistic Trader rolled 4
Oppotunistic Trader moved to square 16 : Go
Conservative Banker rolled 2
Conservative Banker moved to square 11 : Go
Aggressive Invester rolled 9
Aggressive Invester moved to square 17 : Go
Risk Taker rolled 10
Risk Taker moved to square 20 : Go
currunt round is : 13
Oppotunistic Trader rolled 6
Oppotunistic Trader moved to square 22 : Go
Conservative Banker rolled 11
Conservative Banker moved to square 22 : Go
Aggressive Invester rolled 10
Aggressive Invester moved to square 27 : Go
Risk Taker rolled 3
Risk Taker moved to square 23 : Go
currunt round is : 13
Oppotunistic Trader rolled 8
Oppotunistic Trader moved to square 30 : Go
Conservative Banker rolled 11
Conservative Banker moved to square 33 : Go
Aggressive Invester rolled 10
Aggressive Invester moved to square 37 : Go
Risk Taker rolled 5
Risk Taker moved to square 28 : Go
currunt round is : 13
Oppotunistic Trader rolled 8
Oppotunistic Trader moved to square 38 : Go
Conservative Banker rolled 7
Conservative Banker moved to square 1 : Pettah
Aggressive Invester rolled 8
Aggressive Invester moved to square 6 : Go
Risk Taker rolled 8
Risk Taker moved to square 36 : Go
currunt round is : 13
Oppotunistic Trader rolled 11
Oppotunistic Trader moved to square 10 : Go
Conservative Banker rolled 5
Conservative Banker moved to square 6 : Go
Aggressive Invester rolled 4
Aggressive Invester moved to square 10 : Go
Risk Taker rolled 11
Risk Taker moved to square 8 : Go
currunt round is : 13
Oppotunistic Trader rolled 9
Oppotunistic Trader moved to square 19 : Go
Conservative Banker rolled 12
Conservative Banker moved to square 18 : Go
Aggressive Invester rolled 5
Aggressive Invester moved to square 15 : Go
Risk Taker rolled 5
Risk Taker moved to square 13 : Go
currunt round is : 14
Oppotunistic Trader rolled 6
Oppotunistic Trader moved to square 25 : Go
Conservative Banker rolled 4
Conservative Banker moved to square 22 : Go
Aggressive Invester rolled 8
Aggressive Invester moved to square 23 : Go
Risk Taker rolled 7
Risk Taker moved to square 20 : Go
currunt round is : 14
Oppotunistic Trader rolled 7
Oppotunistic Trader moved to square 32 : Go
Conservative Banker rolled 10
Conservative Banker moved to square 32 : Go
Aggressive Invester rolled 6
Aggressive Invester moved to square 29 : Go
Risk Taker rolled 7
Risk Taker moved to square 27 : Go
currunt round is : 14
Oppotunistic Trader rolled 10
Oppotunistic Trader moved to square 3 : Colombo Fort Railway Station
Conservative Banker rolled 2
Conservative Banker moved to square 34 : Go
Aggressive Invester rolled 4
Aggressive Invester moved to square 33 : Go
Risk Taker rolled 4
Risk Taker moved to square 31 : Go
currunt round is : 14
Oppotunistic Trader rolled 11
Oppotunistic Trader moved to square 14 : Go
Conservative Banker rolled 10
Conservative Banker moved to square 5 : Go
Aggressive Invester rolled 3
Aggressive Invester moved to square 36 : Go
Risk Taker rolled 5
Risk Taker moved to square 36 : Go
currunt round is : 15
Oppotunistic Trader rolled 9
Oppotunistic Trader moved to square 23 : Go
Conservative Banker rolled 10
Conservative Banker moved to square 15 : Go
Aggressive Invester rolled 6
Aggressive Invester moved to square 3 : Colombo Fort Railway Station
Risk Taker rolled 2
Risk Taker moved to square 38 : Go
currunt round is : 15
Oppotunistic Trader rolled 4
Oppotunistic Trader moved to square 27 : Go
Conservative Banker rolled 12
Conservative Banker moved to square 27 : Go
Aggressive Invester rolled 6
Aggressive Invester moved to square 9 : Go
Risk Taker rolled 2
Risk Taker moved to square 1 : Pettah
currunt round is : 15
Oppotunistic Trader rolled 3
Oppotunistic Trader moved to square 30 : Go
Conservative Banker rolled 8
Conservative Banker moved to square 35 : Go
Aggressive Invester rolled 11
Aggressive Invester moved to square 20 : Go
Risk Taker rolled 10
Risk Taker moved to square 11 : Go
currunt round is : 15
Oppotunistic Trader rolled 5
Oppotunistic Trader moved to square 35 : Go
Conservative Banker rolled 4
Conservative Banker moved to square 0 : Go
Aggressive Invester rolled 11
Aggressive Invester moved to square 31 : Go
Risk Taker rolled 10
Risk Taker moved to square 21 : Go
currunt round is : 15
Oppotunistic Trader rolled 4
Oppotunistic Trader moved to square 0 : Go
Conservative Banker rolled 6
Conservative Banker moved to square 6 : Go
Aggressive Invester rolled 4
Aggressive Invester moved to square 35 : Go
Risk Taker rolled 9
Risk Taker moved to square 30 : Go
currunt round is : 15
Oppotunistic Trader rolled 12
Oppotunistic Trader moved to square 12 : Go
Conservative Banker rolled 8
Conservative Banker moved to square 14 : Go
Aggressive Invester rolled 3
Aggressive Invester moved to square 38 : Go
Risk Taker rolled 8
Risk Taker moved to square 38 : Go
currunt round is : 15
Oppotunistic Trader rolled 7
Oppotunistic Trader moved to square 19 : Go
Conservative Banker rolled 3
Conservative Banker moved to square 17 : Go
Aggressive Invester rolled 10
Aggressive Invester moved to square 9 : Go
Risk Taker rolled 5
Risk Taker moved to square 4 : Go
currunt round is : 16
Oppotunistic Trader rolled 11
Oppotunistic Trader moved to square 30 : Go
Conservative Banker rolled 9
Conservative Banker moved to square 26 : Go
Aggressive Invester rolled 6
Aggressive Invester moved to square 15 : Go
Risk Taker rolled 5
Risk Taker moved to square 9 : Go
currunt round is : 16
Oppotunistic Trader rolled 6
Oppotunistic Trader moved to square 36 : Go
Conservative Banker rolled 11
Conservative Banker moved to square 37 : Go
Aggressive Invester rolled 5
Aggressive Invester moved to square 20 : Go
Risk Taker rolled 8
Risk Taker moved to square 17 : Go
currunt round is : 16
Oppotunistic Trader rolled 10
Oppotunistic Trader moved to square 7 : Go
Conservative Banker rolled 9
Conservative Banker moved to square 7 : Go
Aggressive Invester rolled 9
Aggressive Invester moved to square 29 : Go
Risk Taker rolled 9
Risk Taker moved to square 26 : Go
currunt round is : 16
Oppotunistic Trader rolled 2
Oppotunistic Trader moved to square 9 : Go
Conservative Banker rolled 5
Conservative Banker moved to square 12 : Go
Aggressive Invester rolled 5
Aggressive Invester moved to square 34 : Go
Risk Taker rolled 6
Risk Taker moved to square 32 : Go
currunt round is : 17
Oppotunistic Trader rolled 5
Oppotunistic Trader moved to square 14 : Go
Conservative Banker rolled 3
Conservative Banker moved to square 15 : Go
Aggressive Invester rolled 12
Aggressive Invester moved to square 7 : Go
Risk Taker rolled 7
Risk Taker moved to square 0 : Go
currunt round is : 17
Oppotunistic Trader rolled 6
Oppotunistic Trader moved to square 20 : Go
Conservative Banker rolled 3
Conservative Banker moved to square 18 : Go
Aggressive Invester rolled 3
Aggressive Invester moved to square 10 : Go
Risk Taker rolled 3
Risk Taker moved to square 3 : Colombo Fort Railway Station
currunt round is : 17
Oppotunistic Trader rolled 8
Oppotunistic Trader moved to square 28 : Go
Conservative Banker rolled 2
Conservative Banker moved to square 20 : Go
Aggressive Invester rolled 9
Aggressive Invester moved to square 19 : Go
Risk Taker rolled 2
Risk Taker moved to square 5 : Go
currunt round is : 17
Oppotunistic Trader rolled 3
Oppotunistic Trader moved to square 31 : Go
Conservative Banker rolled 6
Conservative Banker moved to square 26 : Go
Aggressive Invester rolled 3
Aggressive Invester moved to square 22 : Go
Risk Taker rolled 2
Risk Taker moved to square 7 : Go
currunt round is : 17
Oppotunistic Trader rolled 12
Oppotunistic Trader moved to square 4 : Go
Conservative Banker rolled 8
Conservative Banker moved to square 34 : Go
Aggressive Invester rolled 5
Aggressive Invester moved to square 27 : Go
Risk Taker rolled 5
Risk Taker moved to square 12 : Go
currunt round is : 17
Oppotunistic Trader rolled 6
Oppotunistic Trader moved to square 10 : Go
Conservative Banker rolled 7
Conservative Banker moved to square 2 : Go
Aggressive Invester rolled 12
Aggressive Invester moved to square 0 : Go
Risk Taker rolled 12
Risk Taker moved to square 24 : Go
currunt round is : 18
Oppotunistic Trader rolled 3
Oppotunistic Trader moved to square 13 : Go
Conservative Banker rolled 6
Conservative Banker moved to square 8 : Go
Aggressive Invester rolled 7
Aggressive Invester moved to square 7 : Go
Risk Taker rolled 4
Risk Taker moved to square 28 : Go
currunt round is : 18
Oppotunistic Trader rolled 9
Oppotunistic Trader moved to square 22 : Go
Conservative Banker rolled 10
Conservative Banker moved to square 18 : Go
Aggressive Invester rolled 6
Aggressive Invester moved to square 13 : Go
Risk Taker rolled 2
Risk Taker moved to square 30 : Go
currunt round is : 18
Oppotunistic Trader rolled 9
Oppotunistic Trader moved to square 31 : Go
Conservative Banker rolled 5
Conservative Banker moved to square 23 : Go
Aggressive Invester rolled 5
Aggressive Invester moved to square 18 : Go
Risk Taker rolled 2
Risk Taker moved to square 32 : Go
currunt round is : 18
Oppotunistic Trader rolled 4
Oppotunistic Trader moved to square 35 : Go
Conservative Banker rolled 7
Conservative Banker moved to square 30 : Go
Aggressive Invester rolled 4
Aggressive Invester moved to square 22 : Go
Risk Taker rolled 10
Risk Taker moved to square 3 : Colombo Fort Railway Station
currunt round is : 18
Oppotunistic Trader rolled 5
Oppotunistic Trader moved to square 1 : Pettah
Conservative Banker rolled 11
Conservative Banker moved to square 2 : Go
Aggressive Invester rolled 8
Aggressive Invester moved to square 30 : Go
Risk Taker rolled 7
Risk Taker moved to square 10 : Go
currunt round is : 18
Oppotunistic Trader rolled 3
Oppotunistic Trader moved to square 4 : Go
Conservative Banker rolled 8
Conservative Banker moved to square 10 : Go
Aggressive Invester rolled 5
Aggressive Invester moved to square 35 : Go
Risk Taker rolled 2
Risk Taker moved to square 12 : Go
currunt round is : 19
Oppotunistic Trader rolled 12
Oppotunistic Trader moved to square 16 : Go
Conservative Banker rolled 8
Conservative Banker moved to square 18 : Go
Aggressive Invester rolled 3
Aggressive Invester moved to square 38 : Go
Risk Taker rolled 3
Risk Taker moved to square 15 : Go
currunt round is : 19
Oppotunistic Trader rolled 2
Oppotunistic Trader moved to square 18 : Go
Conservative Banker rolled 2
Conservative Banker moved to square 20 : Go
Aggressive Invester rolled 11
Aggressive Invester moved to square 10 : Go
Risk Taker rolled 2
Risk Taker moved to square 17 : Go
currunt round is : 19
Oppotunistic Trader rolled 4
Oppotunistic Trader moved to square 22 : Go
Conservative Banker rolled 5
Conservative Banker moved to square 25 : Go
Aggressive Invester rolled 2
Aggressive Invester moved to square 12 : Go
Risk Taker rolled 10
Risk Taker moved to square 27 : Go
currunt round is : 19
Oppotunistic Trader rolled 11
Oppotunistic Trader moved to square 33 : Go
Conservative Banker rolled 6
Conservative Banker moved to square 31 : Go
Aggressive Invester rolled 8
Aggressive Invester moved to square 20 : Go
Risk Taker rolled 8
Risk Taker moved to square 35 : Go
currunt round is : 19
Oppotunistic Trader rolled 9
Oppotunistic Trader moved to square 3 : Colombo Fort Railway Station
Conservative Banker rolled 11
Conservative Banker moved to square 3 : Colombo Fort Railway Station
Aggressive Invester rolled 6
Aggressive Invester moved to square 26 : Go
Risk Taker rolled 11
Risk Taker moved to square 7 : Go
currunt round is : 19
Oppotunistic Trader rolled 3
Oppotunistic Trader moved to square 6 : Go
Conservative Banker rolled 6
Conservative Banker moved to square 9 : Go
Aggressive Invester rolled 7
Aggressive Invester moved to square 33 : Go
Risk Taker rolled 7
Risk Taker moved to square 14 : Go
currunt round is : 20
Oppotunistic Trader rolled 5
Oppotunistic Trader moved to square 11 : Go
Conservative Banker rolled 11
Conservative Banker moved to square 20 : Go
Aggressive Invester rolled 12
Aggressive Invester moved to square 6 : Go
Risk Taker rolled 4
Risk Taker moved to square 18 : Go
currunt round is : 20
Oppotunistic Trader rolled 4
Oppotunistic Trader moved to square 15 : Go
Conservative Banker rolled 2
Conservative Banker moved to square 22 : Go
Aggressive Invester rolled 2
Aggressive Invester moved to square 8 : Go
Risk Taker rolled 3
Risk Taker moved to square 21 : Go
currunt round is : 20
Oppotunistic Trader rolled 6
Oppotunistic Trader moved to square 21 : Go
Conservative Banker rolled 3
Conservative Banker moved to square 25 : Go
Aggressive Invester rolled 2
Aggressive Invester moved to square 10 : Go
Risk Taker rolled 7
Risk Taker moved to square 28 : Go
currunt round is : 20
Oppotunistic Trader rolled 2
Oppotunistic Trader moved to square 23 : Go
Conservative Banker rolled 12
Conservative Banker moved to square 37 : Go
Aggressive Invester rolled 5
Aggressive Invester moved to square 15 : Go
Risk Taker rolled 2
Risk Taker moved to square 30 : Go
currunt round is : 20
Oppotunistic Trader rolled 2
Oppotunistic Trader moved to square 25 : Go
Conservative Banker rolled 5
Conservative Banker moved to square 3 : Colombo Fort Railway Station
Aggressive Invester rolled 10
Aggressive Invester moved to square 25 : Go
Risk Taker rolled 12
Risk Taker moved to square 3 : Colombo Fort Railway Station
currunt round is : 20
Oppotunistic Trader rolled 9
Oppotunistic Trader moved to square 34 : Go
Conservative Banker rolled 5
Conservative Banker moved to square 8 : Go
Aggressive Invester rolled 7
Aggressive Invester moved to square 32 : Go
Risk Taker rolled 3
Risk Taker moved to square 6 : Go
currunt round is : 20
Oppotunistic Trader rolled 2
Oppotunistic Trader moved to square 36 : Go
Conservative Banker rolled 11
Conservative Banker moved to square 19 : Go
Aggressive Invester rolled 10
Aggressive Invester moved to square 3 : Colombo Fort Railway Station
Risk Taker rolled 3
Risk Taker moved to square 9 : Go
currunt round is : 20
Oppotunistic Trader rolled 5
Oppotunistic Trader moved to square 2 : Go
Conservative Banker rolled 2
Conservative Banker moved to square 21 : Go
Aggressive Invester rolled 6
Aggressive Invester moved to square 9 : Go
Risk Taker rolled 6
Risk Taker moved to square 15 : Go
currunt round is : 20
Oppotunistic Trader rolled 12
Oppotunistic Trader moved to square 14 : Go
Conservative Banker rolled 3
Conservative Banker moved to square 24 : Go
Aggressive Invester rolled 6
Aggressive Invester moved to square 15 : Go
Risk Taker rolled 12
Risk Taker moved to square 27 : Go
currunt round is : 21
Oppotunistic Trader rolled 3
Oppotunistic Trader moved to square 17 : Go
Conservative Banker rolled 4
Conservative Banker moved to square 28 : Go
Aggressive Invester rolled 12
Aggressive Invester moved to square 27 : Go
Risk Taker rolled 8
Risk Taker moved to square 35 : Go
currunt round is : 21
Oppotunistic Trader rolled 3
Oppotunistic Trader moved to square 20 : Go
Conservative Banker rolled 12
Conservative Banker moved to square 1 : Pettah
Aggressive Invester rolled 11
Aggressive Invester moved to square 38 : Go
Risk Taker rolled 3
Risk Taker moved to square 38 : Go
currunt round is : 21
Oppotunistic Trader rolled 9
Oppotunistic Trader moved to square 29 : Go
Conservative Banker rolled 3
Conservative Banker moved to square 4 : Go
Aggressive Invester rolled 2
Aggressive Invester moved to square 1 : Pettah
Risk Taker rolled 10
Risk Taker moved to square 9 : Go
currunt round is : 21
Oppotunistic Trader rolled 6
Oppotunistic Trader moved to square 35 : Go
Conservative Banker rolled 10
Conservative Banker moved to square 14 : Go
Aggressive Invester rolled 9
Aggressive Invester moved to square 10 : Go
Risk Taker rolled 11
Risk Taker moved to square 20 : Go
currunt round is : 21
Oppotunistic Trader rolled 12
Oppotunistic Trader moved to square 8 : Go
Conservative Banker rolled 12
Conservative Banker moved to square 26 : Go
Aggressive Invester rolled 12
Aggressive Invester moved to square 22 : Go
Risk Taker rolled 12
Risk Taker moved to square 32 : Go
currunt round is : 21
Oppotunistic Trader rolled 8
Oppotunistic Trader moved to square 16 : Go
Conservative Banker rolled 7
Conservative Banker moved to square 33 : Go
Aggressive Invester rolled 2
Aggressive Invester moved to square 24 : Go
Risk Taker rolled 9
Risk Taker moved to square 2 : Go
currunt round is : 22
Oppotunistic Trader rolled 8
Oppotunistic Trader moved to square 24 : Go
Conservative Banker rolled 5
Conservative Banker moved to square 38 : Go
Aggressive Invester rolled 2
Aggressive Invester moved to square 26 : Go
Risk Taker rolled 5
Risk Taker moved to square 7 : Go
currunt round is : 22
Oppotunistic Trader rolled 6
Oppotunistic Trader moved to square 30 : Go
Conservative Banker rolled 4
Conservative Banker moved to square 3 : Colombo Fort Railway Station
Aggressive Invester rolled 4
Aggressive Invester moved to square 30 : Go
Risk Taker rolled 8
Risk Taker moved to square 15 : Go
currunt round is : 22
Oppotunistic Trader rolled 6
Oppotunistic Trader moved to square 36 : Go
Conservative Banker rolled 12
Conservative Banker moved to square 15 : Go
Aggressive Invester rolled 3
Aggressive Invester moved to square 33 : Go
Risk Taker rolled 8
Risk Taker moved to square 23 : Go
currunt round is : 22
Oppotunistic Trader rolled 12
Oppotunistic Trader moved to square 9 : Go
Conservative Banker rolled 12
Conservative Banker moved to square 27 : Go
Aggressive Invester rolled 7
Aggressive Invester moved to square 1 : Pettah
Risk Taker rolled 8
Risk Taker moved to square 31 : Go
currunt round is : 22
Oppotunistic Trader rolled 11
Oppotunistic Trader moved to square 20 : Go
Conservative Banker rolled 7
Conservative Banker moved to square 34 : Go
Aggressive Invester rolled 3
Aggressive Invester moved to square 4 : Go
Risk Taker rolled 4
Risk Taker moved to square 35 : Go
currunt round is : 23
Oppotunistic Trader rolled 3
Oppotunistic Trader moved to square 23 : Go
Conservative Banker rolled 8
Conservative Banker moved to square 3 : Colombo Fort Railway Station
Aggressive Invester rolled 11
Aggressive Invester moved to square 15 : Go
Risk Taker rolled 2
Risk Taker moved to square 37 : Go
currunt round is : 23
Oppotunistic Trader rolled 7
Oppotunistic Trader moved to square 30 : Go
Conservative Banker rolled 8
Conservative Banker moved to square 11 : Go
Aggressive Invester rolled 10
Aggressive Invester moved to square 25 : Go
Risk Taker rolled 12
Risk Taker moved to square 10 : Go
currunt round is : 23
Oppotunistic Trader rolled 2
Oppotunistic Trader moved to square 32 : Go
Conservative Banker rolled 8
Conservative Banker moved to square 19 : Go
Aggressive Invester rolled 8
Aggressive Invester moved to square 33 : Go
Risk Taker rolled 6
Risk Taker moved to square 16 : Go
currunt round is : 23
Oppotunistic Trader rolled 11
Oppotunistic Trader moved to square 4 : Go
Conservative Banker rolled 7
Conservative Banker moved to square 26 : Go
Aggressive Invester rolled 9
Aggressive Invester moved to square 3 : Colombo Fort Railway Station
Risk Taker rolled 5
Risk Taker moved to square 21 : Go
currunt round is : 23
Oppotunistic Trader rolled 9
Oppotunistic Trader moved to square 13 : Go
Conservative Banker rolled 10
Conservative Banker moved to square 36 : Go
Aggressive Invester rolled 11
Aggressive Invester moved to square 14 : Go
Risk Taker rolled 12
Risk Taker moved to square 33 : Go
currunt round is : 24
Oppotunistic Trader rolled 9
Oppotunistic Trader moved to square 22 : Go
Conservative Banker rolled 10
Conservative Banker moved to square 7 : Go
Aggressive Invester rolled 7
Aggressive Invester moved to square 21 : Go
Risk Taker rolled 6
Risk Taker moved to square 0 : Go
currunt round is : 24
Oppotunistic Trader rolled 9
Oppotunistic Trader moved to square 31 : Go
Conservative Banker rolled 10
Conservative Banker moved to square 17 : Go
Aggressive Invester rolled 11
Aggressive Invester moved to square 32 : Go
Risk Taker rolled 7
Risk Taker moved to square 7 : Go
currunt round is : 24
Oppotunistic Trader rolled 5
Oppotunistic Trader moved to square 36 : Go
Conservative Banker rolled 12
Conservative Banker moved to square 29 : Go
Aggressive Invester rolled 7
Aggressive Invester moved to square 0 : Go
Risk Taker rolled 4
Risk Taker moved to square 11 : Go
currunt round is : 24
Oppotunistic Trader rolled 6
Oppotunistic Trader moved to square 3 : Colombo Fort Railway Station
Conservative Banker rolled 3
Conservative Banker moved to square 32 : Go
Aggressive Invester rolled 2
Aggressive Invester moved to square 2 : Go
Risk Taker rolled 11
Risk Taker moved to square 22 : Go
currunt round is : 24
Oppotunistic Trader rolled 9
Oppotunistic Trader moved to square 12 : Go
Conservative Banker rolled 10
Conservative Banker moved to square 3 : Colombo Fort Railway Station
Aggressive Invester rolled 10
Aggressive Invester moved to square 12 : Go
Risk Taker rolled 7
Risk Taker moved to square 29 : Go
currunt round is : 25
Oppotunistic Trader rolled 5
Oppotunistic Trader moved to square 17 : Go
Conservative Banker rolled 4
Conservative Banker moved to square 7 : Go
Aggressive Invester rolled 12
Aggressive Invester moved to square 24 : Go
Risk Taker rolled 2
Risk Taker moved to square 31 : Go
currunt round is : 25
Oppotunistic Trader rolled 9
Oppotunistic Trader moved to square 26 : Go
Conservative Banker rolled 6
Conservative Banker moved to square 13 : Go
Aggressive Invester rolled 5
Aggressive Invester moved to square 29 : Go
Risk Taker rolled 5
Risk Taker moved to square 36 : Go
currunt round is : 25
Oppotunistic Trader rolled 12
Oppotunistic Trader moved to square 38 : Go
Conservative Banker rolled 12
Conservative Banker moved to square 25 : Go
Aggressive Invester rolled 4
Aggressive Invester moved to square 33 : Go
Risk Taker rolled 7
Risk Taker moved to square 4 : Go
currunt round is : 25
Oppotunistic Trader rolled 9
Oppotunistic Trader moved to square 8 : Go
Conservative Banker rolled 7
Conservative Banker moved to square 32 : Go
Aggressive Invester rolled 9
Aggressive Invester moved to square 3 : Colombo Fort Railway Station
Risk Taker rolled 3
Risk Taker moved to square 7 : Go
currunt round is : 25
Oppotunistic Trader rolled 5
Oppotunistic Trader moved to square 13 : Go
Conservative Banker rolled 7
Conservative Banker moved to square 0 : Go
Aggressive Invester rolled 6
Aggressive Invester moved to square 9 : Go
Risk Taker rolled 6
Risk Taker moved to square 13 : Go
currunt round is : 26
Oppotunistic Trader rolled 5
Oppotunistic Trader moved to square 18 : Go
Conservative Banker rolled 9
Conservative Banker moved to square 9 : Go
Aggressive Invester rolled 6
Aggressive Invester moved to square 15 : Go
Risk Taker rolled 9
Risk Taker moved to square 22 : Go
currunt round is : 26
Oppotunistic Trader rolled 10
Oppotunistic Trader moved to square 28 : Go
Conservative Banker rolled 6
Conservative Banker moved to square 15 : Go
Aggressive Invester rolled 5
Aggressive Invester moved to square 20 : Go
Risk Taker rolled 4
Risk Taker moved to square 26 : Go
currunt round is : 26
Oppotunistic Trader rolled 12
Oppotunistic Trader moved to square 1 : Pettah
Conservative Banker rolled 12
Conservative Banker moved to square 27 : Go
Aggressive Invester rolled 9
Aggressive Invester moved to square 29 : Go
Risk Taker rolled 2
Risk Taker moved to square 28 : Go
currunt round is : 26
Oppotunistic Trader rolled 3
Oppotunistic Trader moved to square 4 : Go
Conservative Banker rolled 6
Conservative Banker moved to square 33 : Go
Aggressive Invester rolled 2
Aggressive Invester moved to square 31 : Go
Risk Taker rolled 10
Risk Taker moved to square 38 : Go
currunt round is : 27
Oppotunistic Trader rolled 9
Oppotunistic Trader moved to square 13 : Go
Conservative Banker rolled 5
Conservative Banker moved to square 38 : Go
Aggressive Invester rolled 11
Aggressive Invester moved to square 3 : Colombo Fort Railway Station
Risk Taker rolled 6
Risk Taker moved to square 5 : Go
currunt round is : 27
Oppotunistic Trader rolled 2
Oppotunistic Trader moved to square 15 : Go
Conservative Banker rolled 12
Conservative Banker moved to square 11 : Go
Aggressive Invester rolled 9
Aggressive Invester moved to square 12 : Go
Risk Taker rolled 9
Risk Taker moved to square 14 : Go
currunt round is : 27
Oppotunistic Trader rolled 6
Oppotunistic Trader moved to square 21 : Go
Conservative Banker rolled 6
Conservative Banker moved to square 17 : Go
Aggressive Invester rolled 8
Aggressive Invester moved to square 20 : Go
Risk Taker rolled 7
Risk Taker moved to square 21 : Go
currunt round is : 27
Oppotunistic Trader rolled 9
Oppotunistic Trader moved to square 30 : Go
Conservative Banker rolled 12
Conservative Banker moved to square 29 : Go
Aggressive Invester rolled 9
Aggressive Invester moved to square 29 : Go
Risk Taker rolled 12
Risk Taker moved to square 33 : Go
currunt round is : 27
Oppotunistic Trader rolled 8
Oppotunistic Trader moved to square 38 : Go
Conservative Banker rolled 2
Conservative Banker moved to square 31 : Go
Aggressive Invester rolled 6
Aggressive Invester moved to square 35 : Go
Risk Taker rolled 5
Risk Taker moved to square 38 : Go
currunt round is : 27
Oppotunistic Trader rolled 4
Oppotunistic Trader moved to square 3 : Colombo Fort Railway Station
Conservative Banker rolled 10
Conservative Banker moved to square 2 : Go
Aggressive Invester rolled 5
Aggressive Invester moved to square 1 : Pettah
Risk Taker rolled 3
Risk Taker moved to square 2 : Go
currunt round is : 27
Oppotunistic Trader rolled 9
Oppotunistic Trader moved to square 12 : Go
Conservative Banker rolled 2
Conservative Banker moved to square 4 : Go
Aggressive Invester rolled 4
Aggressive Invester moved to square 5 : Go
Risk Taker rolled 8
Risk Taker moved to square 10 : Go
currunt round is : 28
Oppotunistic Trader rolled 4
Oppotunistic Trader moved to square 16 : Go
Conservative Banker rolled 2
Conservative Banker moved to square 6 : Go
Aggressive Invester rolled 5
Aggressive Invester moved to square 10 : Go
Risk Taker rolled 9
Risk Taker moved to square 19 : Go
currunt round is : 28
Oppotunistic Trader rolled 6
Oppotunistic Trader moved to square 22 : Go
Conservative Banker rolled 3
Conservative Banker moved to square 9 : Go
Aggressive Invester rolled 3
Aggressive Invester moved to square 13 : Go
Risk Taker rolled 4
Risk Taker moved to square 23 : Go
currunt round is : 28
Oppotunistic Trader rolled 2
Oppotunistic Trader moved to square 24 : Go
Conservative Banker rolled 10
Conservative Banker moved to square 19 : Go
Aggressive Invester rolled 12
Aggressive Invester moved to square 25 : Go
Risk Taker rolled 5
Risk Taker moved to square 28 : Go
currunt round is : 28
Oppotunistic Trader rolled 12
Oppotunistic Trader moved to square 36 : Go
Conservative Banker rolled 5
Conservative Banker moved to square 24 : Go
Aggressive Invester rolled 8
Aggressive Invester moved to square 33 : Go
Risk Taker rolled 9
Risk Taker moved to square 37 : Go
currunt round is : 28
Oppotunistic Trader rolled 5
Oppotunistic Trader moved to square 2 : Go
Conservative Banker rolled 3
Conservative Banker moved to square 27 : Go
Aggressive Invester rolled 8
Aggressive Invester moved to square 2 : Go
Risk Taker rolled 11
Risk Taker moved to square 9 : Go
currunt round is : 28
Oppotunistic Trader rolled 3
Oppotunistic Trader moved to square 5 : Go
Conservative Banker rolled 11
Conservative Banker moved to square 38 : Go
Aggressive Invester rolled 2
Aggressive Invester moved to square 4 : Go
Risk Taker rolled 4
Risk Taker moved to square 13 : Go
currunt round is : 29
Oppotunistic Trader rolled 8
Oppotunistic Trader moved to square 13 : Go
Conservative Banker rolled 5
Conservative Banker moved to square 4 : Go
Aggressive Invester rolled 3
Aggressive Invester moved to square 7 : Go
Risk Taker rolled 2
Risk Taker moved to square 15 : Go
currunt round is : 29
Oppotunistic Trader rolled 3
Oppotunistic Trader moved to square 16 : Go
Conservative Banker rolled 3
Conservative Banker moved to square 7 : Go
Aggressive Invester rolled 6
Aggressive Invester moved to square 13 : Go
Risk Taker rolled 6
Risk Taker moved to square 21 : Go
currunt round is : 29
Oppotunistic Trader rolled 4
Oppotunistic Trader moved to square 20 : Go
Conservative Banker rolled 9
Conservative Banker moved to square 16 : Go
Aggressive Invester rolled 11
Aggressive Invester moved to square 24 : Go
Risk Taker rolled 8
Risk Taker moved to square 29 : Go
currunt round is : 29
Oppotunistic Trader rolled 8
Oppotunistic Trader moved to square 28 : Go
Conservative Banker rolled 12
Conservative Banker moved to square 28 : Go
Aggressive Invester rolled 8
Aggressive Invester moved to square 32 : Go
Risk Taker rolled 7
Risk Taker moved to square 36 : Go
currunt round is : 29
Oppotunistic Trader rolled 8
Oppotunistic Trader moved to square 36 : Go
Conservative Banker rolled 5
Conservative Banker moved to square 33 : Go
Aggressive Invester rolled 8
Aggressive Invester moved to square 1 : Pettah
Risk Taker rolled 7
Risk Taker moved to square 4 : Go
currunt round is : 29
Oppotunistic Trader rolled 9
Oppotunistic Trader moved to square 6 : Go
Conservative Banker rolled 3
Conservative Banker moved to square 36 : Go
Aggressive Invester rolled 3
Aggressive Invester moved to square 4 : Go
Risk Taker rolled 12
Risk Taker moved to square 16 : Go
currunt round is : 29
Oppotunistic Trader rolled 4
Oppotunistic Trader moved to square 10 : Go
Conservative Banker rolled 8
Conservative Banker moved to square 5 : Go
Aggressive Invester rolled 8
Aggressive Invester moved to square 12 : Go
Risk Taker rolled 4
Risk Taker moved to square 20 : Go
currunt round is : 30
Oppotunistic Trader rolled 6
Oppotunistic Trader moved to square 16 : Go
Conservative Banker rolled 8
Conservative Banker moved to square 13 : Go
Aggressive Invester rolled 4
Aggressive Invester moved to square 16 : Go
Risk Taker rolled 10
Risk Taker moved to square 30 : Go
currunt round is : 30
Oppotunistic Trader rolled 10
Oppotunistic Trader moved to square 26 : Go
Conservative Banker rolled 5
Conservative Banker moved to square 18 : Go
Aggressive Invester rolled 10
Aggressive Invester moved to square 26 : Go
Risk Taker rolled 11
Risk Taker moved to square 2 : Go
currunt round is : 30
Oppotunistic Trader rolled 7
Oppotunistic Trader moved to square 33 : Go
Conservative Banker rolled 3
Conservative Banker moved to square 21 : Go
Aggressive Invester rolled 2
Aggressive Invester moved to square 28 : Go
Risk Taker rolled 9
Risk Taker moved to square 11 : Go
currunt round is : 30
Oppotunistic Trader rolled 8
Oppotunistic Trader moved to square 2 : Go
Conservative Banker rolled 12
Conservative Banker moved to square 33 : Go
Aggressive Invester rolled 2
Aggressive Invester moved to square 30 : Go
Risk Taker rolled 12
Risk Taker moved to square 23 : Go
currunt round is : 30
Oppotunistic Trader rolled 9
Oppotunistic Trader moved to square 11 : Go
Conservative Banker rolled 8
Conservative Banker moved to square 2 : Go
Aggressive Invester rolled 6
Aggressive Invester moved to square 36 : Go
Risk Taker rolled 4
Risk Taker moved to square 27 : Go
currunt round is : 31
Oppotunistic Trader rolled 12
Oppotunistic Trader moved to square 23 : Go
Conservative Banker rolled 10
Conservative Banker moved to square 12 : Go
Aggressive Invester rolled 8
Aggressive Invester moved to square 5 : Go
Risk Taker rolled 6
Risk Taker moved to square 33 : Go
currunt round is : 31
Oppotunistic Trader rolled 12
Oppotunistic Trader moved to square 35 : Go
Conservative Banker rolled 9
Conservative Banker moved to square 21 : Go
Aggressive Invester rolled 5
Aggressive Invester moved to square 10 : Go
Risk Taker rolled 12
Risk Taker moved to square 6 : Go
currunt round is : 31
Oppotunistic Trader rolled 4
Oppotunistic Trader moved to square 0 : Go
Conservative Banker rolled 11
Conservative Banker moved to square 32 : Go
Aggressive Invester rolled 12
Aggressive Invester moved to square 22 : Go
Risk Taker rolled 8
Risk Taker moved to square 14 : Go
currunt round is : 31
Oppotunistic Trader rolled 5
Oppotunistic Trader moved to square 5 : Go
Conservative Banker rolled 3
Conservative Banker moved to square 35 : Go
Aggressive Invester rolled 3
Aggressive Invester moved to square 25 : Go
Risk Taker rolled 11
Risk Taker moved to square 25 : Go
currunt round is : 31
Oppotunistic Trader rolled 5
Oppotunistic Trader moved to square 10 : Go
Conservative Banker rolled 11
Conservative Banker moved to square 7 : Go
Aggressive Invester rolled 9
Aggressive Invester moved to square 34 : Go
Risk Taker rolled 8
Risk Taker moved to square 33 : Go
currunt round is : 32
Oppotunistic Trader rolled 10
Oppotunistic Trader moved to square 20 : Go
Conservative Banker rolled 8
Conservative Banker moved to square 15 : Go
Aggressive Invester rolled 4
Aggressive Invester moved to square 38 : Go
Risk Taker rolled 3
Risk Taker moved to square 36 : Go
currunt round is : 32
Oppotunistic Trader rolled 5
Oppotunistic Trader moved to square 25 : Go
Conservative Banker rolled 2
Conservative Banker moved to square 17 : Go
Aggressive Invester rolled 3
Aggressive Invester moved to square 2 : Go
Risk Taker rolled 12
Risk Taker moved to square 9 : Go
currunt round is : 32
Oppotunistic Trader rolled 6
Oppotunistic Trader moved to square 31 : Go
Conservative Banker rolled 5
Conservative Banker moved to square 22 : Go
Aggressive Invester rolled 2
Aggressive Invester moved to square 4 : Go
Risk Taker rolled 5
Risk Taker moved to square 14 : Go
currunt round is : 32
Oppotunistic Trader rolled 3
Oppotunistic Trader moved to square 34 : Go
Conservative Banker rolled 8
Conservative Banker moved to square 30 : Go
Aggressive Invester rolled 9
Aggressive Invester moved to square 13 : Go
Risk Taker rolled 11
Risk Taker moved to square 25 : Go
currunt round is : 32
Oppotunistic Trader rolled 4
Oppotunistic Trader moved to square 38 : Go
Conservative Banker rolled 10
Conservative Banker moved to square 1 : Pettah
Aggressive Invester rolled 10
Aggressive Invester moved to square 23 : Go
Risk Taker rolled 5
Risk Taker moved to square 30 : Go
currunt round is : 32
Oppotunistic Trader rolled 7
Oppotunistic Trader moved to square 6 : Go
Conservative Banker rolled 8
Conservative Banker moved to square 9 : Go
Aggressive Invester rolled 9
Aggressive Invester moved to square 32 : Go
Risk Taker rolled 8
Risk Taker moved to square 38 : Go
currunt round is : 32
Oppotunistic Trader rolled 7
Oppotunistic Trader moved to square 13 : Go
Conservative Banker rolled 11
Conservative Banker moved to square 20 : Go
Aggressive Invester rolled 6
Aggressive Invester moved to square 38 : Go
Risk Taker rolled 10
Risk Taker moved to square 9 : Go
currunt round is : 33
Oppotunistic Trader rolled 7
Oppotunistic Trader moved to square 20 : Go
Conservative Banker rolled 11
Conservative Banker moved to square 31 : Go
Aggressive Invester rolled 5
Aggressive Invester moved to square 4 : Go
Risk Taker rolled 3
Risk Taker moved to square 12 : Go
currunt round is : 33
Oppotunistic Trader rolled 6
Oppotunistic Trader moved to square 26 : Go
Conservative Banker rolled 5
Conservative Banker moved to square 36 : Go
Aggressive Invester rolled 4
Aggressive Invester moved to square 8 : Go
Risk Taker rolled 9
Risk Taker moved to square 21 : Go
currunt round is : 33
Oppotunistic Trader rolled 5
Oppotunistic Trader moved to square 31 : Go
Conservative Banker rolled 5
Conservative Banker moved to square 2 : Go
Aggressive Invester rolled 7
Aggressive Invester moved to square 15 : Go
Risk Taker rolled 10
Risk Taker moved to square 31 : Go
currunt round is : 33
Oppotunistic Trader rolled 7
Oppotunistic Trader moved to square 38 : Go
Conservative Banker rolled 5
Conservative Banker moved to square 7 : Go
Aggressive Invester rolled 11
Aggressive Invester moved to square 26 : Go
Risk Taker rolled 8
Risk Taker moved to square 0 : Go
currunt round is : 33
Oppotunistic Trader rolled 11
Oppotunistic Trader moved to square 10 : Go
Conservative Banker rolled 6
Conservative Banker moved to square 13 : Go
Aggressive Invester rolled 6
Aggressive Invester moved to square 32 : Go
Risk Taker rolled 11
Risk Taker moved to square 11 : Go
currunt round is : 33
Oppotunistic Trader rolled 12
Oppotunistic Trader moved to square 22 : Go
Conservative Banker rolled 12
Conservative Banker moved to square 25 : Go
Aggressive Invester rolled 12
Aggressive Invester moved to square 5 : Go
Risk Taker rolled 6
Risk Taker moved to square 17 : Go
currunt round is : 34
Oppotunistic Trader rolled 7
Oppotunistic Trader moved to square 29 : Go
Conservative Banker rolled 9
Conservative Banker moved to square 34 : Go
Aggressive Invester rolled 12
Aggressive Invester moved to square 17 : Go
Risk Taker rolled 2
Risk Taker moved to square 19 : Go
currunt round is : 34
Oppotunistic Trader rolled 5
Oppotunistic Trader moved to square 34 : Go
Conservative Banker rolled 5
Conservative Banker moved to square 0 : Go
Aggressive Invester rolled 8
Aggressive Invester moved to square 25 : Go
Risk Taker rolled 10
Risk Taker moved to square 29 : Go
currunt round is : 34
Oppotunistic Trader rolled 4
Oppotunistic Trader moved to square 38 : Go
Conservative Banker rolled 12
Conservative Banker moved to square 12 : Go
Aggressive Invester rolled 11
Aggressive Invester moved to square 36 : Go
Risk Taker rolled 6
Risk Taker moved to square 35 : Go
currunt round is : 34
Oppotunistic Trader rolled 4
Oppotunistic Trader moved to square 3 : Colombo Fort Railway Station
Conservative Banker rolled 12
Conservative Banker moved to square 24 : Go
Aggressive Invester rolled 12
Aggressive Invester moved to square 9 : Go
Risk Taker rolled 6
Risk Taker moved to square 2 : Go
currunt round is : 34
Oppotunistic Trader rolled 2
Oppotunistic Trader moved to square 5 : Go
Conservative Banker rolled 4
Conservative Banker moved to square 28 : Go
Aggressive Invester rolled 12
Aggressive Invester moved to square 21 : Go
Risk Taker rolled 7
Risk Taker moved to square 9 : Go
currunt round is : 35
Oppotunistic Trader rolled 7
Oppotunistic Trader moved to square 12 : Go
Conservative Banker rolled 10
Conservative Banker moved to square 38 : Go
Aggressive Invester rolled 2
Aggressive Invester moved to square 23 : Go
Risk Taker rolled 3
Risk Taker moved to square 12 : Go
currunt round is : 35
Oppotunistic Trader rolled 12
Oppotunistic Trader moved to square 24 : Go
Conservative Banker rolled 4
Conservative Banker moved to square 3 : Colombo Fort Railway Station
Aggressive Invester rolled 12
Aggressive Invester moved to square 35 : Go
Risk Taker rolled 12
Risk Taker moved to square 24 : Go
currunt round is : 35
Oppotunistic Trader rolled 4
Oppotunistic Trader moved to square 28 : Go
Conservative Banker rolled 12
Conservative Banker moved to square 15 : Go
Aggressive Invester rolled 5
Aggressive Invester moved to square 1 : Pettah
Risk Taker rolled 7
Risk Taker moved to square 31 : Go
currunt round is : 35
Oppotunistic Trader rolled 6
Oppotunistic Trader moved to square 34 : Go
Conservative Banker rolled 3
Conservative Banker moved to square 18 : Go
Aggressive Invester rolled 7
Aggressive Invester moved to square 8 : Go
Risk Taker rolled 7
Risk Taker moved to square 38 : Go
currunt round is : 35
Oppotunistic Trader rolled 6
Oppotunistic Trader moved to square 1 : Pettah
Conservative Banker rolled 3
Conservative Banker moved to square 21 : Go
Aggressive Invester rolled 4
Aggressive Invester moved to square 12 : Go
Risk Taker rolled 6
Risk Taker moved to square 5 : Go
currunt round is : 35
Oppotunistic Trader rolled 11
Oppotunistic Trader moved to square 12 : Go
Conservative Banker rolled 12
Conservative Banker moved to square 33 : Go
Aggressive Invester rolled 11
Aggressive Invester moved to square 23 : Go
Risk Taker rolled 11
Risk Taker moved to square 16 : Go
currunt round is : 36
Oppotunistic Trader rolled 9
Oppotunistic Trader moved to square 21 : Go
Conservative Banker rolled 8
Conservative Banker moved to square 2 : Go
Aggressive Invester rolled 4
Aggressive Invester moved to square 27 : Go
Risk Taker rolled 9
Risk Taker moved to square 25 : Go
currunt round is : 36
Oppotunistic Trader rolled 10
Oppotunistic Trader moved to square 31 : Go
Conservative Banker rolled 3
Conservative Banker moved to square 5 : Go
Aggressive Invester rolled 2
Aggressive Invester moved to square 29 : Go
Risk Taker rolled 4
Risk Taker moved to square 29 : Go
currunt round is : 36
Oppotunistic Trader rolled 10
Oppotunistic Trader moved to square 2 : Go
Conservative Banker rolled 11
Conservative Banker moved to square 16 : Go
Aggressive Invester rolled 5
Aggressive Invester moved to square 34 : Go
Risk Taker rolled 9
Risk Taker moved to square 38 : Go
currunt round is : 36
Oppotunistic Trader rolled 3
Oppotunistic Trader moved to square 5 : Go
Conservative Banker rolled 2
Conservative Banker moved to square 18 : Go
Aggressive Invester rolled 6
Aggressive Invester moved to square 1 : Pettah
Risk Taker rolled 3
Risk Taker moved to square 2 : Go
currunt round is : 37
Oppotunistic Trader rolled 10
Oppotunistic Trader moved to square 15 : Go
Conservative Banker rolled 10
Conservative Banker moved to square 28 : Go
Aggressive Invester rolled 8
Aggressive Invester moved to square 9 : Go
Risk Taker rolled 3
Risk Taker moved to square 5 : Go
currunt round is : 37
Oppotunistic Trader rolled 11
Oppotunistic Trader moved to square 26 : Go
Conservative Banker rolled 3
Conservative Banker moved to square 31 : Go
Aggressive Invester rolled 6
Aggressive Invester moved to square 15 : Go
Risk Taker rolled 2
Risk Taker moved to square 7 : Go
currunt round is : 37
Oppotunistic Trader rolled 2
Oppotunistic Trader moved to square 28 : Go
Conservative Banker rolled 9
Conservative Banker moved to square 1 : Pettah
Aggressive Invester rolled 5
Aggressive Invester moved to square 20 : Go
Risk Taker rolled 11
Risk Taker moved to square 18 : Go
currunt round is : 37
Oppotunistic Trader rolled 6
Oppotunistic Trader moved to square 34 : Go
Conservative Banker rolled 3
Conservative Banker moved to square 4 : Go
Aggressive Invester rolled 7
Aggressive Invester moved to square 27 : Go
Risk Taker rolled 2
Risk Taker moved to square 20 : Go
currunt round is : 37
Oppotunistic Trader rolled 9
Oppotunistic Trader moved to square 4 : Go
Conservative Banker rolled 10
Conservative Banker moved to square 14 : Go
Aggressive Invester rolled 7
Aggressive Invester moved to square 34 : Go
Risk Taker rolled 6
Risk Taker moved to square 26 : Go
currunt round is : 37
Oppotunistic Trader rolled 9
Oppotunistic Trader moved to square 13 : Go
Conservative Banker rolled 7
Conservative Banker moved to square 21 : Go
Aggressive Invester rolled 6
Aggressive Invester moved to square 1 : Pettah
Risk Taker rolled 4
Risk Taker moved to square 30 : Go
currunt round is : 38
Oppotunistic Trader rolled 6
Oppotunistic Trader moved to square 19 : Go
Conservative Banker rolled 9
Conservative Banker moved to square 30 : Go
Aggressive Invester rolled 10
Aggressive Invester moved to square 11 : Go
Risk Taker rolled 5
Risk Taker moved to square 35 : Go
currunt round is : 38
Oppotunistic Trader rolled 7
Oppotunistic Trader moved to square 26 : Go
Conservative Banker rolled 3
Conservative Banker moved to square 33 : Go
Aggressive Invester rolled 6
Aggressive Invester moved to square 17 : Go
Risk Taker rolled 5
Risk Taker moved to square 1 : Pettah
currunt round is : 38
Oppotunistic Trader rolled 11
Oppotunistic Trader moved to square 37 : Go
Conservative Banker rolled 10
Conservative Banker moved to square 4 : Go
Aggressive Invester rolled 4
Aggressive Invester moved to square 21 : Go
Risk Taker rolled 7
Risk Taker moved to square 8 : Go
currunt round is : 38
Oppotunistic Trader rolled 9
Oppotunistic Trader moved to square 7 : Go
Conservative Banker rolled 9
Conservative Banker moved to square 13 : Go
Aggressive Invester rolled 6
Aggressive Invester moved to square 27 : Go
Risk Taker rolled 9
Risk Taker moved to square 17 : Go
currunt round is : 38
Oppotunistic Trader rolled 3
Oppotunistic Trader moved to square 10 : Go
Conservative Banker rolled 9
Conservative Banker moved to square 22 : Go
Aggressive Invester rolled 5
Aggressive Invester moved to square 32 : Go
Risk Taker rolled 7
Risk Taker moved to square 24 : Go
currunt round is : 39
Oppotunistic Trader rolled 8
Oppotunistic Trader moved to square 18 : Go
Conservative Banker rolled 11
Conservative Banker moved to square 33 : Go
Aggressive Invester rolled 5
Aggressive Invester moved to square 37 : Go
Risk Taker rolled 2
Risk Taker moved to square 26 : Go
currunt round is : 39
Oppotunistic Trader rolled 6
Oppotunistic Trader moved to square 24 : Go
Conservative Banker rolled 10
Conservative Banker moved to square 4 : Go
Aggressive Invester rolled 4
Aggressive Invester moved to square 2 : Go
Risk Taker rolled 11
Risk Taker moved to square 37 : Go
currunt round is : 39
Oppotunistic Trader rolled 3
Oppotunistic Trader moved to square 27 : Go
Conservative Banker rolled 8
Conservative Banker moved to square 12 : Go
Aggressive Invester rolled 3
Aggressive Invester moved to square 5 : Go
Risk Taker rolled 5
Risk Taker moved to square 3 : Colombo Fort Railway Station
currunt round is : 39
Oppotunistic Trader rolled 2
Oppotunistic Trader moved to square 29 : Go
Conservative Banker rolled 9
Conservative Banker moved to square 21 : Go
Aggressive Invester rolled 8
Aggressive Invester moved to square 13 : Go
Risk Taker rolled 7
Risk Taker moved to square 10 : Go
currunt round is : 39
Oppotunistic Trader rolled 10
Oppotunistic Trader moved to square 0 : Go
Conservative Banker rolled 10
Conservative Banker moved to square 31 : Go
Aggressive Invester rolled 8
Aggressive Invester moved to square 21 : Go
Risk Taker rolled 7
Risk Taker moved to square 17 : Go
currunt round is : 39
Oppotunistic Trader rolled 7
Oppotunistic Trader moved to square 7 : Go
Conservative Banker rolled 11
Conservative Banker moved to square 3 : Colombo Fort Railway Station
Aggressive Invester rolled 10
Aggressive Invester moved to square 31 : Go
Risk Taker rolled 2
Risk Taker moved to square 19 : Go
currunt round is : 39
Oppotunistic Trader rolled 7
Oppotunistic Trader moved to square 14 : Go
Conservative Banker rolled 3
Conservative Banker moved to square 6 : Go
Aggressive Invester rolled 9
Aggressive Invester moved to square 1 : Pettah
Risk Taker rolled 6
Risk Taker moved to square 25 : Go
currunt round is : 40
Oppotunistic Trader rolled 8
Oppotunistic Trader moved to square 22 : Go
Conservative Banker rolled 11
Conservative Banker moved to square 17 : Go
Aggressive Invester rolled 11
Aggressive Invester moved to square 12 : Go
Risk Taker rolled 3
Risk Taker moved to square 28 : Go
currunt round is : 40
Oppotunistic Trader rolled 7
Oppotunistic Trader moved to square 29 : Go
Conservative Banker rolled 12
Conservative Banker moved to square 29 : Go
Aggressive Invester rolled 12
Aggressive Invester moved to square 24 : Go
Risk Taker rolled 9
Risk Taker moved to square 37 : Go
currunt round is : 40
Oppotunistic Trader rolled 7
Oppotunistic Trader moved to square 36 : Go
Conservative Banker rolled 3
Conservative Banker moved to square 32 : Go
Aggressive Invester rolled 7
Aggressive Invester moved to square 31 : Go
Risk Taker rolled 8
Risk Taker moved to square 6 : Go
currunt round is : 40
Oppotunistic Trader rolled 7
Oppotunistic Trader moved to square 4 : Go
Conservative Banker rolled 6
Conservative Banker moved to square 38 : Go
Aggressive Invester rolled 9
Aggressive Invester moved to square 1 : Pettah
Risk Taker rolled 7
Risk Taker moved to square 13 : Go
currunt round is : 40
Oppotunistic Trader rolled 2
Oppotunistic Trader moved to square 6 : Go
Conservative Banker rolled 4
Conservative Banker moved to square 3 : Colombo Fort Railway Station
Aggressive Invester rolled 11
Aggressive Invester moved to square 12 : Go
Risk Taker rolled 9
Risk Taker moved to square 22 : Go
currunt round is : 41
Oppotunistic Trader rolled 10
Oppotunistic Trader moved to square 16 : Go
Conservative Banker rolled 6
Conservative Banker moved to square 9 : Go
Aggressive Invester rolled 3
Aggressive Invester moved to square 15 : Go
Risk Taker rolled 3
Risk Taker moved to square 25 : Go
currunt round is : 41
Oppotunistic Trader rolled 4
Oppotunistic Trader moved to square 20 : Go
Conservative Banker rolled 11
Conservative Banker moved to square 20 : Go
Aggressive Invester rolled 3
Aggressive Invester moved to square 18 : Go
Risk Taker rolled 7
Risk Taker moved to square 32 : Go
currunt round is : 41
Oppotunistic Trader rolled 11
Oppotunistic Trader moved to square 31 : Go
Conservative Banker rolled 8
Conservative Banker moved to square 28 : Go
Aggressive Invester rolled 11
Aggressive Invester moved to square 29 : Go
Risk Taker rolled 6
Risk Taker moved to square 38 : Go
currunt round is : 41
Oppotunistic Trader rolled 6
Oppotunistic Trader moved to square 37 : Go
Conservative Banker rolled 7
Conservative Banker moved to square 35 : Go
Aggressive Invester rolled 6
Aggressive Invester moved to square 35 : Go
Risk Taker rolled 9
Risk Taker moved to square 8 : Go
currunt round is : 41
Oppotunistic Trader rolled 4
Oppotunistic Trader moved to square 2 : Go
Conservative Banker rolled 5
Conservative Banker moved to square 1 : Pettah
Aggressive Invester rolled 5
Aggressive Invester moved to square 1 : Pettah
Risk Taker rolled 10
Risk Taker moved to square 18 : Go
currunt round is : 41
Oppotunistic Trader rolled 5
Oppotunistic Trader moved to square 7 : Go
Conservative Banker rolled 11
Conservative Banker moved to square 12 : Go
Aggressive Invester rolled 3
Aggressive Invester moved to square 4 : Go
Risk Taker rolled 10
Risk Taker moved to square 28 : Go
currunt round is : 42
Oppotunistic Trader rolled 2
Oppotunistic Trader moved to square 9 : Go
Conservative Banker rolled 11
Conservative Banker moved to square 23 : Go
Aggressive Invester rolled 3
Aggressive Invester moved to square 7 : Go
Risk Taker rolled 12
Risk Taker moved to square 1 : Pettah
currunt round is : 42
Oppotunistic Trader rolled 11
Oppotunistic Trader moved to square 20 : Go
Conservative Banker rolled 12
Conservative Banker moved to square 35 : Go
Aggressive Invester rolled 8
Aggressive Invester moved to square 15 : Go
Risk Taker rolled 9
Risk Taker moved to square 10 : Go
currunt round is : 42
Oppotunistic Trader rolled 5
Oppotunistic Trader moved to square 25 : Go
Conservative Banker rolled 9
Conservative Banker moved to square 5 : Go
Aggressive Invester rolled 8
Aggressive Invester moved to square 23 : Go
Risk Taker rolled 6
Risk Taker moved to square 16 : Go
currunt round is : 42
Oppotunistic Trader rolled 5
Oppotunistic Trader moved to square 30 : Go
Conservative Banker rolled 9
Conservative Banker moved to square 14 : Go
Aggressive Invester rolled 9
Aggressive Invester moved to square 32 : Go
Risk Taker rolled 3
Risk Taker moved to square 19 : Go
currunt round is : 42
Oppotunistic Trader rolled 4
Oppotunistic Trader moved to square 34 : Go
Conservative Banker rolled 6
Conservative Banker moved to square 20 : Go
Aggressive Invester rolled 6
Aggressive Invester moved to square 38 : Go
Risk Taker rolled 7
Risk Taker moved to square 26 : Go
currunt round is : 42
Oppotunistic Trader rolled 9
Oppotunistic Trader moved to square 4 : Go
Conservative Banker rolled 8
Conservative Banker moved to square 28 : Go
Aggressive Invester rolled 12
Aggressive Invester moved to square 11 : Go
Risk Taker rolled 12
Risk Taker moved to square 38 : Go
currunt round is : 42
Oppotunistic Trader rolled 9
Oppotunistic Trader moved to square 13 : Go
Conservative Banker rolled 5
Conservative Banker moved to square 33 : Go
Aggressive Invester rolled 9
Aggressive Invester moved to square 20 : Go
Risk Taker rolled 12
Risk Taker moved to square 11 : Go
currunt round is : 43
Oppotunistic Trader rolled 12
Oppotunistic Trader moved to square 25 : Go
Conservative Banker rolled 8
Conservative Banker moved to square 2 : Go
Aggressive Invester rolled 10
Aggressive Invester moved to square 30 : Go
Risk Taker rolled 12
Risk Taker moved to square 23 : Go
currunt round is : 43
Oppotunistic Trader rolled 6
Oppotunistic Trader moved to square 31 : Go
Conservative Banker rolled 11
Conservative Banker moved to square 13 : Go
Aggressive Invester rolled 11
Aggressive Invester moved to square 2 : Go
Risk Taker rolled 5
Risk Taker moved to square 28 : Go
currunt round is : 43
Oppotunistic Trader rolled 8
Oppotunistic Trader moved to square 0 : Go
Conservative Banker rolled 6
Conservative Banker moved to square 19 : Go
Aggressive Invester rolled 12
Aggressive Invester moved to square 14 : Go
Risk Taker rolled 11
Risk Taker moved to square 0 : Go
currunt round is : 43
Oppotunistic Trader rolled 11
Oppotunistic Trader moved to square 11 : Go
Conservative Banker rolled 7
Conservative Banker moved to square 26 : Go
Aggressive Invester rolled 2
Aggressive Invester moved to square 16 : Go
Risk Taker rolled 4
Risk Taker moved to square 4 : Go
currunt round is : 43
Oppotunistic Trader rolled 12
Oppotunistic Trader moved to square 23 : Go
Conservative Banker rolled 8
Conservative Banker moved to square 34 : Go
Aggressive Invester rolled 3
Aggressive Invester moved to square 19 : Go
Risk Taker rolled 12
Risk Taker moved to square 16 : Go
currunt round is : 44
Oppotunistic Trader rolled 12
Oppotunistic Trader moved to square 35 : Go
Conservative Banker rolled 7
Conservative Banker moved to square 2 : Go
Aggressive Invester rolled 4
Aggressive Invester moved to square 23 : Go
Risk Taker rolled 8
Risk Taker moved to square 24 : Go
currunt round is : 44
Oppotunistic Trader rolled 2
Oppotunistic Trader moved to square 37 : Go
Conservative Banker rolled 4
Conservative Banker moved to square 6 : Go
Aggressive Invester rolled 5
Aggressive Invester moved to square 28 : Go
Risk Taker rolled 10
Risk Taker moved to square 34 : Go
currunt round is : 44
Oppotunistic Trader rolled 7
Oppotunistic Trader moved to square 5 : Go
Conservative Banker rolled 12
Conservative Banker moved to square 18 : Go
Aggressive Invester rolled 7
Aggressive Invester moved to square 35 : Go
Risk Taker rolled 6
Risk Taker moved to square 1 : Pettah
currunt round is : 44
Oppotunistic Trader rolled 8
Oppotunistic Trader moved to square 13 : Go
Conservative Banker rolled 2
Conservative Banker moved to square 20 : Go
Aggressive Invester rolled 3
Aggressive Invester moved to square 38 : Go
Risk Taker rolled 10
Risk Taker moved to square 11 : Go
currunt round is : 45
Oppotunistic Trader rolled 11
Oppotunistic Trader moved to square 24 : Go
Conservative Banker rolled 11
Conservative Banker moved to square 31 : Go
Aggressive Invester rolled 2
Aggressive Invester moved to square 1 : Pettah
Risk Taker rolled 6
Risk Taker moved to square 17 : Go
currunt round is : 45
Oppotunistic Trader rolled 2
Oppotunistic Trader moved to square 26 : Go
Conservative Banker rolled 10
Conservative Banker moved to square 2 : Go
Aggressive Invester rolled 3
Aggressive Invester moved to square 4 : Go
Risk Taker rolled 12
Risk Taker moved to square 29 : Go
currunt round is : 45
Oppotunistic Trader rolled 2
Oppotunistic Trader moved to square 28 : Go
Conservative Banker rolled 12
Conservative Banker moved to square 14 : Go
Aggressive Invester rolled 3
Aggressive Invester moved to square 7 : Go
Risk Taker rolled 12
Risk Taker moved to square 2 : Go
currunt round is : 45
Oppotunistic Trader rolled 7
Oppotunistic Trader moved to square 35 : Go
Conservative Banker rolled 4
Conservative Banker moved to square 18 : Go
Aggressive Invester rolled 10
Aggressive Invester moved to square 17 : Go
Risk Taker rolled 4
Risk Taker moved to square 6 : Go
currunt round is : 45
Oppotunistic Trader rolled 8
Oppotunistic Trader moved to square 4 : Go
Conservative Banker rolled 12
Conservative Banker moved to square 30 : Go
Aggressive Invester rolled 11
Aggressive Invester moved to square 28 : Go
Risk Taker rolled 6
Risk Taker moved to square 12 : Go
currunt round is : 45
Oppotunistic Trader rolled 3
Oppotunistic Trader moved to square 7 : Go
Conservative Banker rolled 3
Conservative Banker moved to square 33 : Go
Aggressive Invester rolled 12
Aggressive Invester moved to square 1 : Pettah
Risk Taker rolled 6
Risk Taker moved to square 18 : Go
currunt round is : 46
Oppotunistic Trader rolled 12
Oppotunistic Trader moved to square 19 : Go
Conservative Banker rolled 7
Conservative Banker moved to square 1 : Pettah
Aggressive Invester rolled 8
Aggressive Invester moved to square 9 : Go
Risk Taker rolled 5
Risk Taker moved to square 23 : Go
currunt round is : 46
Oppotunistic Trader rolled 7
Oppotunistic Trader moved to square 26 : Go
Conservative Banker rolled 10
Conservative Banker moved to square 11 : Go
Aggressive Invester rolled 2
Aggressive Invester moved to square 11 : Go
Risk Taker rolled 4
Risk Taker moved to square 27 : Go
currunt round is : 46
Oppotunistic Trader rolled 6
Oppotunistic Trader moved to square 32 : Go
Conservative Banker rolled 12
Conservative Banker moved to square 23 : Go
Aggressive Invester rolled 6
Aggressive Invester moved to square 17 : Go
Risk Taker rolled 6
Risk Taker moved to square 33 : Go
currunt round is : 46
Oppotunistic Trader rolled 9
Oppotunistic Trader moved to square 2 : Go
Conservative Banker rolled 5
Conservative Banker moved to square 28 : Go
Aggressive Invester rolled 5
Aggressive Invester moved to square 22 : Go
Risk Taker rolled 10
Risk Taker moved to square 4 : Go
currunt round is : 46
Oppotunistic Trader rolled 3
Oppotunistic Trader moved to square 5 : Go
Conservative Banker rolled 4
Conservative Banker moved to square 32 : Go
Aggressive Invester rolled 7
Aggressive Invester moved to square 29 : Go
Risk Taker rolled 8
Risk Taker moved to square 12 : Go
currunt round is : 47
Oppotunistic Trader rolled 5
Oppotunistic Trader moved to square 10 : Go
Conservative Banker rolled 4
Conservative Banker moved to square 36 : Go
Aggressive Invester rolled 11
Aggressive Invester moved to square 1 : Pettah
Risk Taker rolled 11
Risk Taker moved to square 23 : Go
currunt round is : 47
Oppotunistic Trader rolled 4
Oppotunistic Trader moved to square 14 : Go
Conservative Banker rolled 7
Conservative Banker moved to square 4 : Go
Aggressive Invester rolled 2
Aggressive Invester moved to square 3 : Colombo Fort Railway Station
Risk Taker rolled 3
Risk Taker moved to square 26 : Go
currunt round is : 47
Oppotunistic Trader rolled 6
Oppotunistic Trader moved to square 20 : Go
Conservative Banker rolled 2
Conservative Banker moved to square 6 : Go
Aggressive Invester rolled 8
Aggressive Invester moved to square 11 : Go
Risk Taker rolled 3
Risk Taker moved to square 29 : Go
currunt round is : 47
Oppotunistic Trader rolled 5
Oppotunistic Trader moved to square 25 : Go
Conservative Banker rolled 3
Conservative Banker moved to square 9 : Go
Aggressive Invester rolled 6
Aggressive Invester moved to square 17 : Go
Risk Taker rolled 10
Risk Taker moved to square 0 : Go
currunt round is : 47
Oppotunistic Trader rolled 9
Oppotunistic Trader moved to square 34 : Go
Conservative Banker rolled 5
Conservative Banker moved to square 14 : Go
Aggressive Invester rolled 10
Aggressive Invester moved to square 27 : Go
Risk Taker rolled 2
Risk Taker moved to square 2 : Go
currunt round is : 47
Oppotunistic Trader rolled 4
Oppotunistic Trader moved to square 38 : Go
Conservative Banker rolled 4
Conservative Banker moved to square 18 : Go
Aggressive Invester rolled 5
Aggressive Invester moved to square 32 : Go
Risk Taker rolled 11
Risk Taker moved to square 13 : Go
currunt round is : 47
Oppotunistic Trader rolled 5
Oppotunistic Trader moved to square 4 : Go
Conservative Banker rolled 8
Conservative Banker moved to square 26 : Go
Aggressive Invester rolled 6
Aggressive Invester moved to square 38 : Go
Risk Taker rolled 6
Risk Taker moved to square 19 : Go
currunt round is : 47
Oppotunistic Trader rolled 11
Oppotunistic Trader moved to square 15 : Go
Conservative Banker rolled 10
Conservative Banker moved to square 36 : Go
Aggressive Invester rolled 2
Aggressive Invester moved to square 1 : Pettah
Risk Taker rolled 12
Risk Taker moved to square 31 : Go
currunt round is : 48
Oppotunistic Trader rolled 12
Oppotunistic Trader moved to square 27 : Go
Conservative Banker rolled 9
Conservative Banker moved to square 6 : Go
Aggressive Invester rolled 10
Aggressive Invester moved to square 11 : Go
Risk Taker rolled 12
Risk Taker moved to square 4 : Go
currunt round is : 48
Oppotunistic Trader rolled 12
Oppotunistic Trader moved to square 0 : Go
Conservative Banker rolled 8
Conservative Banker moved to square 14 : Go
Aggressive Invester rolled 3
Aggressive Invester moved to square 14 : Go
Risk Taker rolled 3
Risk Taker moved to square 7 : Go
currunt round is : 48
Oppotunistic Trader rolled 8
Oppotunistic Trader moved to square 8 : Go
Conservative Banker rolled 7
Conservative Banker moved to square 21 : Go
Aggressive Invester rolled 5
Aggressive Invester moved to square 19 : Go
Risk Taker rolled 11
Risk Taker moved to square 18 : Go
currunt round is : 48
Oppotunistic Trader rolled 6
Oppotunistic Trader moved to square 14 : Go
Conservative Banker rolled 7
Conservative Banker moved to square 28 : Go
Aggressive Invester rolled 7
Aggressive Invester moved to square 26 : Go
Risk Taker rolled 12
Risk Taker moved to square 30 : Go
currunt round is : 49
Oppotunistic Trader rolled 10
Oppotunistic Trader moved to square 24 : Go
Conservative Banker rolled 4
Conservative Banker moved to square 32 : Go
Aggressive Invester rolled 10
Aggressive Invester moved to square 36 : Go
Risk Taker rolled 12
Risk Taker moved to square 3 : Colombo Fort Railway Station
currunt round is : 49
Oppotunistic Trader rolled 4
Oppotunistic Trader moved to square 28 : Go
Conservative Banker rolled 2
Conservative Banker moved to square 34 : Go
Aggressive Invester rolled 9
Aggressive Invester moved to square 6 : Go
Risk Taker rolled 8
Risk Taker moved to square 11 : Go
currunt round is : 49
Oppotunistic Trader rolled 9
Oppotunistic Trader moved to square 37 : Go
Conservative Banker rolled 11
Conservative Banker moved to square 6 : Go
Aggressive Invester rolled 12
Aggressive Invester moved to square 18 : Go
Risk Taker rolled 5
Risk Taker moved to square 16 : Go
currunt round is : 49
Oppotunistic Trader rolled 8
Oppotunistic Trader moved to square 6 : Go
Conservative Banker rolled 10
Conservative Banker moved to square 16 : Go
Aggressive Invester rolled 2
Aggressive Invester moved to square 20 : Go
Risk Taker rolled 6
Risk Taker moved to square 22 : Go
currunt round is : 49
Oppotunistic Trader rolled 4
Oppotunistic Trader moved to square 10 : Go
Conservative Banker rolled 8
Conservative Banker moved to square 24 : Go
Aggressive Invester rolled 5
Aggressive Invester moved to square 25 : Go
Risk Taker rolled 3
Risk Taker moved to square 25 : Go
currunt round is : 50
Oppotunistic Trader rolled 3
Oppotunistic Trader moved to square 13 : Go
Conservative Banker rolled 4
Conservative Banker moved to square 28 : Go
Aggressive Invester rolled 5
Aggressive Invester moved to square 30 : Go
Risk Taker rolled 10
Risk Taker moved to square 35 : Go
currunt round is : 50
Oppotunistic Trader rolled 7
Oppotunistic Trader moved to square 20 : Go
Conservative Banker rolled 6
Conservative Banker moved to square 34 : Go
Aggressive Invester rolled 6
Aggressive Invester moved to square 36 : Go
Risk Taker rolled 12
Risk Taker moved to square 8 : Go
currunt round is : 50
Oppotunistic Trader rolled 11
Oppotunistic Trader moved to square 31 : Go
Conservative Banker rolled 9
Conservative Banker moved to square 4 : Go
Aggressive Invester rolled 11
Aggressive Invester moved to square 8 : Go
Risk Taker rolled 9
Risk Taker moved to square 17 : Go
currunt round is : 50
Oppotunistic Trader rolled 10
Oppotunistic Trader moved to square 2 : Go
Conservative Banker rolled 8
Conservative Banker moved to square 12 : Go
Aggressive Invester rolled 6
Aggressive Invester moved to square 14 : Go
Risk Taker rolled 12
Risk Taker moved to square 29 : Go
currunt round is : 50
Oppotunistic Trader rolled 7
Oppotunistic Trader moved to square 9 : Go
Conservative Banker rolled 11
Conservative Banker moved to square 23 : Go
Aggressive Invester rolled 5
Aggressive Invester moved to square 19 : Go
Risk Taker rolled 3
Risk Taker moved to square 32 : Go
currunt round is : 51
Oppotunistic Trader rolled 8
Oppotunistic Trader moved to square 17 : Go
Conservative Banker rolled 5
Conservative Banker moved to square 28 : Go
Aggressive Invester rolled 4
Aggressive Invester moved to square 23 : Go
Risk Taker rolled 12
Risk Taker moved to square 5 : Go
currunt round is : 51
Oppotunistic Trader rolled 11
Oppotunistic Trader moved to square 28 : Go
Conservative Banker rolled 2
Conservative Banker moved to square 30 : Go
Aggressive Invester rolled 5
Aggressive Invester moved to square 28 : Go
Risk Taker rolled 3
Risk Taker moved to square 8 : Go
currunt round is : 51
Oppotunistic Trader rolled 8
Oppotunistic Trader moved to square 36 : Go
Conservative Banker rolled 7
Conservative Banker moved to square 37 : Go
Aggressive Invester rolled 2
Aggressive Invester moved to square 30 : Go
Risk Taker rolled 9
Risk Taker moved to square 17 : Go
currunt round is : 51
Oppotunistic Trader rolled 9
Oppotunistic Trader moved to square 6 : Go
Conservative Banker rolled 3
Conservative Banker moved to square 1 : Pettah
Aggressive Invester rolled 4
Aggressive Invester moved to square 34 : Go
Risk Taker rolled 2
Risk Taker moved to square 19 : Go
currunt round is : 51
Oppotunistic Trader rolled 7
Oppotunistic Trader moved to square 13 : Go
Conservative Banker rolled 7
Conservative Banker moved to square 8 : Go
Aggressive Invester rolled 12
Aggressive Invester moved to square 7 : Go
Risk Taker rolled 4
Risk Taker moved to square 23 : Go
currunt round is : 52
Oppotunistic Trader rolled 3
Oppotunistic Trader moved to square 16 : Go
Conservative Banker rolled 8
Conservative Banker moved to square 16 : Go
Aggressive Invester rolled 9
Aggressive Invester moved to square 16 : Go
Risk Taker rolled 11
Risk Taker moved to square 34 : Go
currunt round is : 52
Oppotunistic Trader rolled 12
Oppotunistic Trader moved to square 28 : Go
Conservative Banker rolled 11
Conservative Banker moved to square 27 : Go
Aggressive Invester rolled 9
Aggressive Invester moved to square 25 : Go
Risk Taker rolled 6
Risk Taker moved to square 1 : Pettah
currunt round is : 52
Oppotunistic Trader rolled 8
Oppotunistic Trader moved to square 36 : Go
Conservative Banker rolled 12
Conservative Banker moved to square 0 : Go
Aggressive Invester rolled 7
Aggressive Invester moved to square 32 : Go
Risk Taker rolled 3
Risk Taker moved to square 4 : Go
currunt round is : 52
Oppotunistic Trader rolled 2
Oppotunistic Trader moved to square 38 : Go
Conservative Banker rolled 7
Conservative Banker moved to square 7 : Go
Aggressive Invester rolled 2
Aggressive Invester moved to square 34 : Go
Risk Taker rolled 12
Risk Taker moved to square 16 : Go
currunt round is : 52
Oppotunistic Trader rolled 7
Oppotunistic Trader moved to square 6 : Go
Conservative Banker rolled 4
Conservative Banker moved to square 11 : Go
Aggressive Invester rolled 11
Aggressive Invester moved to square 6 : Go
Risk Taker rolled 11
Risk Taker moved to square 27 : Go
currunt round is : 52
Oppotunistic Trader rolled 9
Oppotunistic Trader moved to square 15 : Go
Conservative Banker rolled 9
Conservative Banker moved to square 20 : Go
Aggressive Invester rolled 8
Aggressive Invester moved to square 14 : Go
Risk Taker rolled 3
Risk Taker moved to square 30 : Go
currunt round is : 53
Oppotunistic Trader rolled 11
Oppotunistic Trader moved to square 26 : Go
Conservative Banker rolled 10
Conservative Banker moved to square 30 : Go
Aggressive Invester rolled 3
Aggressive Invester moved to square 17 : Go
Risk Taker rolled 3
Risk Taker moved to square 33 : Go
currunt round is : 53
Oppotunistic Trader rolled 4
Oppotunistic Trader moved to square 30 : Go
Conservative Banker rolled 2
Conservative Banker moved to square 32 : Go
Aggressive Invester rolled 3
Aggressive Invester moved to square 20 : Go
Risk Taker rolled 4
Risk Taker moved to square 37 : Go
currunt round is : 53
Oppotunistic Trader rolled 6
Oppotunistic Trader moved to square 36 : Go
Conservative Banker rolled 10
Conservative Banker moved to square 3 : Colombo Fort Railway Station
Aggressive Invester rolled 11
Aggressive Invester moved to square 31 : Go
Risk Taker rolled 6
Risk Taker moved to square 4 : Go
currunt round is : 53
Oppotunistic Trader rolled 9
Oppotunistic Trader moved to square 6 : Go
Conservative Banker rolled 7
Conservative Banker moved to square 10 : Go
Aggressive Invester rolled 10
Aggressive Invester moved to square 2 : Go
Risk Taker rolled 2
Risk Taker moved to square 6 : Go
currunt round is : 53
Oppotunistic Trader rolled 5
Oppotunistic Trader moved to square 11 : Go
Conservative Banker rolled 3
Conservative Banker moved to square 13 : Go
Aggressive Invester rolled 3
Aggressive Invester moved to square 5 : Go
Risk Taker rolled 5
Risk Taker moved to square 11 : Go
currunt round is : 54
Oppotunistic Trader rolled 6
Oppotunistic Trader moved to square 17 : Go
Conservative Banker rolled 12
Conservative Banker moved to square 25 : Go
Aggressive Invester rolled 2
Aggressive Invester moved to square 7 : Go
Risk Taker rolled 10
Risk Taker moved to square 21 : Go
currunt round is : 54
Oppotunistic Trader rolled 3
Oppotunistic Trader moved to square 20 : Go
Conservative Banker rolled 9
Conservative Banker moved to square 34 : Go
Aggressive Invester rolled 8
Aggressive Invester moved to square 15 : Go
Risk Taker rolled 8
Risk Taker moved to square 29 : Go
currunt round is : 54
Oppotunistic Trader rolled 6
Oppotunistic Trader moved to square 26 : Go
Conservative Banker rolled 3
Conservative Banker moved to square 37 : Go
Aggressive Invester rolled 10
Aggressive Invester moved to square 25 : Go
Risk Taker rolled 2
Risk Taker moved to square 31 : Go
currunt round is : 54
Oppotunistic Trader rolled 10
Oppotunistic Trader moved to square 36 : Go
Conservative Banker rolled 9
Conservative Banker moved to square 7 : Go
Aggressive Invester rolled 12
Aggressive Invester moved to square 37 : Go
Risk Taker rolled 10
Risk Taker moved to square 2 : Go
currunt round is : 54
Oppotunistic Trader rolled 8
Oppotunistic Trader moved to square 5 : Go
Conservative Banker rolled 3
Conservative Banker moved to square 10 : Go
Aggressive Invester rolled 12
Aggressive Invester moved to square 10 : Go
Risk Taker rolled 12
Risk Taker moved to square 14 : Go
currunt round is : 54
Oppotunistic Trader rolled 11
Oppotunistic Trader moved to square 16 : Go
Conservative Banker rolled 11
Conservative Banker moved to square 21 : Go
Aggressive Invester rolled 5
Aggressive Invester moved to square 15 : Go
Risk Taker rolled 5
Risk Taker moved to square 19 : Go
currunt round is : 55
Oppotunistic Trader rolled 3
Oppotunistic Trader moved to square 19 : Go
Conservative Banker rolled 3
Conservative Banker moved to square 24 : Go
Aggressive Invester rolled 5
Aggressive Invester moved to square 20 : Go
Risk Taker rolled 6
Risk Taker moved to square 25 : Go
currunt round is : 55
Oppotunistic Trader rolled 2
Oppotunistic Trader moved to square 21 : Go
Conservative Banker rolled 4
Conservative Banker moved to square 28 : Go
Aggressive Invester rolled 8
Aggressive Invester moved to square 28 : Go
Risk Taker rolled 6
Risk Taker moved to square 31 : Go
currunt round is : 55
Oppotunistic Trader rolled 4
Oppotunistic Trader moved to square 25 : Go
Conservative Banker rolled 8
Conservative Banker moved to square 36 : Go
Aggressive Invester rolled 3
Aggressive Invester moved to square 31 : Go
Risk Taker rolled 3
Risk Taker moved to square 34 : Go
currunt round is : 55
Oppotunistic Trader rolled 3
Oppotunistic Trader moved to square 28 : Go
Conservative Banker rolled 10
Conservative Banker moved to square 7 : Go
Aggressive Invester rolled 8
Aggressive Invester moved to square 0 : Go
Risk Taker rolled 7
Risk Taker moved to square 2 : Go
currunt round is : 55
Oppotunistic Trader rolled 11
Oppotunistic Trader moved to square 0 : Go
Conservative Banker rolled 5
Conservative Banker moved to square 12 : Go
Aggressive Invester rolled 7
Aggressive Invester moved to square 7 : Go
Risk Taker rolled 6
Risk Taker moved to square 8 : Go
currunt round is : 55
Oppotunistic Trader rolled 10
Oppotunistic Trader moved to square 10 : Go
Conservative Banker rolled 6
Conservative Banker moved to square 18 : Go
Aggressive Invester rolled 4
Aggressive Invester moved to square 11 : Go
Risk Taker rolled 5
Risk Taker moved to square 13 : Go
currunt round is : 55
Oppotunistic Trader rolled 5
Oppotunistic Trader moved to square 15 : Go
Conservative Banker rolled 3
Conservative Banker moved to square 21 : Go
Aggressive Invester rolled 5
Aggressive Invester moved to square 16 : Go
Risk Taker rolled 4
Risk Taker moved to square 17 : Go
currunt round is : 56
Oppotunistic Trader rolled 10
Oppotunistic Trader moved to square 25 : Go
Conservative Banker rolled 6
Conservative Banker moved to square 27 : Go
Aggressive Invester rolled 7
Aggressive Invester moved to square 23 : Go
Risk Taker rolled 12
Risk Taker moved to square 29 : Go
currunt round is : 56
Oppotunistic Trader rolled 5
Oppotunistic Trader moved to square 30 : Go
Conservative Banker rolled 9
Conservative Banker moved to square 36 : Go
Aggressive Invester rolled 5
Aggressive Invester moved to square 28 : Go
Risk Taker rolled 5
Risk Taker moved to square 34 : Go
currunt round is : 56
Oppotunistic Trader rolled 11
Oppotunistic Trader moved to square 2 : Go
Conservative Banker rolled 11
Conservative Banker moved to square 8 : Go
Aggressive Invester rolled 8
Aggressive Invester moved to square 36 : Go
Risk Taker rolled 11
Risk Taker moved to square 6 : Go
currunt round is : 56
Oppotunistic Trader rolled 5
Oppotunistic Trader moved to square 7 : Go
Conservative Banker rolled 9
Conservative Banker moved to square 17 : Go
Aggressive Invester rolled 2
Aggressive Invester moved to square 38 : Go
Risk Taker rolled 6
Risk Taker moved to square 12 : Go
currunt round is : 57
Oppotunistic Trader rolled 4
Oppotunistic Trader moved to square 11 : Go
Conservative Banker rolled 8
Conservative Banker moved to square 25 : Go
Aggressive Invester rolled 9
Aggressive Invester moved to square 8 : Go
Risk Taker rolled 12
Risk Taker moved to square 24 : Go
currunt round is : 57
Oppotunistic Trader rolled 9
Oppotunistic Trader moved to square 20 : Go
Conservative Banker rolled 12
Conservative Banker moved to square 37 : Go
Aggressive Invester rolled 5
Aggressive Invester moved to square 13 : Go
Risk Taker rolled 4
Risk Taker moved to square 28 : Go
currunt round is : 57
Oppotunistic Trader rolled 3
Oppotunistic Trader moved to square 23 : Go
Conservative Banker rolled 7
Conservative Banker moved to square 5 : Go
Aggressive Invester rolled 8
Aggressive Invester moved to square 21 : Go
Risk Taker rolled 7
Risk Taker moved to square 35 : Go
currunt round is : 57
Oppotunistic Trader rolled 7
Oppotunistic Trader moved to square 30 : Go
Conservative Banker rolled 9
Conservative Banker moved to square 14 : Go
Aggressive Invester rolled 7
Aggressive Invester moved to square 28 : Go
Risk Taker rolled 4
Risk Taker moved to square 0 : Go
currunt round is : 57
Oppotunistic Trader rolled 2
Oppotunistic Trader moved to square 32 : Go
Conservative Banker rolled 12
Conservative Banker moved to square 26 : Go
Aggressive Invester rolled 12
Aggressive Invester moved to square 1 : Pettah
Risk Taker rolled 4
Risk Taker moved to square 4 : Go
currunt round is : 57
Oppotunistic Trader rolled 6
Oppotunistic Trader moved to square 38 : Go
Conservative Banker rolled 3
Conservative Banker moved to square 29 : Go
Aggressive Invester rolled 7
Aggressive Invester moved to square 8 : Go
Risk Taker rolled 5
Risk Taker moved to square 9 : Go
currunt round is : 57
Oppotunistic Trader rolled 10
Oppotunistic Trader moved to square 9 : Go
Conservative Banker rolled 11
Conservative Banker moved to square 1 : Pettah
Aggressive Invester rolled 3
Aggressive Invester moved to square 11 : Go
Risk Taker rolled 11
Risk Taker moved to square 20 : Go
currunt round is : 57
Oppotunistic Trader rolled 8
Oppotunistic Trader moved to square 17 : Go
Conservative Banker rolled 12
Conservative Banker moved to square 13 : Go
Aggressive Invester rolled 4
Aggressive Invester moved to square 15 : Go
Risk Taker rolled 10
Risk Taker moved to square 30 : Go
currunt round is : 58
Oppotunistic Trader rolled 5
Oppotunistic Trader moved to square 22 : Go
Conservative Banker rolled 9
Conservative Banker moved to square 22 : Go
Aggressive Invester rolled 9
Aggressive Invester moved to square 24 : Go
Risk Taker rolled 10
Risk Taker moved to square 1 : Pettah
currunt round is : 58
Oppotunistic Trader rolled 8
Oppotunistic Trader moved to square 30 : Go
Conservative Banker rolled 11
Conservative Banker moved to square 33 : Go
Aggressive Invester rolled 2
Aggressive Invester moved to square 26 : Go
Risk Taker rolled 8
Risk Taker moved to square 9 : Go
currunt round is : 58
Oppotunistic Trader rolled 5
Oppotunistic Trader moved to square 35 : Go
Conservative Banker rolled 8
Conservative Banker moved to square 2 : Go
Aggressive Invester rolled 2
Aggressive Invester moved to square 28 : Go
Risk Taker rolled 8
Risk Taker moved to square 17 : Go
currunt round is : 58
Oppotunistic Trader rolled 2
Oppotunistic Trader moved to square 37 : Go
Conservative Banker rolled 7
Conservative Banker moved to square 9 : Go
Aggressive Invester rolled 9
Aggressive Invester moved to square 37 : Go
Risk Taker rolled 2
Risk Taker moved to square 19 : Go
currunt round is : 58
Oppotunistic Trader rolled 4
Oppotunistic Trader moved to square 2 : Go
Conservative Banker rolled 8
Conservative Banker moved to square 17 : Go
Aggressive Invester rolled 4
Aggressive Invester moved to square 2 : Go
Risk Taker rolled 9
Risk Taker moved to square 28 : Go
currunt round is : 58
Oppotunistic Trader rolled 7
Oppotunistic Trader moved to square 9 : Go
Conservative Banker rolled 8
Conservative Banker moved to square 25 : Go
Aggressive Invester rolled 10
Aggressive Invester moved to square 12 : Go
Risk Taker rolled 5
Risk Taker moved to square 33 : Go
currunt round is : 59
Oppotunistic Trader rolled 6
Oppotunistic Trader moved to square 15 : Go
Conservative Banker rolled 9
Conservative Banker moved to square 34 : Go
Aggressive Invester rolled 3
Aggressive Invester moved to square 15 : Go
Risk Taker rolled 10
Risk Taker moved to square 4 : Go
currunt round is : 59
Oppotunistic Trader rolled 9
Oppotunistic Trader moved to square 24 : Go
Conservative Banker rolled 4
Conservative Banker moved to square 38 : Go
Aggressive Invester rolled 6
Aggressive Invester moved to square 21 : Go
Risk Taker rolled 10
Risk Taker moved to square 14 : Go
currunt round is : 59
Oppotunistic Trader rolled 11
Oppotunistic Trader moved to square 35 : Go
Conservative Banker rolled 11
Conservative Banker moved to square 10 : Go
Aggressive Invester rolled 8
Aggressive Invester moved to square 29 : Go
Risk Taker rolled 5
Risk Taker moved to square 19 : Go
currunt round is : 59
Oppotunistic Trader rolled 9
Oppotunistic Trader moved to square 5 : Go
Conservative Banker rolled 6
Conservative Banker moved to square 16 : Go
Aggressive Invester rolled 11
Aggressive Invester moved to square 1 : Pettah
Risk Taker rolled 11
Risk Taker moved to square 30 : Go
currunt round is : 59
Oppotunistic Trader rolled 12
Oppotunistic Trader moved to square 17 : Go
Conservative Banker rolled 9
Conservative Banker moved to square 25 : Go
Aggressive Invester rolled 6
Aggressive Invester moved to square 7 : Go
Risk Taker rolled 12
Risk Taker moved to square 3 : Colombo Fort Railway Station
currunt round is : 60
Oppotunistic Trader rolled 3
Oppotunistic Trader moved to square 20 : Go
Conservative Banker rolled 2
Conservative Banker moved to square 27 : Go
Aggressive Invester rolled 10
Aggressive Invester moved to square 17 : Go
Risk Taker rolled 3
Risk Taker moved to square 6 : Go
currunt round is : 60
Oppotunistic Trader rolled 7
Oppotunistic Trader moved to square 27 : Go
Conservative Banker rolled 11
Conservative Banker moved to square 38 : Go
Aggressive Invester rolled 10
Aggressive Invester moved to square 27 : Go
Risk Taker rolled 12
Risk Taker moved to square 18 : Go
currunt round is : 60
Oppotunistic Trader rolled 4
Oppotunistic Trader moved to square 31 : Go
Conservative Banker rolled 5
Conservative Banker moved to square 4 : Go
Aggressive Invester rolled 4
Aggressive Invester moved to square 31 : Go
Risk Taker rolled 6
Risk Taker moved to square 24 : Go
currunt round is : 60
Oppotunistic Trader rolled 2
Oppotunistic Trader moved to square 33 : Go
Conservative Banker rolled 4
Conservative Banker moved to square 8 : Go
Aggressive Invester rolled 4
Aggressive Invester moved to square 35 : Go
Risk Taker rolled 9
Risk Taker moved to square 33 : Go
currunt round is : 60
Oppotunistic Trader rolled 4
Oppotunistic Trader moved to square 37 : Go
Conservative Banker rolled 6
Conservative Banker moved to square 14 : Go
Aggressive Invester rolled 4
Aggressive Invester moved to square 0 : Go
Risk Taker rolled 2
Risk Taker moved to square 35 : Go
currunt round is : 60
Oppotunistic Trader rolled 4
Oppotunistic Trader moved to square 2 : Go
Conservative Banker rolled 10
Conservative Banker moved to square 24 : Go
Aggressive Invester rolled 3
Aggressive Invester moved to square 3 : Colombo Fort Railway Station
Risk Taker rolled 12
Risk Taker moved to square 8 : Go
currunt round is : 60
Oppotunistic Trader rolled 3
Oppotunistic Trader moved to square 5 : Go
Conservative Banker rolled 10
Conservative Banker moved to square 34 : Go
Aggressive Invester rolled 8
Aggressive Invester moved to square 11 : Go
Risk Taker rolled 11
Risk Taker moved to square 19 : Go
currunt round is : 61
Oppotunistic Trader rolled 6
Oppotunistic Trader moved to square 11 : Go
Conservative Banker rolled 12
Conservative Banker moved to square 7 : Go
Aggressive Invester rolled 8
Aggressive Invester moved to square 19 : Go
Risk Taker rolled 7
Risk Taker moved to square 26 : Go
currunt round is : 61
Oppotunistic Trader rolled 11
Oppotunistic Trader moved to square 22 : Go
Conservative Banker rolled 4
Conservative Banker moved to square 11 : Go
Aggressive Invester rolled 9
Aggressive Invester moved to square 28 : Go
Risk Taker rolled 5
Risk Taker moved to square 31 : Go
currunt round is : 61
Oppotunistic Trader rolled 11
Oppotunistic Trader moved to square 33 : Go
Conservative Banker rolled 4
Conservative Banker moved to square 15 : Go
Aggressive Invester rolled 2
Aggressive Invester moved to square 30 : Go
Risk Taker rolled 2
Risk Taker moved to square 33 : Go
currunt round is : 61
Oppotunistic Trader rolled 8
Oppotunistic Trader moved to square 2 : Go
Conservative Banker rolled 3
Conservative Banker moved to square 18 : Go
Aggressive Invester rolled 6
Aggressive Invester moved to square 36 : Go
Risk Taker rolled 8
Risk Taker moved to square 2 : Go
currunt round is : 61
Oppotunistic Trader rolled 5
Oppotunistic Trader moved to square 7 : Go
Conservative Banker rolled 6
Conservative Banker moved to square 24 : Go
Aggressive Invester rolled 2
Aggressive Invester moved to square 38 : Go
Risk Taker rolled 7
Risk Taker moved to square 9 : Go
currunt round is : 62
Oppotunistic Trader rolled 10
Oppotunistic Trader moved to square 17 : Go
Conservative Banker rolled 4
Conservative Banker moved to square 28 : Go
Aggressive Invester rolled 5
Aggressive Invester moved to square 4 : Go
Risk Taker rolled 2
Risk Taker moved to square 11 : Go
currunt round is : 62
Oppotunistic Trader rolled 11
Oppotunistic Trader moved to square 28 : Go
Conservative Banker rolled 7
Conservative Banker moved to square 35 : Go
Aggressive Invester rolled 10
Aggressive Invester moved to square 14 : Go
Risk Taker rolled 10
Risk Taker moved to square 21 : Go
currunt round is : 62
Oppotunistic Trader rolled 2
Oppotunistic Trader moved to square 30 : Go
Conservative Banker rolled 5
Conservative Banker moved to square 1 : Pettah
Aggressive Invester rolled 7
Aggressive Invester moved to square 21 : Go
Risk Taker rolled 7
Risk Taker moved to square 28 : Go
currunt round is : 62
Oppotunistic Trader rolled 2
Oppotunistic Trader moved to square 32 : Go
Conservative Banker rolled 2
Conservative Banker moved to square 3 : Colombo Fort Railway Station
Aggressive Invester rolled 10
Aggressive Invester moved to square 31 : Go
Risk Taker rolled 11
Risk Taker moved to square 0 : Go
currunt round is : 62
Oppotunistic Trader rolled 2
Oppotunistic Trader moved to square 34 : Go
Conservative Banker rolled 6
Conservative Banker moved to square 9 : Go
Aggressive Invester rolled 12
Aggressive Invester moved to square 4 : Go
Risk Taker rolled 11
Risk Taker moved to square 11 : Go
currunt round is : 62
Oppotunistic Trader rolled 7
Oppotunistic Trader moved to square 2 : Go
Conservative Banker rolled 2
Conservative Banker moved to square 11 : Go
Aggressive Invester rolled 11
Aggressive Invester moved to square 15 : Go
Risk Taker rolled 11
Risk Taker moved to square 22 : Go
currunt round is : 62
Oppotunistic Trader rolled 3
Oppotunistic Trader moved to square 5 : Go
Conservative Banker rolled 3
Conservative Banker moved to square 14 : Go
Aggressive Invester rolled 4
Aggressive Invester moved to square 19 : Go
Risk Taker rolled 4
Risk Taker moved to square 26 : Go
currunt round is : 63
Oppotunistic Trader rolled 7
Oppotunistic Trader moved to square 12 : Go
Conservative Banker rolled 4
Conservative Banker moved to square 18 : Go
Aggressive Invester rolled 7
Aggressive Invester moved to square 26 : Go
Risk Taker rolled 5
Risk Taker moved to square 31 : Go
currunt round is : 63
Oppotunistic Trader rolled 4
Oppotunistic Trader moved to square 16 : Go
Conservative Banker rolled 10
Conservative Banker moved to square 28 : Go
Aggressive Invester rolled 3
Aggressive Invester moved to square 29 : Go
Risk Taker rolled 2
Risk Taker moved to square 33 : Go
currunt round is : 63
Oppotunistic Trader rolled 2
Oppotunistic Trader moved to square 18 : Go
Conservative Banker rolled 9
Conservative Banker moved to square 37 : Go
Aggressive Invester rolled 11
Aggressive Invester moved to square 1 : Pettah
Risk Taker rolled 3
Risk Taker moved to square 36 : Go
currunt round is : 63
Oppotunistic Trader rolled 10
Oppotunistic Trader moved to square 28 : Go
Conservative Banker rolled 5
Conservative Banker moved to square 3 : Colombo Fort Railway Station
Aggressive Invester rolled 8
Aggressive Invester moved to square 9 : Go
Risk Taker rolled 10
Risk Taker moved to square 7 : Go
currunt round is : 63
Oppotunistic Trader rolled 3
Oppotunistic Trader moved to square 31 : Go
Conservative Banker rolled 5
Conservative Banker moved to square 8 : Go
Aggressive Invester rolled 7
Aggressive Invester moved to square 16 : Go
Risk Taker rolled 4
Risk Taker moved to square 11 : Go
currunt round is : 63
Oppotunistic Trader rolled 8
Oppotunistic Trader moved to square 0 : Go
Conservative Banker rolled 4
Conservative Banker moved to square 12 : Go
Aggressive Invester rolled 11
Aggressive Invester moved to square 27 : Go
Risk Taker rolled 11
Risk Taker moved to square 22 : Go
currunt round is : 63
Oppotunistic Trader rolled 2
Oppotunistic Trader moved to square 2 : Go
Conservative Banker rolled 10
Conservative Banker moved to square 22 : Go
Aggressive Invester rolled 9
Aggressive Invester moved to square 36 : Go
Risk Taker rolled 12
Risk Taker moved to square 34 : Go
currunt round is : 63
Oppotunistic Trader rolled 9
Oppotunistic Trader moved to square 11 : Go
Conservative Banker rolled 9
Conservative Banker moved to square 31 : Go
Aggressive Invester rolled 3
Aggressive Invester moved to square 0 : Go
Risk Taker rolled 3
Risk Taker moved to square 37 : Go
currunt round is : 64
Oppotunistic Trader rolled 11
Oppotunistic Trader moved to square 22 : Go
Conservative Banker rolled 6
Conservative Banker moved to square 37 : Go
Aggressive Invester rolled 4
Aggressive Invester moved to square 4 : Go
Risk Taker rolled 2
Risk Taker moved to square 0 : Go
currunt round is : 64
Oppotunistic Trader rolled 4
Oppotunistic Trader moved to square 26 : Go
Conservative Banker rolled 3
Conservative Banker moved to square 1 : Pettah
Aggressive Invester rolled 12
Aggressive Invester moved to square 16 : Go
Risk Taker rolled 2
Risk Taker moved to square 2 : Go
currunt round is : 64
Oppotunistic Trader rolled 10
Oppotunistic Trader moved to square 36 : Go
Conservative Banker rolled 8
Conservative Banker moved to square 9 : Go
Aggressive Invester rolled 3
Aggressive Invester moved to square 19 : Go
Risk Taker rolled 7
Risk Taker moved to square 9 : Go
currunt round is : 64
Oppotunistic Trader rolled 11
Oppotunistic Trader moved to square 8 : Go
Conservative Banker rolled 7
Conservative Banker moved to square 16 : Go
Aggressive Invester rolled 3
Aggressive Invester moved to square 22 : Go
Risk Taker rolled 10
Risk Taker moved to square 19 : Go
currunt round is : 64
Oppotunistic Trader rolled 9
Oppotunistic Trader moved to square 17 : Go
Conservative Banker rolled 8
Conservative Banker moved to square 24 : Go
Aggressive Invester rolled 10
Aggressive Invester moved to square 32 : Go
Risk Taker rolled 2
Risk Taker moved to square 21 : Go
currunt round is : 65
Oppotunistic Trader rolled 8
Oppotunistic Trader moved to square 25 : Go
Conservative Banker rolled 9
Conservative Banker moved to square 33 : Go
Aggressive Invester rolled 9
Aggressive Invester moved to square 2 : Go
Risk Taker rolled 9
Risk Taker moved to square 30 : Go
currunt round is : 65
Oppotunistic Trader rolled 4
Oppotunistic Trader moved to square 29 : Go
Conservative Banker rolled 3
Conservative Banker moved to square 36 : Go
Aggressive Invester rolled 6
Aggressive Invester moved to square 8 : Go
Risk Taker rolled 11
Risk Taker moved to square 2 : Go
currunt round is : 65
Oppotunistic Trader rolled 10
Oppotunistic Trader moved to square 0 : Go
Conservative Banker rolled 6
Conservative Banker moved to square 3 : Colombo Fort Railway Station
Aggressive Invester rolled 12
Aggressive Invester moved to square 20 : Go
Risk Taker rolled 8
Risk Taker moved to square 10 : Go
currunt round is : 65
Oppotunistic Trader rolled 10
Oppotunistic Trader moved to square 10 : Go
Conservative Banker rolled 2
Conservative Banker moved to square 5 : Go
Aggressive Invester rolled 6
Aggressive Invester moved to square 26 : Go
Risk Taker rolled 12
Risk Taker moved to square 22 : Go
currunt round is : 65
Oppotunistic Trader rolled 3
Oppotunistic Trader moved to square 13 : Go
Conservative Banker rolled 3
Conservative Banker moved to square 8 : Go
Aggressive Invester rolled 2
Aggressive Invester moved to square 28 : Go
Risk Taker rolled 12
Risk Taker moved to square 34 : Go
currunt round is : 66
Oppotunistic Trader rolled 9
Oppotunistic Trader moved to square 22 : Go
Conservative Banker rolled 12
Conservative Banker moved to square 20 : Go
Aggressive Invester rolled 4
Aggressive Invester moved to square 32 : Go
Risk Taker rolled 5
Risk Taker moved to square 0 : Go
currunt round is : 66
Oppotunistic Trader rolled 5
Oppotunistic Trader moved to square 27 : Go
Conservative Banker rolled 5
Conservative Banker moved to square 25 : Go
Aggressive Invester rolled 12
Aggressive Invester moved to square 5 : Go
Risk Taker rolled 10
Risk Taker moved to square 10 : Go
currunt round is : 66
Oppotunistic Trader rolled 9
Oppotunistic Trader moved to square 36 : Go
Conservative Banker rolled 9
Conservative Banker moved to square 34 : Go
Aggressive Invester rolled 8
Aggressive Invester moved to square 13 : Go
Risk Taker rolled 3
Risk Taker moved to square 13 : Go
currunt round is : 66
Oppotunistic Trader rolled 3
Oppotunistic Trader moved to square 0 : Go
Conservative Banker rolled 4
Conservative Banker moved to square 38 : Go
Aggressive Invester rolled 10
Aggressive Invester moved to square 23 : Go
Risk Taker rolled 5
Risk Taker moved to square 18 : Go
currunt round is : 66
Oppotunistic Trader rolled 5
Oppotunistic Trader moved to square 5 : Go
Conservative Banker rolled 12
Conservative Banker moved to square 11 : Go
Aggressive Invester rolled 12
Aggressive Invester moved to square 35 : Go
Risk Taker rolled 2
Risk Taker moved to square 20 : Go
currunt round is : 66
Oppotunistic Trader rolled 5
Oppotunistic Trader moved to square 10 : Go
Conservative Banker rolled 10
Conservative Banker moved to square 21 : Go
Aggressive Invester rolled 6
Aggressive Invester moved to square 2 : Go
Risk Taker rolled 3
Risk Taker moved to square 23 : Go
currunt round is : 67
Oppotunistic Trader rolled 10
Oppotunistic Trader moved to square 20 : Go
Conservative Banker rolled 8
Conservative Banker moved to square 29 : Go
Aggressive Invester rolled 2
Aggressive Invester moved to square 4 : Go
Risk Taker rolled 11
Risk Taker moved to square 34 : Go
currunt round is : 67
Oppotunistic Trader rolled 8
Oppotunistic Trader moved to square 28 : Go
Conservative Banker rolled 11
Conservative Banker moved to square 1 : Pettah
Aggressive Invester rolled 8
Aggressive Invester moved to square 12 : Go
Risk Taker rolled 4
Risk Taker moved to square 38 : Go
currunt round is : 67
Oppotunistic Trader rolled 9
Oppotunistic Trader moved to square 37 : Go
Conservative Banker rolled 9
Conservative Banker moved to square 10 : Go
Aggressive Invester rolled 6
Aggressive Invester moved to square 18 : Go
Risk Taker rolled 10
Risk Taker moved to square 9 : Go
currunt round is : 67
Oppotunistic Trader rolled 12
Oppotunistic Trader moved to square 10 : Go
Conservative Banker rolled 5
Conservative Banker moved to square 15 : Go
Aggressive Invester rolled 7
Aggressive Invester moved to square 25 : Go
Risk Taker rolled 7
Risk Taker moved to square 16 : Go
currunt round is : 67
Oppotunistic Trader rolled 10
Oppotunistic Trader moved to square 20 : Go
Conservative Banker rolled 2
Conservative Banker moved to square 17 : Go
Aggressive Invester rolled 8
Aggressive Invester moved to square 33 : Go
Risk Taker rolled 12
Risk Taker moved to square 28 : Go
currunt round is : 68
Oppotunistic Trader rolled 2
Oppotunistic Trader moved to square 22 : Go
Conservative Banker rolled 3
Conservative Banker moved to square 20 : Go
Aggressive Invester rolled 2
Aggressive Invester moved to square 35 : Go
Risk Taker rolled 5
Risk Taker moved to square 33 : Go
currunt round is : 68
Oppotunistic Trader rolled 2
Oppotunistic Trader moved to square 24 : Go
Conservative Banker rolled 2
Conservative Banker moved to square 22 : Go
Aggressive Invester rolled 3
Aggressive Invester moved to square 38 : Go
Risk Taker rolled 6
Risk Taker moved to square 0 : Go
currunt round is : 68
Oppotunistic Trader rolled 10
Oppotunistic Trader moved to square 34 : Go
Conservative Banker rolled 5
Conservative Banker moved to square 27 : Go
Aggressive Invester rolled 7
Aggressive Invester moved to square 6 : Go
Risk Taker rolled 7
Risk Taker moved to square 7 : Go
currunt round is : 68
Oppotunistic Trader rolled 9
Oppotunistic Trader moved to square 4 : Go
Conservative Banker rolled 5
Conservative Banker moved to square 32 : Go
Aggressive Invester rolled 3
Aggressive Invester moved to square 9 : Go
Risk Taker rolled 4
Risk Taker moved to square 11 : Go
currunt round is : 68
Oppotunistic Trader rolled 2
Oppotunistic Trader moved to square 6 : Go
Conservative Banker rolled 10
Conservative Banker moved to square 3 : Colombo Fort Railway Station
Aggressive Invester rolled 5
Aggressive Invester moved to square 14 : Go
Risk Taker rolled 9
Risk Taker moved to square 20 : Go
currunt round is : 69
Oppotunistic Trader rolled 6
Oppotunistic Trader moved to square 12 : Go
Conservative Banker rolled 9
Conservative Banker moved to square 12 : Go
Aggressive Invester rolled 4
Aggressive Invester moved to square 18 : Go
Risk Taker rolled 3
Risk Taker moved to square 23 : Go
currunt round is : 69
Oppotunistic Trader rolled 10
Oppotunistic Trader moved to square 22 : Go
Conservative Banker rolled 9
Conservative Banker moved to square 21 : Go
Aggressive Invester rolled 8
Aggressive Invester moved to square 26 : Go
Risk Taker rolled 7
Risk Taker moved to square 30 : Go
currunt round is : 69
Oppotunistic Trader rolled 7
Oppotunistic Trader moved to square 29 : Go
Conservative Banker rolled 12
Conservative Banker moved to square 33 : Go
Aggressive Invester rolled 4
Aggressive Invester moved to square 30 : Go
Risk Taker rolled 7
Risk Taker moved to square 37 : Go
currunt round is : 69
Oppotunistic Trader rolled 2
Oppotunistic Trader moved to square 31 : Go
Conservative Banker rolled 5
Conservative Banker moved to square 38 : Go
Aggressive Invester rolled 8
Aggressive Invester moved to square 38 : Go
Risk Taker rolled 12
Risk Taker moved to square 10 : Go
currunt round is : 69
Oppotunistic Trader rolled 5
Oppotunistic Trader moved to square 36 : Go
Conservative Banker rolled 7
Conservative Banker moved to square 6 : Go
Aggressive Invester rolled 5
Aggressive Invester moved to square 4 : Go
Risk Taker rolled 2
Risk Taker moved to square 12 : Go
currunt round is : 69
Oppotunistic Trader rolled 8
Oppotunistic Trader moved to square 5 : Go
Conservative Banker rolled 8
Conservative Banker moved to square 14 : Go
Aggressive Invester rolled 7
Aggressive Invester moved to square 11 : Go
Risk Taker rolled 4
Risk Taker moved to square 16 : Go
currunt round is : 69
Oppotunistic Trader rolled 11
Oppotunistic Trader moved to square 16 : Go
Conservative Banker rolled 6
Conservative Banker moved to square 20 : Go
Aggressive Invester rolled 5
Aggressive Invester moved to square 16 : Go
Risk Taker rolled 11
Risk Taker moved to square 27 : Go
currunt round is : 70
Oppotunistic Trader rolled 3
Oppotunistic Trader moved to square 19 : Go
Conservative Banker rolled 8
Conservative Banker moved to square 28 : Go
Aggressive Invester rolled 5
Aggressive Invester moved to square 21 : Go
Risk Taker rolled 5
Risk Taker moved to square 32 : Go
currunt round is : 70
Oppotunistic Trader rolled 2
Oppotunistic Trader moved to square 21 : Go
Conservative Banker rolled 7
Conservative Banker moved to square 35 : Go
Aggressive Invester rolled 5
Aggressive Invester moved to square 26 : Go
Risk Taker rolled 8
Risk Taker moved to square 1 : Pettah
currunt round is : 70
Oppotunistic Trader rolled 12
Oppotunistic Trader moved to square 33 : Go
Conservative Banker rolled 9
Conservative Banker moved to square 5 : Go
Aggressive Invester rolled 2
Aggressive Invester moved to square 28 : Go
Risk Taker rolled 4
Risk Taker moved to square 5 : Go
currunt round is : 70
Oppotunistic Trader rolled 9
Oppotunistic Trader moved to square 3 : Colombo Fort Railway Station
Conservative Banker rolled 3
Conservative Banker moved to square 8 : Go
Aggressive Invester rolled 7
Aggressive Invester moved to square 35 : Go
Risk Taker rolled 7
Risk Taker moved to square 12 : Go
currunt round is : 70
Oppotunistic Trader rolled 6
Oppotunistic Trader moved to square 9 : Go
Conservative Banker rolled 11
Conservative Banker moved to square 19 : Go
Aggressive Invester rolled 6
Aggressive Invester moved to square 2 : Go
Risk Taker rolled 9
Risk Taker moved to square 21 : Go
currunt round is : 71
Oppotunistic Trader rolled 5
Oppotunistic Trader moved to square 14 : Go
Conservative Banker rolled 7
Conservative Banker moved to square 26 : Go
Aggressive Invester rolled 9
Aggressive Invester moved to square 11 : Go
Risk Taker rolled 9
Risk Taker moved to square 30 : Go
currunt round is : 71
Oppotunistic Trader rolled 11
Oppotunistic Trader moved to square 25 : Go
Conservative Banker rolled 12
Conservative Banker moved to square 38 : Go
Aggressive Invester rolled 10
Aggressive Invester moved to square 21 : Go
Risk Taker rolled 10
Risk Taker moved to square 1 : Pettah
currunt round is : 71
Oppotunistic Trader rolled 5
Oppotunistic Trader moved to square 30 : Go
Conservative Banker rolled 2
Conservative Banker moved to square 1 : Pettah
Aggressive Invester rolled 6
Aggressive Invester moved to square 27 : Go
Risk Taker rolled 5
Risk Taker moved to square 6 : Go
currunt round is : 71
Oppotunistic Trader rolled 6
Oppotunistic Trader moved to square 36 : Go
Conservative Banker rolled 8
Conservative Banker moved to square 9 : Go
Aggressive Invester rolled 6
Aggressive Invester moved to square 33 : Go
Risk Taker rolled 4
Risk Taker moved to square 10 : Go
currunt round is : 71
Oppotunistic Trader rolled 11
Oppotunistic Trader moved to square 8 : Go
Conservative Banker rolled 9
Conservative Banker moved to square 18 : Go
Aggressive Invester rolled 10
Aggressive Invester moved to square 4 : Go
Risk Taker rolled 11
Risk Taker moved to square 21 : Go
currunt round is : 71
Oppotunistic Trader rolled 6
Oppotunistic Trader moved to square 14 : Go
Conservative Banker rolled 8
Conservative Banker moved to square 26 : Go
Aggressive Invester rolled 2
Aggressive Invester moved to square 6 : Go
Risk Taker rolled 11
Risk Taker moved to square 32 : Go
currunt round is : 72
Oppotunistic Trader rolled 9
Oppotunistic Trader moved to square 23 : Go
Conservative Banker rolled 8
Conservative Banker moved to square 34 : Go
Aggressive Invester rolled 3
Aggressive Invester moved to square 9 : Go
Risk Taker rolled 2
Risk Taker moved to square 34 : Go
currunt round is : 72
Oppotunistic Trader rolled 4
Oppotunistic Trader moved to square 27 : Go
Conservative Banker rolled 8
Conservative Banker moved to square 3 : Colombo Fort Railway Station
Aggressive Invester rolled 7
Aggressive Invester moved to square 16 : Go
Risk Taker rolled 8
Risk Taker moved to square 3 : Colombo Fort Railway Station
currunt round is : 72
Oppotunistic Trader rolled 11
Oppotunistic Trader moved to square 38 : Go
Conservative Banker rolled 12
Conservative Banker moved to square 15 : Go
Aggressive Invester rolled 2
Aggressive Invester moved to square 18 : Go
Risk Taker rolled 10
Risk Taker moved to square 13 : Go
currunt round is : 72
Oppotunistic Trader rolled 9
Oppotunistic Trader moved to square 8 : Go
Conservative Banker rolled 10
Conservative Banker moved to square 25 : Go
Aggressive Invester rolled 5
Aggressive Invester moved to square 23 : Go
Risk Taker rolled 2
Risk Taker moved to square 15 : Go
currunt round is : 72
Oppotunistic Trader rolled 8
Oppotunistic Trader moved to square 16 : Go
Conservative Banker rolled 7
Conservative Banker moved to square 32 : Go
Aggressive Invester rolled 3
Aggressive Invester moved to square 26 : Go
Risk Taker rolled 10
Risk Taker moved to square 25 : Go
currunt round is : 73
Oppotunistic Trader rolled 2
Oppotunistic Trader moved to square 18 : Go
Conservative Banker rolled 7
Conservative Banker moved to square 0 : Go
Aggressive Invester rolled 10
Aggressive Invester moved to square 36 : Go
Risk Taker rolled 12
Risk Taker moved to square 37 : Go
currunt round is : 73
Oppotunistic Trader rolled 2
Oppotunistic Trader moved to square 20 : Go
Conservative Banker rolled 5
Conservative Banker moved to square 5 : Go
Aggressive Invester rolled 8
Aggressive Invester moved to square 5 : Go
Risk Taker rolled 4
Risk Taker moved to square 2 : Go
currunt round is : 73
Oppotunistic Trader rolled 12
Oppotunistic Trader moved to square 32 : Go
Conservative Banker rolled 6
Conservative Banker moved to square 11 : Go
Aggressive Invester rolled 2
Aggressive Invester moved to square 7 : Go
Risk Taker rolled 6
Risk Taker moved to square 8 : Go
currunt round is : 73
Oppotunistic Trader rolled 10
Oppotunistic Trader moved to square 3 : Colombo Fort Railway Station
Conservative Banker rolled 3
Conservative Banker moved to square 14 : Go
Aggressive Invester rolled 5
Aggressive Invester moved to square 12 : Go
Risk Taker rolled 2
Risk Taker moved to square 10 : Go
currunt round is : 73
Oppotunistic Trader rolled 7
Oppotunistic Trader moved to square 10 : Go
Conservative Banker rolled 10
Conservative Banker moved to square 24 : Go
Aggressive Invester rolled 6
Aggressive Invester moved to square 18 : Go
Risk Taker rolled 4
Risk Taker moved to square 14 : Go
currunt round is : 74
Oppotunistic Trader rolled 10
Oppotunistic Trader moved to square 20 : Go
Conservative Banker rolled 6
Conservative Banker moved to square 30 : Go
Aggressive Invester rolled 10
Aggressive Invester moved to square 28 : Go
Risk Taker rolled 6
Risk Taker moved to square 20 : Go
currunt round is : 74
Oppotunistic Trader rolled 2
Oppotunistic Trader moved to square 22 : Go
Conservative Banker rolled 2
Conservative Banker moved to square 32 : Go
Aggressive Invester rolled 4
Aggressive Invester moved to square 32 : Go
Risk Taker rolled 6
Risk Taker moved to square 26 : Go
currunt round is : 74
Oppotunistic Trader rolled 7
Oppotunistic Trader moved to square 29 : Go
Conservative Banker rolled 3
Conservative Banker moved to square 35 : Go
Aggressive Invester rolled 2
Aggressive Invester moved to square 34 : Go
Risk Taker rolled 6
Risk Taker moved to square 32 : Go
currunt round is : 74
Oppotunistic Trader rolled 7
Oppotunistic Trader moved to square 36 : Go
Conservative Banker rolled 10
Conservative Banker moved to square 6 : Go
Aggressive Invester rolled 3
Aggressive Invester moved to square 37 : Go
Risk Taker rolled 7
Risk Taker moved to square 0 : Go
currunt round is : 74
Oppotunistic Trader rolled 3
Oppotunistic Trader moved to square 0 : Go
Conservative Banker rolled 7
Conservative Banker moved to square 13 : Go
Aggressive Invester rolled 9
Aggressive Invester moved to square 7 : Go
Risk Taker rolled 11
Risk Taker moved to square 11 : Go
currunt round is : 74
Oppotunistic Trader rolled 11
Oppotunistic Trader moved to square 11 : Go
Conservative Banker rolled 7
Conservative Banker moved to square 20 : Go
Aggressive Invester rolled 4
Aggressive Invester moved to square 11 : Go
Risk Taker rolled 7
Risk Taker moved to square 18 : Go
currunt round is : 74
Oppotunistic Trader rolled 6
Oppotunistic Trader moved to square 17 : Go
Conservative Banker rolled 7
Conservative Banker moved to square 27 : Go
Aggressive Invester rolled 7
Aggressive Invester moved to square 18 : Go
Risk Taker rolled 10
Risk Taker moved to square 28 : Go
currunt round is : 75
Oppotunistic Trader rolled 3
Oppotunistic Trader moved to square 20 : Go
Conservative Banker rolled 11
Conservative Banker moved to square 38 : Go
Aggressive Invester rolled 12
Aggressive Invester moved to square 30 : Go
Risk Taker rolled 9
Risk Taker moved to square 37 : Go
currunt round is : 75
Oppotunistic Trader rolled 2
Oppotunistic Trader moved to square 22 : Go
Conservative Banker rolled 9
Conservative Banker moved to square 8 : Go
Aggressive Invester rolled 11
Aggressive Invester moved to square 2 : Go
Risk Taker rolled 11
Risk Taker moved to square 9 : Go
currunt round is : 75
Oppotunistic Trader rolled 7
Oppotunistic Trader moved to square 29 : Go
Conservative Banker rolled 3
Conservative Banker moved to square 11 : Go
Aggressive Invester rolled 5
Aggressive Invester moved to square 7 : Go
Risk Taker rolled 10
Risk Taker moved to square 19 : Go
currunt round is : 75
Oppotunistic Trader rolled 2
Oppotunistic Trader moved to square 31 : Go
Conservative Banker rolled 5
Conservative Banker moved to square 16 : Go
Aggressive Invester rolled 12
Aggressive Invester moved to square 19 : Go
Risk Taker rolled 7
Risk Taker moved to square 26 : Go
currunt round is : 75
Oppotunistic Trader rolled 11
Oppotunistic Trader moved to square 3 : Colombo Fort Railway Station
Conservative Banker rolled 2
Conservative Banker moved to square 18 : Go
Aggressive Invester rolled 10
Aggressive Invester moved to square 29 : Go
Risk Taker rolled 12
Risk Taker moved to square 38 : Go
currunt round is : 75
Oppotunistic Trader rolled 7
Oppotunistic Trader moved to square 10 : Go
Conservative Banker rolled 6
Conservative Banker moved to square 24 : Go
Aggressive Invester rolled 10
Aggressive Invester moved to square 0 : Go
Risk Taker rolled 4
Risk Taker moved to square 3 : Colombo Fort Railway Station
currunt round is : 76
Oppotunistic Trader rolled 9
Oppotunistic Trader moved to square 19 : Go
Conservative Banker rolled 11
Conservative Banker moved to square 35 : Go
Aggressive Invester rolled 9
Aggressive Invester moved to square 9 : Go
Risk Taker rolled 12
Risk Taker moved to square 15 : Go
currunt round is : 76
Oppotunistic Trader rolled 3
Oppotunistic Trader moved to square 22 : Go
Conservative Banker rolled 12
Conservative Banker moved to square 8 : Go
Aggressive Invester rolled 9
Aggressive Invester moved to square 18 : Go
Risk Taker rolled 4
Risk Taker moved to square 19 : Go
currunt round is : 76
Oppotunistic Trader rolled 10
Oppotunistic Trader moved to square 32 : Go
Conservative Banker rolled 6
Conservative Banker moved to square 14 : Go
Aggressive Invester rolled 11
Aggressive Invester moved to square 29 : Go
Risk Taker rolled 8
Risk Taker moved to square 27 : Go
currunt round is : 76
Oppotunistic Trader rolled 11
Oppotunistic Trader moved to square 4 : Go
Conservative Banker rolled 10
Conservative Banker moved to square 24 : Go
Aggressive Invester rolled 7
Aggressive Invester moved to square 36 : Go
Risk Taker rolled 5
Risk Taker moved to square 32 : Go
currunt round is : 76
Oppotunistic Trader rolled 9
Oppotunistic Trader moved to square 13 : Go
Conservative Banker rolled 8
Conservative Banker moved to square 32 : Go
Aggressive Invester rolled 11
Aggressive Invester moved to square 8 : Go
Risk Taker rolled 9
Risk Taker moved to square 2 : Go
currunt round is : 77
Oppotunistic Trader rolled 11
Oppotunistic Trader moved to square 24 : Go
Conservative Banker rolled 11
Conservative Banker moved to square 4 : Go
Aggressive Invester rolled 4
Aggressive Invester moved to square 12 : Go
Risk Taker rolled 9
Risk Taker moved to square 11 : Go
currunt round is : 77
Oppotunistic Trader rolled 9
Oppotunistic Trader moved to square 33 : Go
Conservative Banker rolled 12
Conservative Banker moved to square 16 : Go
Aggressive Invester rolled 7
Aggressive Invester moved to square 19 : Go
Risk Taker rolled 2
Risk Taker moved to square 13 : Go
currunt round is : 77
Oppotunistic Trader rolled 4
Oppotunistic Trader moved to square 37 : Go
Conservative Banker rolled 2
Conservative Banker moved to square 18 : Go
Aggressive Invester rolled 4
Aggressive Invester moved to square 23 : Go
Risk Taker rolled 9
Risk Taker moved to square 22 : Go
currunt round is : 77
Oppotunistic Trader rolled 11
Oppotunistic Trader moved to square 9 : Go
Conservative Banker rolled 9
Conservative Banker moved to square 27 : Go
Aggressive Invester rolled 8
Aggressive Invester moved to square 31 : Go
Risk Taker rolled 2
Risk Taker moved to square 24 : Go
currunt round is : 77
Oppotunistic Trader rolled 8
Oppotunistic Trader moved to square 17 : Go
Conservative Banker rolled 2
Conservative Banker moved to square 29 : Go
Aggressive Invester rolled 2
Aggressive Invester moved to square 33 : Go
Risk Taker rolled 3
Risk Taker moved to square 27 : Go
currunt round is : 78
Oppotunistic Trader rolled 6
Oppotunistic Trader moved to square 23 : Go
Conservative Banker rolled 12
Conservative Banker moved to square 2 : Go
Aggressive Invester rolled 9
Aggressive Invester moved to square 3 : Colombo Fort Railway Station
Risk Taker rolled 4
Risk Taker moved to square 31 : Go
currunt round is : 78
Oppotunistic Trader rolled 7
Oppotunistic Trader moved to square 30 : Go
Conservative Banker rolled 12
Conservative Banker moved to square 14 : Go
Aggressive Invester rolled 5
Aggressive Invester moved to square 8 : Go
Risk Taker rolled 3
Risk Taker moved to square 34 : Go
currunt round is : 78
Oppotunistic Trader rolled 7
Oppotunistic Trader moved to square 37 : Go
Conservative Banker rolled 4
Conservative Banker moved to square 18 : Go
Aggressive Invester rolled 8
Aggressive Invester moved to square 16 : Go
Risk Taker rolled 3
Risk Taker moved to square 37 : Go
currunt round is : 78
Oppotunistic Trader rolled 2
Oppotunistic Trader moved to square 0 : Go
Conservative Banker rolled 8
Conservative Banker moved to square 26 : Go
Aggressive Invester rolled 9
Aggressive Invester moved to square 25 : Go
Risk Taker rolled 7
Risk Taker moved to square 5 : Go
currunt round is : 78
Oppotunistic Trader rolled 6
Oppotunistic Trader moved to square 6 : Go
Conservative Banker rolled 3
Conservative Banker moved to square 29 : Go
Aggressive Invester rolled 7
Aggressive Invester moved to square 32 : Go
Risk Taker rolled 6
Risk Taker moved to square 11 : Go
currunt round is : 78
Oppotunistic Trader rolled 12
Oppotunistic Trader moved to square 18 : Go
Conservative Banker rolled 7
Conservative Banker moved to square 36 : Go
Aggressive Invester rolled 2
Aggressive Invester moved to square 34 : Go
Risk Taker rolled 11
Risk Taker moved to square 22 : Go
currunt round is : 79
Oppotunistic Trader rolled 3
Oppotunistic Trader moved to square 21 : Go
Conservative Banker rolled 7
Conservative Banker moved to square 4 : Go
Aggressive Invester rolled 9
Aggressive Invester moved to square 4 : Go
Risk Taker rolled 9
Risk Taker moved to square 31 : Go
currunt round is : 79
Oppotunistic Trader rolled 7
Oppotunistic Trader moved to square 28 : Go
Conservative Banker rolled 9
Conservative Banker moved to square 13 : Go
Aggressive Invester rolled 8
Aggressive Invester moved to square 12 : Go
Risk Taker rolled 10
Risk Taker moved to square 2 : Go
currunt round is : 79
Oppotunistic Trader rolled 6
Oppotunistic Trader moved to square 34 : Go
Conservative Banker rolled 3
Conservative Banker moved to square 16 : Go
Aggressive Invester rolled 12
Aggressive Invester moved to square 24 : Go
Risk Taker rolled 11
Risk Taker moved to square 13 : Go
currunt round is : 79
Oppotunistic Trader rolled 2
Oppotunistic Trader moved to square 36 : Go
Conservative Banker rolled 3
Conservative Banker moved to square 19 : Go
Aggressive Invester rolled 10
Aggressive Invester moved to square 34 : Go
Risk Taker rolled 6
Risk Taker moved to square 19 : Go
currunt round is : 79
Oppotunistic Trader rolled 5
Oppotunistic Trader moved to square 2 : Go
Conservative Banker rolled 6
Conservative Banker moved to square 25 : Go
Aggressive Invester rolled 7
Aggressive Invester moved to square 2 : Go
Risk Taker rolled 3
Risk Taker moved to square 22 : Go
currunt round is : 79
Oppotunistic Trader rolled 12
Oppotunistic Trader moved to square 14 : Go
Conservative Banker rolled 12
Conservative Banker moved to square 37 : Go
Aggressive Invester rolled 8
Aggressive Invester moved to square 10 : Go
Risk Taker rolled 3
Risk Taker moved to square 25 : Go
currunt round is : 80
Oppotunistic Trader rolled 11
Oppotunistic Trader moved to square 25 : Go
Conservative Banker rolled 3
Conservative Banker moved to square 1 : Pettah
Aggressive Invester rolled 7
Aggressive Invester moved to square 17 : Go
Risk Taker rolled 11
Risk Taker moved to square 36 : Go
currunt round is : 80
Oppotunistic Trader rolled 8
Oppotunistic Trader moved to square 33 : Go
Conservative Banker rolled 6
Conservative Banker moved to square 7 : Go
Aggressive Invester rolled 7
Aggressive Invester moved to square 24 : Go
Risk Taker rolled 8
Risk Taker moved to square 5 : Go
currunt round is : 80
Oppotunistic Trader rolled 11
Oppotunistic Trader moved to square 5 : Go
Conservative Banker rolled 3
Conservative Banker moved to square 10 : Go
Aggressive Invester rolled 2
Aggressive Invester moved to square 26 : Go
Risk Taker rolled 3
Risk Taker moved to square 8 : Go
currunt round is : 80
Oppotunistic Trader rolled 8
Oppotunistic Trader moved to square 13 : Go
Conservative Banker rolled 9
Conservative Banker moved to square 19 : Go
Aggressive Invester rolled 11
Aggressive Invester moved to square 37 : Go
Risk Taker rolled 2
Risk Taker moved to square 10 : Go
currunt round is : 81
Oppotunistic Trader rolled 10
Oppotunistic Trader moved to square 23 : Go
Conservative Banker rolled 9
Conservative Banker moved to square 28 : Go
Aggressive Invester rolled 9
Aggressive Invester moved to square 7 : Go
Risk Taker rolled 8
Risk Taker moved to square 18 : Go
currunt round is : 81
Oppotunistic Trader rolled 10
Oppotunistic Trader moved to square 33 : Go
Conservative Banker rolled 7
Conservative Banker moved to square 35 : Go
Aggressive Invester rolled 10
Aggressive Invester moved to square 17 : Go
Risk Taker rolled 11
Risk Taker moved to square 29 : Go
currunt round is : 81
Oppotunistic Trader rolled 9
Oppotunistic Trader moved to square 3 : Colombo Fort Railway Station
Conservative Banker rolled 3
Conservative Banker moved to square 38 : Go
Aggressive Invester rolled 12
Aggressive Invester moved to square 29 : Go
Risk Taker rolled 6
Risk Taker moved to square 35 : Go
currunt round is : 81
Oppotunistic Trader rolled 2
Oppotunistic Trader moved to square 5 : Go
Conservative Banker rolled 7
Conservative Banker moved to square 6 : Go
Aggressive Invester rolled 8
Aggressive Invester moved to square 37 : Go
Risk Taker rolled 12
Risk Taker moved to square 8 : Go
currunt round is : 82
Oppotunistic Trader rolled 6
Oppotunistic Trader moved to square 11 : Go
Conservative Banker rolled 2
Conservative Banker moved to square 8 : Go
Aggressive Invester rolled 10
Aggressive Invester moved to square 8 : Go
Risk Taker rolled 11
Risk Taker moved to square 19 : Go
currunt round is : 82
Oppotunistic Trader rolled 6
Oppotunistic Trader moved to square 17 : Go
Conservative Banker rolled 4
Conservative Banker moved to square 12 : Go
Aggressive Invester rolled 6
Aggressive Invester moved to square 14 : Go
Risk Taker rolled 2
Risk Taker moved to square 21 : Go
currunt round is : 82
Oppotunistic Trader rolled 3
Oppotunistic Trader moved to square 20 : Go
Conservative Banker rolled 6
Conservative Banker moved to square 18 : Go
Aggressive Invester rolled 4
Aggressive Invester moved to square 18 : Go
Risk Taker rolled 9
Risk Taker moved to square 30 : Go
currunt round is : 82
Oppotunistic Trader rolled 2
Oppotunistic Trader moved to square 22 : Go
Conservative Banker rolled 11
Conservative Banker moved to square 29 : Go
Aggressive Invester rolled 7
Aggressive Invester moved to square 25 : Go
Risk Taker rolled 8
Risk Taker moved to square 38 : Go
currunt round is : 82
Oppotunistic Trader rolled 7
Oppotunistic Trader moved to square 29 : Go
Conservative Banker rolled 4
Conservative Banker moved to square 33 : Go
Aggressive Invester rolled 2
Aggressive Invester moved to square 27 : Go
Risk Taker rolled 2
Risk Taker moved to square 1 : Pettah
currunt round is : 82
Oppotunistic Trader rolled 7
Oppotunistic Trader moved to square 36 : Go
Conservative Banker rolled 10
Conservative Banker moved to square 4 : Go
Aggressive Invester rolled 11
Aggressive Invester moved to square 38 : Go
Risk Taker rolled 3
Risk Taker moved to square 4 : Go
currunt round is : 82
Oppotunistic Trader rolled 11
Oppotunistic Trader moved to square 8 : Go
Conservative Banker rolled 8
Conservative Banker moved to square 12 : Go
Aggressive Invester rolled 5
Aggressive Invester moved to square 4 : Go
Risk Taker rolled 12
Risk Taker moved to square 16 : Go
currunt round is : 82
Oppotunistic Trader rolled 12
Oppotunistic Trader moved to square 20 : Go
Conservative Banker rolled 11
Conservative Banker moved to square 23 : Go
Aggressive Invester rolled 11
Aggressive Invester moved to square 15 : Go
Risk Taker rolled 5
Risk Taker moved to square 21 : Go
currunt round is : 83
Oppotunistic Trader rolled 10
Oppotunistic Trader moved to square 30 : Go
Conservative Banker rolled 6
Conservative Banker moved to square 29 : Go
Aggressive Invester rolled 12
Aggressive Invester moved to square 27 : Go
Risk Taker rolled 12
Risk Taker moved to square 33 : Go
currunt round is : 83
Oppotunistic Trader rolled 6
Oppotunistic Trader moved to square 36 : Go
Conservative Banker rolled 5
Conservative Banker moved to square 34 : Go
Aggressive Invester rolled 2
Aggressive Invester moved to square 29 : Go
Risk Taker rolled 7
Risk Taker moved to square 1 : Pettah
currunt round is : 83
Oppotunistic Trader rolled 8
Oppotunistic Trader moved to square 5 : Go
Conservative Banker rolled 2
Conservative Banker moved to square 36 : Go
Aggressive Invester rolled 12
Aggressive Invester moved to square 2 : Go
Risk Taker rolled 8
Risk Taker moved to square 9 : Go
currunt round is : 83
Oppotunistic Trader rolled 11
Oppotunistic Trader moved to square 16 : Go
Conservative Banker rolled 7
Conservative Banker moved to square 4 : Go
Aggressive Invester rolled 2
Aggressive Invester moved to square 4 : Go
Risk Taker rolled 4
Risk Taker moved to square 13 : Go
currunt round is : 84
Oppotunistic Trader rolled 7
Oppotunistic Trader moved to square 23 : Go
Conservative Banker rolled 2
Conservative Banker moved to square 6 : Go
Aggressive Invester rolled 2
Aggressive Invester moved to square 6 : Go
Risk Taker rolled 12
Risk Taker moved to square 25 : Go
currunt round is : 84
Oppotunistic Trader rolled 10
Oppotunistic Trader moved to square 33 : Go
Conservative Banker rolled 10
Conservative Banker moved to square 16 : Go
Aggressive Invester rolled 11
Aggressive Invester moved to square 17 : Go
Risk Taker rolled 9
Risk Taker moved to square 34 : Go
currunt round is : 84
Oppotunistic Trader rolled 5
Oppotunistic Trader moved to square 38 : Go
Conservative Banker rolled 3
Conservative Banker moved to square 19 : Go
Aggressive Invester rolled 6
Aggressive Invester moved to square 23 : Go
Risk Taker rolled 4
Risk Taker moved to square 38 : Go
currunt round is : 84
Oppotunistic Trader rolled 11
Oppotunistic Trader moved to square 10 : Go
Conservative Banker rolled 2
Conservative Banker moved to square 21 : Go
Aggressive Invester rolled 6
Aggressive Invester moved to square 29 : Go
Risk Taker rolled 6
Risk Taker moved to square 5 : Go
currunt round is : 84
Oppotunistic Trader rolled 6
Oppotunistic Trader moved to square 16 : Go
Conservative Banker rolled 5
Conservative Banker moved to square 26 : Go
Aggressive Invester rolled 5
Aggressive Invester moved to square 34 : Go
Risk Taker rolled 10
Risk Taker moved to square 15 : Go
currunt round is : 85
Oppotunistic Trader rolled 9
Oppotunistic Trader moved to square 25 : Go
Conservative Banker rolled 3
Conservative Banker moved to square 29 : Go
Aggressive Invester rolled 2
Aggressive Invester moved to square 36 : Go
Risk Taker rolled 4
Risk Taker moved to square 19 : Go
currunt round is : 85
Oppotunistic Trader rolled 3
Oppotunistic Trader moved to square 28 : Go
Conservative Banker rolled 12
Conservative Banker moved to square 2 : Go
Aggressive Invester rolled 8
Aggressive Invester moved to square 5 : Go
Risk Taker rolled 11
Risk Taker moved to square 30 : Go
currunt round is : 85
Oppotunistic Trader rolled 4
Oppotunistic Trader moved to square 32 : Go
Conservative Banker rolled 6
Conservative Banker moved to square 8 : Go
Aggressive Invester rolled 11
Aggressive Invester moved to square 16 : Go
Risk Taker rolled 9
Risk Taker moved to square 0 : Go
currunt round is : 85
Oppotunistic Trader rolled 6
Oppotunistic Trader moved to square 38 : Go
Conservative Banker rolled 11
Conservative Banker moved to square 19 : Go
Aggressive Invester rolled 8
Aggressive Invester moved to square 24 : Go
Risk Taker rolled 2
Risk Taker moved to square 2 : Go
currunt round is : 85
Oppotunistic Trader rolled 8
Oppotunistic Trader moved to square 7 : Go
Conservative Banker rolled 4
Conservative Banker moved to square 23 : Go
Aggressive Invester rolled 7
Aggressive Invester moved to square 31 : Go
Risk Taker rolled 12
Risk Taker moved to square 14 : Go
currunt round is : 85
Oppotunistic Trader rolled 4
Oppotunistic Trader moved to square 11 : Go
Conservative Banker rolled 11
Conservative Banker moved to square 34 : Go
Aggressive Invester rolled 12
Aggressive Invester moved to square 4 : Go
Risk Taker rolled 11
Risk Taker moved to square 25 : Go
currunt round is : 86
Oppotunistic Trader rolled 11
Oppotunistic Trader moved to square 22 : Go
Conservative Banker rolled 5
Conservative Banker moved to square 0 : Go
Aggressive Invester rolled 4
Aggressive Invester moved to square 8 : Go
Risk Taker rolled 2
Risk Taker moved to square 27 : Go
currunt round is : 86
Oppotunistic Trader rolled 9
Oppotunistic Trader moved to square 31 : Go
Conservative Banker rolled 5
Conservative Banker moved to square 5 : Go
Aggressive Invester rolled 8
Aggressive Invester moved to square 16 : Go
Risk Taker rolled 3
Risk Taker moved to square 30 : Go
currunt round is : 86
Oppotunistic Trader rolled 7
Oppotunistic Trader moved to square 38 : Go
Conservative Banker rolled 8
Conservative Banker moved to square 13 : Go
Aggressive Invester rolled 3
Aggressive Invester moved to square 19 : Go
Risk Taker rolled 6
Risk Taker moved to square 36 : Go
currunt round is : 86
Oppotunistic Trader rolled 5
Oppotunistic Trader moved to square 4 : Go
Conservative Banker rolled 9
Conservative Banker moved to square 22 : Go
Aggressive Invester rolled 2
Aggressive Invester moved to square 21 : Go
Risk Taker rolled 8
Risk Taker moved to square 5 : Go
currunt round is : 86
Oppotunistic Trader rolled 12
Oppotunistic Trader moved to square 16 : Go
Conservative Banker rolled 11
Conservative Banker moved to square 33 : Go
Aggressive Invester rolled 4
Aggressive Invester moved to square 25 : Go
Risk Taker rolled 5
Risk Taker moved to square 10 : Go
currunt round is : 87
Oppotunistic Trader rolled 8
Oppotunistic Trader moved to square 24 : Go
Conservative Banker rolled 9
Conservative Banker moved to square 3 : Colombo Fort Railway Station
Aggressive Invester rolled 3
Aggressive Invester moved to square 28 : Go
Risk Taker rolled 3
Risk Taker moved to square 13 : Go
currunt round is : 87
Oppotunistic Trader rolled 9
Oppotunistic Trader moved to square 33 : Go
Conservative Banker rolled 8
Conservative Banker moved to square 11 : Go
Aggressive Invester rolled 11
Aggressive Invester moved to square 0 : Go
Risk Taker rolled 11
Risk Taker moved to square 24 : Go
currunt round is : 87
Oppotunistic Trader rolled 6
Oppotunistic Trader moved to square 0 : Go
Conservative Banker rolled 9
Conservative Banker moved to square 20 : Go
Aggressive Invester rolled 7
Aggressive Invester moved to square 7 : Go
Risk Taker rolled 2
Risk Taker moved to square 26 : Go
currunt round is : 87
Oppotunistic Trader rolled 12
Oppotunistic Trader moved to square 12 : Go
Conservative Banker rolled 9
Conservative Banker moved to square 29 : Go
Aggressive Invester rolled 2
Aggressive Invester moved to square 9 : Go
Risk Taker rolled 6
Risk Taker moved to square 32 : Go
currunt round is : 87
Oppotunistic Trader rolled 11
Oppotunistic Trader moved to square 23 : Go
Conservative Banker rolled 8
Conservative Banker moved to square 37 : Go
Aggressive Invester rolled 7
Aggressive Invester moved to square 16 : Go
Risk Taker rolled 5
Risk Taker moved to square 37 : Go
currunt round is : 88
Oppotunistic Trader rolled 12
Oppotunistic Trader moved to square 35 : Go
Conservative Banker rolled 8
Conservative Banker moved to square 6 : Go
Aggressive Invester rolled 7
Aggressive Invester moved to square 23 : Go
Risk Taker rolled 3
Risk Taker moved to square 1 : Pettah
currunt round is : 88
Oppotunistic Trader rolled 3
Oppotunistic Trader moved to square 38 : Go
Conservative Banker rolled 8
Conservative Banker moved to square 14 : Go
Aggressive Invester rolled 9
Aggressive Invester moved to square 32 : Go
Risk Taker rolled 2
Risk Taker moved to square 3 : Colombo Fort Railway Station
currunt round is : 88
Oppotunistic Trader rolled 6
Oppotunistic Trader moved to square 5 : Go
Conservative Banker rolled 9
Conservative Banker moved to square 23 : Go
Aggressive Invester rolled 3
Aggressive Invester moved to square 35 : Go
Risk Taker rolled 12
Risk Taker moved to square 15 : Go
currunt round is : 88
Oppotunistic Trader rolled 5
Oppotunistic Trader moved to square 10 : Go
Conservative Banker rolled 5
Conservative Banker moved to square 28 : Go
Aggressive Invester rolled 12
Aggressive Invester moved to square 8 : Go
Risk Taker rolled 2
Risk Taker moved to square 17 : Go
currunt round is : 89
Oppotunistic Trader rolled 9
Oppotunistic Trader moved to square 19 : Go
Conservative Banker rolled 8
Conservative Banker moved to square 36 : Go
Aggressive Invester rolled 9
Aggressive Invester moved to square 17 : Go
Risk Taker rolled 3
Risk Taker moved to square 20 : Go
currunt round is : 89
Oppotunistic Trader rolled 4
Oppotunistic Trader moved to square 23 : Go
Conservative Banker rolled 4
Conservative Banker moved to square 1 : Pettah
Aggressive Invester rolled 12
Aggressive Invester moved to square 29 : Go
Risk Taker rolled 2
Risk Taker moved to square 22 : Go
currunt round is : 89
Oppotunistic Trader rolled 9
Oppotunistic Trader moved to square 32 : Go
Conservative Banker rolled 2
Conservative Banker moved to square 3 : Colombo Fort Railway Station
Aggressive Invester rolled 6
Aggressive Invester moved to square 35 : Go
Risk Taker rolled 7
Risk Taker moved to square 29 : Go
currunt round is : 89
Oppotunistic Trader rolled 6
Oppotunistic Trader moved to square 38 : Go
Conservative Banker rolled 10
Conservative Banker moved to square 13 : Go
Aggressive Invester rolled 8
Aggressive Invester moved to square 4 : Go
Risk Taker rolled 4
Risk Taker moved to square 33 : Go
currunt round is : 89
Oppotunistic Trader rolled 3
Oppotunistic Trader moved to square 2 : Go
Conservative Banker rolled 3
Conservative Banker moved to square 16 : Go
Aggressive Invester rolled 5
Aggressive Invester moved to square 9 : Go
Risk Taker rolled 2
Risk Taker moved to square 35 : Go
currunt round is : 89
Oppotunistic Trader rolled 9
Oppotunistic Trader moved to square 11 : Go
Conservative Banker rolled 10
Conservative Banker moved to square 26 : Go
Aggressive Invester rolled 11
Aggressive Invester moved to square 20 : Go
Risk Taker rolled 11
Risk Taker moved to square 7 : Go
currunt round is : 90
Oppotunistic Trader rolled 6
Oppotunistic Trader moved to square 17 : Go
Conservative Banker rolled 2
Conservative Banker moved to square 28 : Go
Aggressive Invester rolled 9
Aggressive Invester moved to square 29 : Go
Risk Taker rolled 10
Risk Taker moved to square 17 : Go
currunt round is : 90
Oppotunistic Trader rolled 3
Oppotunistic Trader moved to square 20 : Go
Conservative Banker rolled 8
Conservative Banker moved to square 36 : Go
Aggressive Invester rolled 8
Aggressive Invester moved to square 37 : Go
Risk Taker rolled 10
Risk Taker moved to square 27 : Go
currunt round is : 90
Oppotunistic Trader rolled 12
Oppotunistic Trader moved to square 32 : Go
Conservative Banker rolled 2
Conservative Banker moved to square 38 : Go
Aggressive Invester rolled 9
Aggressive Invester moved to square 7 : Go
Risk Taker rolled 2
Risk Taker moved to square 29 : Go
currunt round is : 90
Oppotunistic Trader rolled 2
Oppotunistic Trader moved to square 34 : Go
Conservative Banker rolled 9
Conservative Banker moved to square 8 : Go
Aggressive Invester rolled 2
Aggressive Invester moved to square 9 : Go
Risk Taker rolled 10
Risk Taker moved to square 0 : Go
currunt round is : 90
Oppotunistic Trader rolled 7
Oppotunistic Trader moved to square 2 : Go
Conservative Banker rolled 6
Conservative Banker moved to square 14 : Go
Aggressive Invester rolled 2
Aggressive Invester moved to square 11 : Go
Risk Taker rolled 9
Risk Taker moved to square 9 : Go
currunt round is : 90
Oppotunistic Trader rolled 12
Oppotunistic Trader moved to square 14 : Go
Conservative Banker rolled 9
Conservative Banker moved to square 23 : Go
Aggressive Invester rolled 9
Aggressive Invester moved to square 20 : Go
Risk Taker rolled 3
Risk Taker moved to square 12 : Go
currunt round is : 91
Oppotunistic Trader rolled 8
Oppotunistic Trader moved to square 22 : Go
Conservative Banker rolled 10
Conservative Banker moved to square 33 : Go
Aggressive Invester rolled 3
Aggressive Invester moved to square 23 : Go
Risk Taker rolled 2
Risk Taker moved to square 14 : Go
currunt round is : 91
Oppotunistic Trader rolled 7
Oppotunistic Trader moved to square 29 : Go
Conservative Banker rolled 2
Conservative Banker moved to square 35 : Go
Aggressive Invester rolled 11
Aggressive Invester moved to square 34 : Go
Risk Taker rolled 12
Risk Taker moved to square 26 : Go
currunt round is : 91
Oppotunistic Trader rolled 11
Oppotunistic Trader moved to square 1 : Pettah
Conservative Banker rolled 7
Conservative Banker moved to square 3 : Colombo Fort Railway Station
Aggressive Invester rolled 7
Aggressive Invester moved to square 2 : Go
Risk Taker rolled 10
Risk Taker moved to square 36 : Go
currunt round is : 91
Oppotunistic Trader rolled 11
Oppotunistic Trader moved to square 12 : Go
Conservative Banker rolled 11
Conservative Banker moved to square 14 : Go
Aggressive Invester rolled 5
Aggressive Invester moved to square 7 : Go
Risk Taker rolled 9
Risk Taker moved to square 6 : Go
currunt round is : 92
Oppotunistic Trader rolled 11
Oppotunistic Trader moved to square 23 : Go
Conservative Banker rolled 2
Conservative Banker moved to square 16 : Go
Aggressive Invester rolled 9
Aggressive Invester moved to square 16 : Go
Risk Taker rolled 10
Risk Taker moved to square 16 : Go
currunt round is : 92
Oppotunistic Trader rolled 7
Oppotunistic Trader moved to square 30 : Go
Conservative Banker rolled 9
Conservative Banker moved to square 25 : Go
Aggressive Invester rolled 5
Aggressive Invester moved to square 21 : Go
Risk Taker rolled 10
Risk Taker moved to square 26 : Go
currunt round is : 92
Oppotunistic Trader rolled 11
Oppotunistic Trader moved to square 2 : Go
Conservative Banker rolled 5
Conservative Banker moved to square 30 : Go
Aggressive Invester rolled 4
Aggressive Invester moved to square 25 : Go
Risk Taker rolled 11
Risk Taker moved to square 37 : Go
currunt round is : 92
Oppotunistic Trader rolled 10
Oppotunistic Trader moved to square 12 : Go
Conservative Banker rolled 10
Conservative Banker moved to square 1 : Pettah
Aggressive Invester rolled 10
Aggressive Invester moved to square 35 : Go
Risk Taker rolled 5
Risk Taker moved to square 3 : Colombo Fort Railway Station
currunt round is : 93
Oppotunistic Trader rolled 7
Oppotunistic Trader moved to square 19 : Go
Conservative Banker rolled 11
Conservative Banker moved to square 12 : Go
Aggressive Invester rolled 5
Aggressive Invester moved to square 1 : Pettah
Risk Taker rolled 11
Risk Taker moved to square 14 : Go
currunt round is : 93
Oppotunistic Trader rolled 9
Oppotunistic Trader moved to square 28 : Go
Conservative Banker rolled 4
Conservative Banker moved to square 16 : Go
Aggressive Invester rolled 10
Aggressive Invester moved to square 11 : Go
Risk Taker rolled 7
Risk Taker moved to square 21 : Go
currunt round is : 93
Oppotunistic Trader rolled 7
Oppotunistic Trader moved to square 35 : Go
Conservative Banker rolled 2
Conservative Banker moved to square 18 : Go
Aggressive Invester rolled 2
Aggressive Invester moved to square 13 : Go
Risk Taker rolled 4
Risk Taker moved to square 25 : Go
currunt round is : 93
Oppotunistic Trader rolled 11
Oppotunistic Trader moved to square 7 : Go
Conservative Banker rolled 6
Conservative Banker moved to square 24 : Go
Aggressive Invester rolled 11
Aggressive Invester moved to square 24 : Go
Risk Taker rolled 7
Risk Taker moved to square 32 : Go
currunt round is : 93
Oppotunistic Trader rolled 6
Oppotunistic Trader moved to square 13 : Go
Conservative Banker rolled 7
Conservative Banker moved to square 31 : Go
Aggressive Invester rolled 4
Aggressive Invester moved to square 28 : Go
Risk Taker rolled 9
Risk Taker moved to square 2 : Go
currunt round is : 94
Oppotunistic Trader rolled 12
Oppotunistic Trader moved to square 25 : Go
Conservative Banker rolled 7
Conservative Banker moved to square 38 : Go
Aggressive Invester rolled 4
Aggressive Invester moved to square 32 : Go
Risk Taker rolled 10
Risk Taker moved to square 12 : Go
currunt round is : 94
Oppotunistic Trader rolled 9
Oppotunistic Trader moved to square 34 : Go
Conservative Banker rolled 4
Conservative Banker moved to square 3 : Colombo Fort Railway Station
Aggressive Invester rolled 6
Aggressive Invester moved to square 38 : Go
Risk Taker rolled 6
Risk Taker moved to square 18 : Go
currunt round is : 94
Oppotunistic Trader rolled 12
Oppotunistic Trader moved to square 7 : Go
Conservative Banker rolled 3
Conservative Banker moved to square 6 : Go
Aggressive Invester rolled 10
Aggressive Invester moved to square 9 : Go
Risk Taker rolled 5
Risk Taker moved to square 23 : Go
currunt round is : 94
Oppotunistic Trader rolled 11
Oppotunistic Trader moved to square 18 : Go
Conservative Banker rolled 11
Conservative Banker moved to square 17 : Go
Aggressive Invester rolled 3
Aggressive Invester moved to square 12 : Go
Risk Taker rolled 7
Risk Taker moved to square 30 : Go
currunt round is : 95
Oppotunistic Trader rolled 11
Oppotunistic Trader moved to square 29 : Go
Conservative Banker rolled 9
Conservative Banker moved to square 26 : Go
Aggressive Invester rolled 11
Aggressive Invester moved to square 23 : Go
Risk Taker rolled 6
Risk Taker moved to square 36 : Go
currunt round is : 95
Oppotunistic Trader rolled 9
Oppotunistic Trader moved to square 38 : Go
Conservative Banker rolled 11
Conservative Banker moved to square 37 : Go
Aggressive Invester rolled 6
Aggressive Invester moved to square 29 : Go
Risk Taker rolled 5
Risk Taker moved to square 2 : Go
currunt round is : 95
Oppotunistic Trader rolled 4
Oppotunistic Trader moved to square 3 : Colombo Fort Railway Station
Conservative Banker rolled 4
Conservative Banker moved to square 2 : Go
Aggressive Invester rolled 10
Aggressive Invester moved to square 0 : Go
Risk Taker rolled 6
Risk Taker moved to square 8 : Go
currunt round is : 95
Oppotunistic Trader rolled 7
Oppotunistic Trader moved to square 10 : Go
Conservative Banker rolled 11
Conservative Banker moved to square 13 : Go
Aggressive Invester rolled 11
Aggressive Invester moved to square 11 : Go
Risk Taker rolled 6
Risk Taker moved to square 14 : Go
currunt round is : 96
Oppotunistic Trader rolled 3
Oppotunistic Trader moved to square 13 : Go
Conservative Banker rolled 2
Conservative Banker moved to square 15 : Go
Aggressive Invester rolled 3
Aggressive Invester moved to square 14 : Go
Risk Taker rolled 10
Risk Taker moved to square 24 : Go
currunt round is : 96
Oppotunistic Trader rolled 5
Oppotunistic Trader moved to square 18 : Go
Conservative Banker rolled 6
Conservative Banker moved to square 21 : Go
Aggressive Invester rolled 2
Aggressive Invester moved to square 16 : Go
Risk Taker rolled 2
Risk Taker moved to square 26 : Go
currunt round is : 96
Oppotunistic Trader rolled 7
Oppotunistic Trader moved to square 25 : Go
Conservative Banker rolled 8
Conservative Banker moved to square 29 : Go
Aggressive Invester rolled 5
Aggressive Invester moved to square 21 : Go
Risk Taker rolled 3
Risk Taker moved to square 29 : Go
currunt round is : 96
Oppotunistic Trader rolled 6
Oppotunistic Trader moved to square 31 : Go
Conservative Banker rolled 6
Conservative Banker moved to square 35 : Go
Aggressive Invester rolled 9
Aggressive Invester moved to square 30 : Go
Risk Taker rolled 3
Risk Taker moved to square 32 : Go
currunt round is : 96
Oppotunistic Trader rolled 2
Oppotunistic Trader moved to square 33 : Go
Conservative Banker rolled 5
Conservative Banker moved to square 1 : Pettah
Aggressive Invester rolled 5
Aggressive Invester moved to square 35 : Go
Risk Taker rolled 7
Risk Taker moved to square 0 : Go
currunt round is : 96
Oppotunistic Trader rolled 3
Oppotunistic Trader moved to square 36 : Go
Conservative Banker rolled 9
Conservative Banker moved to square 10 : Go
Aggressive Invester rolled 10
Aggressive Invester moved to square 6 : Go
Risk Taker rolled 4
Risk Taker moved to square 4 : Go
currunt round is : 96
Oppotunistic Trader rolled 9
Oppotunistic Trader moved to square 6 : Go
Conservative Banker rolled 8
Conservative Banker moved to square 18 : Go
Aggressive Invester rolled 6
Aggressive Invester moved to square 12 : Go
Risk Taker rolled 3
Risk Taker moved to square 7 : Go
currunt round is : 96
Oppotunistic Trader rolled 4
Oppotunistic Trader moved to square 10 : Go
Conservative Banker rolled 5
Conservative Banker moved to square 23 : Go
Aggressive Invester rolled 7
Aggressive Invester moved to square 19 : Go
Risk Taker rolled 5
Risk Taker moved to square 12 : Go
currunt round is : 97
Oppotunistic Trader rolled 3
Oppotunistic Trader moved to square 13 : Go
Conservative Banker rolled 6
Conservative Banker moved to square 29 : Go
Aggressive Invester rolled 12
Aggressive Invester moved to square 31 : Go
Risk Taker rolled 6
Risk Taker moved to square 18 : Go
currunt round is : 97
Oppotunistic Trader rolled 10
Oppotunistic Trader moved to square 23 : Go
Conservative Banker rolled 10
Conservative Banker moved to square 0 : Go
Aggressive Invester rolled 5
Aggressive Invester moved to square 36 : Go
Risk Taker rolled 3
Risk Taker moved to square 21 : Go
currunt round is : 97
Oppotunistic Trader rolled 5
Oppotunistic Trader moved to square 28 : Go
Conservative Banker rolled 8
Conservative Banker moved to square 8 : Go
Aggressive Invester rolled 4
Aggressive Invester moved to square 1 : Pettah
Risk Taker rolled 7
Risk Taker moved to square 28 : Go
currunt round is : 97
Oppotunistic Trader rolled 11
Oppotunistic Trader moved to square 0 : Go
Conservative Banker rolled 9
Conservative Banker moved to square 17 : Go
Aggressive Invester rolled 8
Aggressive Invester moved to square 9 : Go
Risk Taker rolled 11
Risk Taker moved to square 0 : Go
currunt round is : 97
Oppotunistic Trader rolled 12
Oppotunistic Trader moved to square 12 : Go
Conservative Banker rolled 11
Conservative Banker moved to square 28 : Go
Aggressive Invester rolled 6
Aggressive Invester moved to square 15 : Go
Risk Taker rolled 12
Risk Taker moved to square 12 : Go
currunt round is : 97
Oppotunistic Trader rolled 5
Oppotunistic Trader moved to square 17 : Go
Conservative Banker rolled 3
Conservative Banker moved to square 31 : Go
Aggressive Invester rolled 12
Aggressive Invester moved to square 27 : Go
Risk Taker rolled 12
Risk Taker moved to square 24 : Go
currunt round is : 98
Oppotunistic Trader rolled 7
Oppotunistic Trader moved to square 24 : Go
Conservative Banker rolled 5
Conservative Banker moved to square 36 : Go
Aggressive Invester rolled 2
Aggressive Invester moved to square 29 : Go
Risk Taker rolled 7
Risk Taker moved to square 31 : Go
currunt round is : 98
Oppotunistic Trader rolled 8
Oppotunistic Trader moved to square 32 : Go
Conservative Banker rolled 7
Conservative Banker moved to square 4 : Go
Aggressive Invester rolled 11
Aggressive Invester moved to square 1 : Pettah
Risk Taker rolled 10
Risk Taker moved to square 2 : Go
currunt round is : 98
Oppotunistic Trader rolled 10
Oppotunistic Trader moved to square 3 : Colombo Fort Railway Station
Conservative Banker rolled 8
Conservative Banker moved to square 12 : Go
Aggressive Invester rolled 12
Aggressive Invester moved to square 13 : Go
Risk Taker rolled 7
Risk Taker moved to square 9 : Go
currunt round is : 98
Oppotunistic Trader rolled 5
Oppotunistic Trader moved to square 8 : Go
Conservative Banker rolled 4
Conservative Banker moved to square 16 : Go
Aggressive Invester rolled 6
Aggressive Invester moved to square 19 : Go
Risk Taker rolled 6
Risk Taker moved to square 15 : Go
currunt round is : 99
Oppotunistic Trader rolled 9
Oppotunistic Trader moved to square 17 : Go
Conservative Banker rolled 9
Conservative Banker moved to square 25 : Go
Aggressive Invester rolled 11
Aggressive Invester moved to square 30 : Go
Risk Taker rolled 7
Risk Taker moved to square 22 : Go
currunt round is : 99
Oppotunistic Trader rolled 3
Oppotunistic Trader moved to square 20 : Go
Conservative Banker rolled 5
Conservative Banker moved to square 30 : Go
Aggressive Invester rolled 3
Aggressive Invester moved to square 33 : Go
Risk Taker rolled 3
Risk Taker moved to square 25 : Go
currunt round is : 99
Oppotunistic Trader rolled 3
Oppotunistic Trader moved to square 23 : Go
Conservative Banker rolled 5
Conservative Banker moved to square 35 : Go
Aggressive Invester rolled 11
Aggressive Invester moved to square 5 : Go
Risk Taker rolled 5
Risk Taker moved to square 30 : Go
currunt round is : 99
Oppotunistic Trader rolled 5
Oppotunistic Trader moved to square 28 : Go
Conservative Banker rolled 10
Conservative Banker moved to square 6 : Go
Aggressive Invester rolled 4
Aggressive Invester moved to square 9 : Go
Risk Taker rolled 10
Risk Taker moved to square 1 : Pettah
currunt round is : 99
Oppotunistic Trader rolled 2
Oppotunistic Trader moved to square 30 : Go
Conservative Banker rolled 5
Conservative Banker moved to square 11 : Go
Aggressive Invester rolled 5
Aggressive Invester moved to square 14 : Go
Risk Taker rolled 7
Risk Taker moved to square 8 : Go
currunt round is : 99
Oppotunistic Trader rolled 8
Oppotunistic Trader moved to square 38 : Go
Conservative Banker rolled 12
Conservative Banker moved to square 23 : Go
Aggressive Invester rolled 2
Aggressive Invester moved to square 16 : Go
Risk Taker rolled 5
Risk Taker moved to square 13 : Go
currunt round is : 99
Oppotunistic Trader rolled 5
Oppotunistic Trader moved to square 4 : Go
Conservative Banker rolled 12
Conservative Banker moved to square 35 : Go
Aggressive Invester rolled 9
Aggressive Invester moved to square 25 : Go
Risk Taker rolled 8
Risk Taker moved to square 21 : Go
currunt round is : 99
Oppotunistic Trader rolled 2
Oppotunistic Trader moved to square 6 : Go
Conservative Banker rolled 2
Conservative Banker moved to square 37 : Go
Aggressive Invester rolled 12
Aggressive Invester moved to square 37 : Go
Risk Taker rolled 9
Risk Taker moved to square 30 : Go
currunt round is : 100
Oppotunistic Trader rolled 7
Oppotunistic Trader moved to square 13 : Go
Conservative Banker rolled 8
Conservative Banker moved to square 6 : Go
Aggressive Invester rolled 12
Aggressive Invester moved to square 10 : Go
Risk Taker rolled 9
Risk Taker moved to square 0 : Go
currunt round is : 100
Oppotunistic Trader rolled 11
Oppotunistic Trader moved to square 24 : Go
Conservative Banker rolled 2
Conservative Banker moved to square 8 : Go
Aggressive Invester rolled 8
Aggressive Invester moved to square 18 : Go
Risk Taker rolled 11
Risk Taker moved to square 11 : Go
currunt round is : 100
Oppotunistic Trader rolled 6
Oppotunistic Trader moved to square 30 : Go
Conservative Banker rolled 4
Conservative Banker moved to square 12 : Go
Aggressive Invester rolled 3
Aggressive Invester moved to square 21 : Go
Risk Taker rolled 9
Risk Taker moved to square 20 : Go
currunt round is : 100
Oppotunistic Trader rolled 12
Oppotunistic Trader moved to square 3 : Colombo Fort Railway Station
Conservative Banker rolled 5
Conservative Banker moved to square 17 : Go
Aggressive Invester rolled 4
Aggressive Invester moved to square 25 : Go
Risk Taker rolled 10
Risk Taker moved to square 30 : Go
currunt round is : 100
Oppotunistic Trader rolled 6
Oppotunistic Trader moved to square 9 : Go
Conservative Banker rolled 5
Conservative Banker moved to square 22 : Go
Aggressive Invester rolled 2
Aggressive Invester moved to square 27 : Go
Risk Taker rolled 2
Risk Taker moved to square 32 : Go
currunt round is : 101
Oppotunistic Trader rolled 2
Oppotunistic Trader moved to square 11 : Go
Conservative Banker rolled 2
Conservative Banker moved to square 24 : Go
Aggressive Invester rolled 3
Aggressive Invester moved to square 30 : Go
Risk Taker rolled 5
Risk Taker moved to square 37 : Go
currunt round is : 101
Oppotunistic Trader rolled 11
Oppotunistic Trader moved to square 22 : Go
Conservative Banker rolled 10
Conservative Banker moved to square 34 : Go
Aggressive Invester rolled 11
Aggressive Invester moved to square 2 : Go
Risk Taker rolled 9
Risk Taker moved to square 7 : Go
currunt round is : 101
Oppotunistic Trader rolled 9
Oppotunistic Trader moved to square 31 : Go
Conservative Banker rolled 8
Conservative Banker moved to square 3 : Colombo Fort Railway Station
Aggressive Invester rolled 3
Aggressive Invester moved to square 5 : Go
Risk Taker rolled 12
Risk Taker moved to square 19 : Go
currunt round is : 101
Oppotunistic Trader rolled 4
Oppotunistic Trader moved to square 35 : Go
Conservative Banker rolled 2
Conservative Banker moved to square 5 : Go
Aggressive Invester rolled 8
Aggressive Invester moved to square 13 : Go
Risk Taker rolled 11
Risk Taker moved to square 30 : Go
currunt round is : 101
Oppotunistic Trader rolled 11
Oppotunistic Trader moved to square 7 : Go
Conservative Banker rolled 12
Conservative Banker moved to square 17 : Go
Aggressive Invester rolled 9
Aggressive Invester moved to square 22 : Go
Risk Taker rolled 4
Risk Taker moved to square 34 : Go
currunt round is : 101
Oppotunistic Trader rolled 3
Oppotunistic Trader moved to square 10 : Go
Conservative Banker rolled 10
Conservative Banker moved to square 27 : Go
Aggressive Invester rolled 9
Aggressive Invester moved to square 31 : Go
Risk Taker rolled 11
Risk Taker moved to square 6 : Go
currunt round is : 102
Oppotunistic Trader rolled 12
Oppotunistic Trader moved to square 22 : Go
Conservative Banker rolled 10
Conservative Banker moved to square 37 : Go
Aggressive Invester rolled 7
Aggressive Invester moved to square 38 : Go
Risk Taker rolled 5
Risk Taker moved to square 11 : Go
currunt round is : 102
Oppotunistic Trader rolled 2
Oppotunistic Trader moved to square 24 : Go
Conservative Banker rolled 7
Conservative Banker moved to square 5 : Go
Aggressive Invester rolled 5
Aggressive Invester moved to square 4 : Go
Risk Taker rolled 3
Risk Taker moved to square 14 : Go
currunt round is : 102
Oppotunistic Trader rolled 6
Oppotunistic Trader moved to square 30 : Go
Conservative Banker rolled 5
Conservative Banker moved to square 10 : Go
Aggressive Invester rolled 4
Aggressive Invester moved to square 8 : Go
Risk Taker rolled 4
Risk Taker moved to square 18 : Go
currunt round is : 102
Oppotunistic Trader rolled 11
Oppotunistic Trader moved to square 2 : Go
Conservative Banker rolled 3
Conservative Banker moved to square 13 : Go
Aggressive Invester rolled 9
Aggressive Invester moved to square 17 : Go
Risk Taker rolled 7
Risk Taker moved to square 25 : Go
currunt round is : 102
Oppotunistic Trader rolled 7
Oppotunistic Trader moved to square 9 : Go
Conservative Banker rolled 10
Conservative Banker moved to square 23 : Go
Aggressive Invester rolled 7
Aggressive Invester moved to square 24 : Go
Risk Taker rolled 7
Risk Taker moved to square 32 : Go
currunt round is : 103
Oppotunistic Trader rolled 8
Oppotunistic Trader moved to square 17 : Go
Conservative Banker rolled 11
Conservative Banker moved to square 34 : Go
Aggressive Invester rolled 6
Aggressive Invester moved to square 30 : Go
Risk Taker rolled 6
Risk Taker moved to square 38 : Go
currunt round is : 103
Oppotunistic Trader rolled 9
Oppotunistic Trader moved to square 26 : Go
Conservative Banker rolled 2
Conservative Banker moved to square 36 : Go
Aggressive Invester rolled 7
Aggressive Invester moved to square 37 : Go
Risk Taker rolled 8
Risk Taker moved to square 7 : Go
currunt round is : 103
Oppotunistic Trader rolled 9
Oppotunistic Trader moved to square 35 : Go
Conservative Banker rolled 12
Conservative Banker moved to square 9 : Go
Aggressive Invester rolled 5
Aggressive Invester moved to square 3 : Colombo Fort Railway Station
Risk Taker rolled 8
Risk Taker moved to square 15 : Go
currunt round is : 103
Oppotunistic Trader rolled 9
Oppotunistic Trader moved to square 5 : Go
Conservative Banker rolled 10
Conservative Banker moved to square 19 : Go
Aggressive Invester rolled 9
Aggressive Invester moved to square 12 : Go
Risk Taker rolled 8
Risk Taker moved to square 23 : Go
currunt round is : 103
Oppotunistic Trader rolled 2
Oppotunistic Trader moved to square 7 : Go
Conservative Banker rolled 11
Conservative Banker moved to square 30 : Go
Aggressive Invester rolled 7
Aggressive Invester moved to square 19 : Go
Risk Taker rolled 6
Risk Taker moved to square 29 : Go
currunt round is : 104
Oppotunistic Trader rolled 3
Oppotunistic Trader moved to square 10 : Go
Conservative Banker rolled 9
Conservative Banker moved to square 0 : Go
Aggressive Invester rolled 6
Aggressive Invester moved to square 25 : Go
Risk Taker rolled 12
Risk Taker moved to square 2 : Go
currunt round is : 104
Oppotunistic Trader rolled 8
Oppotunistic Trader moved to square 18 : Go
Conservative Banker rolled 2
Conservative Banker moved to square 2 : Go
Aggressive Invester rolled 5
Aggressive Invester moved to square 30 : Go
Risk Taker rolled 3
Risk Taker moved to square 5 : Go
currunt round is : 104
Oppotunistic Trader rolled 8
Oppotunistic Trader moved to square 26 : Go
Conservative Banker rolled 10
Conservative Banker moved to square 12 : Go
Aggressive Invester rolled 6
Aggressive Invester moved to square 36 : Go
Risk Taker rolled 3
Risk Taker moved to square 8 : Go
currunt round is : 104
Oppotunistic Trader rolled 6
Oppotunistic Trader moved to square 32 : Go
Conservative Banker rolled 10
Conservative Banker moved to square 22 : Go
Aggressive Invester rolled 6
Aggressive Invester moved to square 3 : Colombo Fort Railway Station
Risk Taker rolled 11
Risk Taker moved to square 19 : Go
currunt round is : 104
Oppotunistic Trader rolled 9
Oppotunistic Trader moved to square 2 : Go
Conservative Banker rolled 11
Conservative Banker moved to square 33 : Go
Aggressive Invester rolled 7
Aggressive Invester moved to square 10 : Go
Risk Taker rolled 3
Risk Taker moved to square 22 : Go
currunt round is : 104
Oppotunistic Trader rolled 8
Oppotunistic Trader moved to square 10 : Go
Conservative Banker rolled 10
Conservative Banker moved to square 4 : Go
Aggressive Invester rolled 7
Aggressive Invester moved to square 17 : Go
Risk Taker rolled 5
Risk Taker moved to square 27 : Go
currunt round is : 105
Oppotunistic Trader rolled 7
Oppotunistic Trader moved to square 17 : Go
Conservative Banker rolled 3
Conservative Banker moved to square 7 : Go
Aggressive Invester rolled 11
Aggressive Invester moved to square 28 : Go
Risk Taker rolled 7
Risk Taker moved to square 34 : Go
currunt round is : 105
Oppotunistic Trader rolled 12
Oppotunistic Trader moved to square 29 : Go
Conservative Banker rolled 5
Conservative Banker moved to square 12 : Go
Aggressive Invester rolled 10
Aggressive Invester moved to square 38 : Go
Risk Taker rolled 2
Risk Taker moved to square 36 : Go
currunt round is : 105
Oppotunistic Trader rolled 10
Oppotunistic Trader moved to square 0 : Go
Conservative Banker rolled 3
Conservative Banker moved to square 15 : Go
Aggressive Invester rolled 2
Aggressive Invester moved to square 1 : Pettah
Risk Taker rolled 6
Risk Taker moved to square 3 : Colombo Fort Railway Station
currunt round is : 105
Oppotunistic Trader rolled 2
Oppotunistic Trader moved to square 2 : Go
Conservative Banker rolled 5
Conservative Banker moved to square 20 : Go
Aggressive Invester rolled 7
Aggressive Invester moved to square 8 : Go
Risk Taker rolled 8
Risk Taker moved to square 11 : Go
currunt round is : 105
Oppotunistic Trader rolled 11
Oppotunistic Trader moved to square 13 : Go
Conservative Banker rolled 11
Conservative Banker moved to square 31 : Go
Aggressive Invester rolled 8
Aggressive Invester moved to square 16 : Go
Risk Taker rolled 2
Risk Taker moved to square 13 : Go
currunt round is : 106
Oppotunistic Trader rolled 7
Oppotunistic Trader moved to square 20 : Go
Conservative Banker rolled 12
Conservative Banker moved to square 4 : Go
Aggressive Invester rolled 12
Aggressive Invester moved to square 28 : Go
Risk Taker rolled 12
Risk Taker moved to square 25 : Go
currunt round is : 106
Oppotunistic Trader rolled 8
Oppotunistic Trader moved to square 28 : Go
Conservative Banker rolled 4
Conservative Banker moved to square 8 : Go
Aggressive Invester rolled 2
Aggressive Invester moved to square 30 : Go
Risk Taker rolled 3
Risk Taker moved to square 28 : Go
currunt round is : 106
Oppotunistic Trader rolled 12
Oppotunistic Trader moved to square 1 : Pettah
Conservative Banker rolled 7
Conservative Banker moved to square 15 : Go
Aggressive Invester rolled 4
Aggressive Invester moved to square 34 : Go
Risk Taker rolled 4
Risk Taker moved to square 32 : Go
currunt round is : 106
Oppotunistic Trader rolled 8
Oppotunistic Trader moved to square 9 : Go
Conservative Banker rolled 11
Conservative Banker moved to square 26 : Go
Aggressive Invester rolled 7
Aggressive Invester moved to square 2 : Go
Risk Taker rolled 8
Risk Taker moved to square 1 : Pettah
currunt round is : 107
Oppotunistic Trader rolled 12
Oppotunistic Trader moved to square 21 : Go
Conservative Banker rolled 4
Conservative Banker moved to square 30 : Go
Aggressive Invester rolled 6
Aggressive Invester moved to square 8 : Go
Risk Taker rolled 10
Risk Taker moved to square 11 : Go
currunt round is : 107
Oppotunistic Trader rolled 4
Oppotunistic Trader moved to square 25 : Go
Conservative Banker rolled 4
Conservative Banker moved to square 34 : Go
Aggressive Invester rolled 3
Aggressive Invester moved to square 11 : Go
Risk Taker rolled 4
Risk Taker moved to square 15 : Go
currunt round is : 107
Oppotunistic Trader rolled 5
Oppotunistic Trader moved to square 30 : Go
Conservative Banker rolled 6
Conservative Banker moved to square 1 : Pettah
Aggressive Invester rolled 8
Aggressive Invester moved to square 19 : Go
Risk Taker rolled 3
Risk Taker moved to square 18 : Go
currunt round is : 107
Oppotunistic Trader rolled 2
Oppotunistic Trader moved to square 32 : Go
Conservative Banker rolled 3
Conservative Banker moved to square 4 : Go
Aggressive Invester rolled 2
Aggressive Invester moved to square 21 : Go
Risk Taker rolled 7
Risk Taker moved to square 25 : Go
currunt round is : 107
Oppotunistic Trader rolled 11
Oppotunistic Trader moved to square 4 : Go
Conservative Banker rolled 12
Conservative Banker moved to square 16 : Go
Aggressive Invester rolled 4
Aggressive Invester moved to square 25 : Go
Risk Taker rolled 4
Risk Taker moved to square 29 : Go
currunt round is : 107
Oppotunistic Trader rolled 12
Oppotunistic Trader moved to square 16 : Go
Conservative Banker rolled 4
Conservative Banker moved to square 20 : Go
Aggressive Invester rolled 6
Aggressive Invester moved to square 31 : Go
Risk Taker rolled 11
Risk Taker moved to square 1 : Pettah
currunt round is : 108
Oppotunistic Trader rolled 7
Oppotunistic Trader moved to square 23 : Go
Conservative Banker rolled 6
Conservative Banker moved to square 26 : Go
Aggressive Invester rolled 11
Aggressive Invester moved to square 3 : Colombo Fort Railway Station
Risk Taker rolled 12
Risk Taker moved to square 13 : Go
currunt round is : 108
Oppotunistic Trader rolled 5
Oppotunistic Trader moved to square 28 : Go
Conservative Banker rolled 5
Conservative Banker moved to square 31 : Go
Aggressive Invester rolled 5
Aggressive Invester moved to square 8 : Go
Risk Taker rolled 2
Risk Taker moved to square 15 : Go
currunt round is : 108
Oppotunistic Trader rolled 6
Oppotunistic Trader moved to square 34 : Go
Conservative Banker rolled 9
Conservative Banker moved to square 1 : Pettah
Aggressive Invester rolled 10
Aggressive Invester moved to square 18 : Go
Risk Taker rolled 8
Risk Taker moved to square 23 : Go
currunt round is : 108
Oppotunistic Trader rolled 12
Oppotunistic Trader moved to square 7 : Go
Conservative Banker rolled 9
Conservative Banker moved to square 10 : Go
Aggressive Invester rolled 8
Aggressive Invester moved to square 26 : Go
Risk Taker rolled 4
Risk Taker moved to square 27 : Go
currunt round is : 108
Oppotunistic Trader rolled 2
Oppotunistic Trader moved to square 9 : Go
Conservative Banker rolled 3
Conservative Banker moved to square 13 : Go
Aggressive Invester rolled 4
Aggressive Invester moved to square 30 : Go
Risk Taker rolled 12
Risk Taker moved to square 0 : Go
currunt round is : 109
Oppotunistic Trader rolled 3
Oppotunistic Trader moved to square 12 : Go
Conservative Banker rolled 4
Conservative Banker moved to square 17 : Go
Aggressive Invester rolled 4
Aggressive Invester moved to square 34 : Go
Risk Taker rolled 12
Risk Taker moved to square 12 : Go
currunt round is : 109
Oppotunistic Trader rolled 12
Oppotunistic Trader moved to square 24 : Go
Conservative Banker rolled 7
Conservative Banker moved to square 24 : Go
Aggressive Invester rolled 4
Aggressive Invester moved to square 38 : Go
Risk Taker rolled 11
Risk Taker moved to square 23 : Go
currunt round is : 109
Oppotunistic Trader rolled 7
Oppotunistic Trader moved to square 31 : Go
Conservative Banker rolled 6
Conservative Banker moved to square 30 : Go
Aggressive Invester rolled 7
Aggressive Invester moved to square 6 : Go
Risk Taker rolled 2
Risk Taker moved to square 25 : Go
currunt round is : 109
Oppotunistic Trader rolled 10
Oppotunistic Trader moved to square 2 : Go
Conservative Banker rolled 5
Conservative Banker moved to square 35 : Go
Aggressive Invester rolled 10
Aggressive Invester moved to square 16 : Go
Risk Taker rolled 11
Risk Taker moved to square 36 : Go
currunt round is : 109
Oppotunistic Trader rolled 6
Oppotunistic Trader moved to square 8 : Go
Conservative Banker rolled 2
Conservative Banker moved to square 37 : Go
Aggressive Invester rolled 12
Aggressive Invester moved to square 28 : Go
Risk Taker rolled 10
Risk Taker moved to square 7 : Go
currunt round is : 110
Oppotunistic Trader rolled 7
Oppotunistic Trader moved to square 15 : Go
Conservative Banker rolled 7
Conservative Banker moved to square 5 : Go
Aggressive Invester rolled 5
Aggressive Invester moved to square 33 : Go
Risk Taker rolled 4
Risk Taker moved to square 11 : Go
currunt round is : 110
Oppotunistic Trader rolled 4
Oppotunistic Trader moved to square 19 : Go
Conservative Banker rolled 11
Conservative Banker moved to square 16 : Go
Aggressive Invester rolled 7
Aggressive Invester moved to square 1 : Pettah
Risk Taker rolled 2
Risk Taker moved to square 13 : Go
currunt round is : 110
Oppotunistic Trader rolled 11
Oppotunistic Trader moved to square 30 : Go
Conservative Banker rolled 7
Conservative Banker moved to square 23 : Go
Aggressive Invester rolled 12
Aggressive Invester moved to square 13 : Go
Risk Taker rolled 12
Risk Taker moved to square 25 : Go
currunt round is : 110
Oppotunistic Trader rolled 7
Oppotunistic Trader moved to square 37 : Go
Conservative Banker rolled 4
Conservative Banker moved to square 27 : Go
Aggressive Invester rolled 11
Aggressive Invester moved to square 24 : Go
Risk Taker rolled 6
Risk Taker moved to square 31 : Go
currunt round is : 110
Oppotunistic Trader rolled 7
Oppotunistic Trader moved to square 5 : Go
Conservative Banker rolled 11
Conservative Banker moved to square 38 : Go
Aggressive Invester rolled 2
Aggressive Invester moved to square 26 : Go
Risk Taker rolled 12
Risk Taker moved to square 4 : Go
currunt round is : 110
Oppotunistic Trader rolled 4
Oppotunistic Trader moved to square 9 : Go
Conservative Banker rolled 5
Conservative Banker moved to square 4 : Go
Aggressive Invester rolled 10
Aggressive Invester moved to square 36 : Go
Risk Taker rolled 11
Risk Taker moved to square 15 : Go
currunt round is : 111
Oppotunistic Trader rolled 8
Oppotunistic Trader moved to square 17 : Go
Conservative Banker rolled 5
Conservative Banker moved to square 9 : Go
Aggressive Invester rolled 9
Aggressive Invester moved to square 6 : Go
Risk Taker rolled 12
Risk Taker moved to square 27 : Go
currunt round is : 111
Oppotunistic Trader rolled 5
Oppotunistic Trader moved to square 22 : Go
Conservative Banker rolled 6
Conservative Banker moved to square 15 : Go
Aggressive Invester rolled 10
Aggressive Invester moved to square 16 : Go
Risk Taker rolled 9
Risk Taker moved to square 36 : Go
currunt round is : 111
Oppotunistic Trader rolled 10
Oppotunistic Trader moved to square 32 : Go
Conservative Banker rolled 11
Conservative Banker moved to square 26 : Go
Aggressive Invester rolled 11
Aggressive Invester moved to square 27 : Go
Risk Taker rolled 10
Risk Taker moved to square 7 : Go
currunt round is : 111
Oppotunistic Trader rolled 8
Oppotunistic Trader moved to square 1 : Pettah
Conservative Banker rolled 3
Conservative Banker moved to square 29 : Go
Aggressive Invester rolled 10
Aggressive Invester moved to square 37 : Go
Risk Taker rolled 6
Risk Taker moved to square 13 : Go
currunt round is : 111
Oppotunistic Trader rolled 8
Oppotunistic Trader moved to square 9 : Go
Conservative Banker rolled 8
Conservative Banker moved to square 37 : Go
Aggressive Invester rolled 5
Aggressive Invester moved to square 3 : Colombo Fort Railway Station
Risk Taker rolled 2
Risk Taker moved to square 15 : Go
currunt round is : 112
Oppotunistic Trader rolled 8
Oppotunistic Trader moved to square 17 : Go
Conservative Banker rolled 12
Conservative Banker moved to square 10 : Go
Aggressive Invester rolled 4
Aggressive Invester moved to square 7 : Go
Risk Taker rolled 2
Risk Taker moved to square 17 : Go
currunt round is : 112
Oppotunistic Trader rolled 9
Oppotunistic Trader moved to square 26 : Go
Conservative Banker rolled 2
Conservative Banker moved to square 12 : Go
Aggressive Invester rolled 10
Aggressive Invester moved to square 17 : Go
Risk Taker rolled 9
Risk Taker moved to square 26 : Go
currunt round is : 112
Oppotunistic Trader rolled 5
Oppotunistic Trader moved to square 31 : Go
Conservative Banker rolled 6
Conservative Banker moved to square 18 : Go
Aggressive Invester rolled 7
Aggressive Invester moved to square 24 : Go
Risk Taker rolled 9
Risk Taker moved to square 35 : Go
currunt round is : 112
Oppotunistic Trader rolled 9
Oppotunistic Trader moved to square 1 : Pettah
Conservative Banker rolled 2
Conservative Banker moved to square 20 : Go
Aggressive Invester rolled 9
Aggressive Invester moved to square 33 : Go
Risk Taker rolled 11
Risk Taker moved to square 7 : Go
currunt round is : 112
Oppotunistic Trader rolled 4
Oppotunistic Trader moved to square 5 : Go
Conservative Banker rolled 4
Conservative Banker moved to square 24 : Go
Aggressive Invester rolled 7
Aggressive Invester moved to square 1 : Pettah
Risk Taker rolled 12
Risk Taker moved to square 19 : Go
currunt round is : 113
Oppotunistic Trader rolled 11
Oppotunistic Trader moved to square 16 : Go
Conservative Banker rolled 5
Conservative Banker moved to square 29 : Go
Aggressive Invester rolled 9
Aggressive Invester moved to square 10 : Go
Risk Taker rolled 6
Risk Taker moved to square 25 : Go
currunt round is : 113
Oppotunistic Trader rolled 7
Oppotunistic Trader moved to square 23 : Go
Conservative Banker rolled 5
Conservative Banker moved to square 34 : Go
Aggressive Invester rolled 8
Aggressive Invester moved to square 18 : Go
Risk Taker rolled 11
Risk Taker moved to square 36 : Go
currunt round is : 113
Oppotunistic Trader rolled 9
Oppotunistic Trader moved to square 32 : Go
Conservative Banker rolled 9
Conservative Banker moved to square 4 : Go
Aggressive Invester rolled 10
Aggressive Invester moved to square 28 : Go
Risk Taker rolled 4
Risk Taker moved to square 1 : Pettah
currunt round is : 113
Oppotunistic Trader rolled 7
Oppotunistic Trader moved to square 0 : Go
Conservative Banker rolled 12
Conservative Banker moved to square 16 : Go
Aggressive Invester rolled 2
Aggressive Invester moved to square 30 : Go
Risk Taker rolled 3
Risk Taker moved to square 4 : Go
currunt round is : 113
Oppotunistic Trader rolled 2
Oppotunistic Trader moved to square 2 : Go
Conservative Banker rolled 8
Conservative Banker moved to square 24 : Go
Aggressive Invester rolled 10
Aggressive Invester moved to square 1 : Pettah
Risk Taker rolled 3
Risk Taker moved to square 7 : Go
currunt round is : 113
Oppotunistic Trader rolled 12
Oppotunistic Trader moved to square 14 : Go
Conservative Banker rolled 3
Conservative Banker moved to square 27 : Go
Aggressive Invester rolled 11
Aggressive Invester moved to square 12 : Go
Risk Taker rolled 9
Risk Taker moved to square 16 : Go
currunt round is : 114
Oppotunistic Trader rolled 3
Oppotunistic Trader moved to square 17 : Go
Conservative Banker rolled 5
Conservative Banker moved to square 32 : Go
Aggressive Invester rolled 7
Aggressive Invester moved to square 19 : Go
Risk Taker rolled 3
Risk Taker moved to square 19 : Go
currunt round is : 114
Oppotunistic Trader rolled 5
Oppotunistic Trader moved to square 22 : Go
Conservative Banker rolled 10
Conservative Banker moved to square 3 : Colombo Fort Railway Station
Aggressive Invester rolled 3
Aggressive Invester moved to square 22 : Go
Risk Taker rolled 3
Risk Taker moved to square 22 : Go
currunt round is : 114
Oppotunistic Trader rolled 11
Oppotunistic Trader moved to square 33 : Go
Conservative Banker rolled 8
Conservative Banker moved to square 11 : Go
Aggressive Invester rolled 6
Aggressive Invester moved to square 28 : Go
Risk Taker rolled 5
Risk Taker moved to square 27 : Go
currunt round is : 114
Oppotunistic Trader rolled 11
Oppotunistic Trader moved to square 5 : Go
Conservative Banker rolled 10
Conservative Banker moved to square 21 : Go
Aggressive Invester rolled 2
Aggressive Invester moved to square 30 : Go
Risk Taker rolled 7
Risk Taker moved to square 34 : Go
currunt round is : 114
Oppotunistic Trader rolled 7
Oppotunistic Trader moved to square 12 : Go
Conservative Banker rolled 10
Conservative Banker moved to square 31 : Go
Aggressive Invester rolled 7
Aggressive Invester moved to square 37 : Go
Risk Taker rolled 12
Risk Taker moved to square 7 : Go
currunt round is : 115
Oppotunistic Trader rolled 9
Oppotunistic Trader moved to square 21 : Go
Conservative Banker rolled 5
Conservative Banker moved to square 36 : Go
Aggressive Invester rolled 11
Aggressive Invester moved to square 9 : Go
Risk Taker rolled 7
Risk Taker moved to square 14 : Go
currunt round is : 115
Oppotunistic Trader rolled 12
Oppotunistic Trader moved to square 33 : Go
Conservative Banker rolled 6
Conservative Banker moved to square 3 : Colombo Fort Railway Station
Aggressive Invester rolled 7
Aggressive Invester moved to square 16 : Go
Risk Taker rolled 11
Risk Taker moved to square 25 : Go
currunt round is : 115
Oppotunistic Trader rolled 7
Oppotunistic Trader moved to square 1 : Pettah
Conservative Banker rolled 5
Conservative Banker moved to square 8 : Go
Aggressive Invester rolled 5
Aggressive Invester moved to square 21 : Go
Risk Taker rolled 6
Risk Taker moved to square 31 : Go
currunt round is : 115
Oppotunistic Trader rolled 6
Oppotunistic Trader moved to square 7 : Go
Conservative Banker rolled 8
Conservative Banker moved to square 16 : Go
Aggressive Invester rolled 8
Aggressive Invester moved to square 29 : Go
Risk Taker rolled 9
Risk Taker moved to square 1 : Pettah
currunt round is : 116
Oppotunistic Trader rolled 5
Oppotunistic Trader moved to square 12 : Go
Conservative Banker rolled 9
Conservative Banker moved to square 25 : Go
Aggressive Invester rolled 8
Aggressive Invester moved to square 37 : Go
Risk Taker rolled 2
Risk Taker moved to square 3 : Colombo Fort Railway Station
currunt round is : 116
Oppotunistic Trader rolled 2
Oppotunistic Trader moved to square 14 : Go
Conservative Banker rolled 10
Conservative Banker moved to square 35 : Go
Aggressive Invester rolled 3
Aggressive Invester moved to square 1 : Pettah
Risk Taker rolled 12
Risk Taker moved to square 15 : Go
currunt round is : 116
Oppotunistic Trader rolled 8
Oppotunistic Trader moved to square 22 : Go
Conservative Banker rolled 3
Conservative Banker moved to square 38 : Go
Aggressive Invester rolled 4
Aggressive Invester moved to square 5 : Go
Risk Taker rolled 2
Risk Taker moved to square 17 : Go
currunt round is : 116
Oppotunistic Trader rolled 11
Oppotunistic Trader moved to square 33 : Go
Conservative Banker rolled 8
Conservative Banker moved to square 7 : Go
Aggressive Invester rolled 10
Aggressive Invester moved to square 15 : Go
Risk Taker rolled 6
Risk Taker moved to square 23 : Go
currunt round is : 116
Oppotunistic Trader rolled 11
Oppotunistic Trader moved to square 5 : Go
Conservative Banker rolled 6
Conservative Banker moved to square 13 : Go
Aggressive Invester rolled 9
Aggressive Invester moved to square 24 : Go
Risk Taker rolled 10
Risk Taker moved to square 33 : Go
currunt round is : 116
Oppotunistic Trader rolled 10
Oppotunistic Trader moved to square 15 : Go
Conservative Banker rolled 3
Conservative Banker moved to square 16 : Go
Aggressive Invester rolled 7
Aggressive Invester moved to square 31 : Go
Risk Taker rolled 5
Risk Taker moved to square 38 : Go
currunt round is : 117
Oppotunistic Trader rolled 4
Oppotunistic Trader moved to square 19 : Go
Conservative Banker rolled 8
Conservative Banker moved to square 24 : Go
Aggressive Invester rolled 9
Aggressive Invester moved to square 1 : Pettah
Risk Taker rolled 8
Risk Taker moved to square 7 : Go
currunt round is : 117
Oppotunistic Trader rolled 2
Oppotunistic Trader moved to square 21 : Go
Conservative Banker rolled 2
Conservative Banker moved to square 26 : Go
Aggressive Invester rolled 2
Aggressive Invester moved to square 3 : Colombo Fort Railway Station
Risk Taker rolled 3
Risk Taker moved to square 10 : Go
currunt round is : 117
Oppotunistic Trader rolled 7
Oppotunistic Trader moved to square 28 : Go
Conservative Banker rolled 9
Conservative Banker moved to square 35 : Go
Aggressive Invester rolled 3
Aggressive Invester moved to square 6 : Go
Risk Taker rolled 8
Risk Taker moved to square 18 : Go
currunt round is : 117
Oppotunistic Trader rolled 4
Oppotunistic Trader moved to square 32 : Go
Conservative Banker rolled 5
Conservative Banker moved to square 1 : Pettah
Aggressive Invester rolled 5
Aggressive Invester moved to square 11 : Go
Risk Taker rolled 10
Risk Taker moved to square 28 : Go
currunt round is : 117
Oppotunistic Trader rolled 6
Oppotunistic Trader moved to square 38 : Go
Conservative Banker rolled 7
Conservative Banker moved to square 8 : Go
Aggressive Invester rolled 8
Aggressive Invester moved to square 19 : Go
Risk Taker rolled 3
Risk Taker moved to square 31 : Go
currunt round is : 117
Oppotunistic Trader rolled 11
Oppotunistic Trader moved to square 10 : Go
Conservative Banker rolled 5
Conservative Banker moved to square 13 : Go
Aggressive Invester rolled 5
Aggressive Invester moved to square 24 : Go
Risk Taker rolled 10
Risk Taker moved to square 2 : Go
currunt round is : 117
Oppotunistic Trader rolled 7
Oppotunistic Trader moved to square 17 : Go
Conservative Banker rolled 12
Conservative Banker moved to square 25 : Go
Aggressive Invester rolled 5
Aggressive Invester moved to square 29 : Go
Risk Taker rolled 5
Risk Taker moved to square 7 : Go
currunt round is : 118
Oppotunistic Trader rolled 12
Oppotunistic Trader moved to square 29 : Go
Conservative Banker rolled 8
Conservative Banker moved to square 33 : Go
Aggressive Invester rolled 6
Aggressive Invester moved to square 35 : Go
Risk Taker rolled 3
Risk Taker moved to square 10 : Go
currunt round is : 118
Oppotunistic Trader rolled 4
Oppotunistic Trader moved to square 33 : Go
Conservative Banker rolled 2
Conservative Banker moved to square 35 : Go
Aggressive Invester rolled 8
Aggressive Invester moved to square 4 : Go
Risk Taker rolled 2
Risk Taker moved to square 12 : Go
currunt round is : 118
Oppotunistic Trader rolled 12
Oppotunistic Trader moved to square 6 : Go
Conservative Banker rolled 6
Conservative Banker moved to square 2 : Go
Aggressive Invester rolled 3
Aggressive Invester moved to square 7 : Go
Risk Taker rolled 6
Risk Taker moved to square 18 : Go
currunt round is : 118
Oppotunistic Trader rolled 11
Oppotunistic Trader moved to square 17 : Go
Conservative Banker rolled 5
Conservative Banker moved to square 7 : Go
Aggressive Invester rolled 12
Aggressive Invester moved to square 19 : Go
Risk Taker rolled 3
Risk Taker moved to square 21 : Go
currunt round is : 119
Oppotunistic Trader rolled 6
Oppotunistic Trader moved to square 23 : Go
Conservative Banker rolled 2
Conservative Banker moved to square 9 : Go
Aggressive Invester rolled 11
Aggressive Invester moved to square 30 : Go
Risk Taker rolled 10
Risk Taker moved to square 31 : Go
currunt round is : 119
Oppotunistic Trader rolled 8
Oppotunistic Trader moved to square 31 : Go
Conservative Banker rolled 7
Conservative Banker moved to square 16 : Go
Aggressive Invester rolled 9
Aggressive Invester moved to square 0 : Go
Risk Taker rolled 4
Risk Taker moved to square 35 : Go
currunt round is : 119
Oppotunistic Trader rolled 8
Oppotunistic Trader moved to square 0 : Go
Conservative Banker rolled 12
Conservative Banker moved to square 28 : Go
Aggressive Invester rolled 12
Aggressive Invester moved to square 12 : Go
Risk Taker rolled 3
Risk Taker moved to square 38 : Go
currunt round is : 119
Oppotunistic Trader rolled 10
Oppotunistic Trader moved to square 10 : Go
Conservative Banker rolled 3
Conservative Banker moved to square 31 : Go
Aggressive Invester rolled 4
Aggressive Invester moved to square 16 : Go
Risk Taker rolled 9
Risk Taker moved to square 8 : Go
currunt round is : 119
Oppotunistic Trader rolled 9
Oppotunistic Trader moved to square 19 : Go
Conservative Banker rolled 8
Conservative Banker moved to square 0 : Go
Aggressive Invester rolled 8
Aggressive Invester moved to square 24 : Go
Risk Taker rolled 9
Risk Taker moved to square 17 : Go
currunt round is : 120
Oppotunistic Trader rolled 6
Oppotunistic Trader moved to square 25 : Go
Conservative Banker rolled 12
Conservative Banker moved to square 12 : Go
Aggressive Invester rolled 9
Aggressive Invester moved to square 33 : Go
Risk Taker rolled 5
Risk Taker moved to square 22 : Go
currunt round is : 120
Oppotunistic Trader rolled 6
Oppotunistic Trader moved to square 31 : Go
Conservative Banker rolled 9
Conservative Banker moved to square 21 : Go
Aggressive Invester rolled 10
Aggressive Invester moved to square 4 : Go
Risk Taker rolled 4
Risk Taker moved to square 26 : Go
currunt round is : 120
Oppotunistic Trader rolled 10
Oppotunistic Trader moved to square 2 : Go
Conservative Banker rolled 7
Conservative Banker moved to square 28 : Go
Aggressive Invester rolled 3
Aggressive Invester moved to square 7 : Go
Risk Taker rolled 3
Risk Taker moved to square 29 : Go
currunt round is : 120
Oppotunistic Trader rolled 8
Oppotunistic Trader moved to square 10 : Go
Conservative Banker rolled 2
Conservative Banker moved to square 30 : Go
Aggressive Invester rolled 9
Aggressive Invester moved to square 16 : Go
Risk Taker rolled 12
Risk Taker moved to square 2 : Go
currunt round is : 121
Oppotunistic Trader rolled 5
Oppotunistic Trader moved to square 15 : Go
Conservative Banker rolled 6
Conservative Banker moved to square 36 : Go
Aggressive Invester rolled 3
Aggressive Invester moved to square 19 : Go
Risk Taker rolled 9
Risk Taker moved to square 11 : Go
currunt round is : 121
Oppotunistic Trader rolled 3
Oppotunistic Trader moved to square 18 : Go
Conservative Banker rolled 12
Conservative Banker moved to square 9 : Go
Aggressive Invester rolled 8
Aggressive Invester moved to square 27 : Go
Risk Taker rolled 11
Risk Taker moved to square 22 : Go
currunt round is : 121
Oppotunistic Trader rolled 2
Oppotunistic Trader moved to square 20 : Go
Conservative Banker rolled 10
Conservative Banker moved to square 19 : Go
Aggressive Invester rolled 7
Aggressive Invester moved to square 34 : Go
Risk Taker rolled 9
Risk Taker moved to square 31 : Go
currunt round is : 121
Oppotunistic Trader rolled 5
Oppotunistic Trader moved to square 25 : Go
Conservative Banker rolled 12
Conservative Banker moved to square 31 : Go
Aggressive Invester rolled 4
Aggressive Invester moved to square 38 : Go
Risk Taker rolled 10
Risk Taker moved to square 2 : Go
currunt round is : 121
Oppotunistic Trader rolled 11
Oppotunistic Trader moved to square 36 : Go
Conservative Banker rolled 9
Conservative Banker moved to square 1 : Pettah
Aggressive Invester rolled 2
Aggressive Invester moved to square 1 : Pettah
Risk Taker rolled 2
Risk Taker moved to square 4 : Go
currunt round is : 121
Oppotunistic Trader rolled 5
Oppotunistic Trader moved to square 2 : Go
Conservative Banker rolled 8
Conservative Banker moved to square 9 : Go
Aggressive Invester rolled 5
Aggressive Invester moved to square 6 : Go
Risk Taker rolled 2
Risk Taker moved to square 6 : Go
currunt round is : 121
Oppotunistic Trader rolled 3
Oppotunistic Trader moved to square 5 : Go
Conservative Banker rolled 6
Conservative Banker moved to square 15 : Go
Aggressive Invester rolled 3
Aggressive Invester moved to square 9 : Go
Risk Taker rolled 7
Risk Taker moved to square 13 : Go
currunt round is : 122
Oppotunistic Trader rolled 4
Oppotunistic Trader moved to square 9 : Go
Conservative Banker rolled 9
Conservative Banker moved to square 24 : Go
Aggressive Invester rolled 6
Aggressive Invester moved to square 15 : Go
Risk Taker rolled 5
Risk Taker moved to square 18 : Go
currunt round is : 122
Oppotunistic Trader rolled 2
Oppotunistic Trader moved to square 11 : Go
Conservative Banker rolled 5
Conservative Banker moved to square 29 : Go
Aggressive Invester rolled 2
Aggressive Invester moved to square 17 : Go
Risk Taker rolled 3
Risk Taker moved to square 21 : Go
currunt round is : 122
Oppotunistic Trader rolled 4
Oppotunistic Trader moved to square 15 : Go
Conservative Banker rolled 8
Conservative Banker moved to square 37 : Go
Aggressive Invester rolled 2
Aggressive Invester moved to square 19 : Go
Risk Taker rolled 4
Risk Taker moved to square 25 : Go
currunt round is : 122
Oppotunistic Trader rolled 4
Oppotunistic Trader moved to square 19 : Go
Conservative Banker rolled 5
Conservative Banker moved to square 3 : Colombo Fort Railway Station
Aggressive Invester rolled 10
Aggressive Invester moved to square 29 : Go
Risk Taker rolled 7
Risk Taker moved to square 32 : Go
currunt round is : 122
Oppotunistic Trader rolled 4
Oppotunistic Trader moved to square 23 : Go
Conservative Banker rolled 12
Conservative Banker moved to square 15 : Go
Aggressive Invester rolled 2
Aggressive Invester moved to square 31 : Go
Risk Taker rolled 12
Risk Taker moved to square 5 : Go
currunt round is : 122
Oppotunistic Trader rolled 8
Oppotunistic Trader moved to square 31 : Go
Conservative Banker rolled 12
Conservative Banker moved to square 27 : Go
Aggressive Invester rolled 12
Aggressive Invester moved to square 4 : Go
Risk Taker rolled 10
Risk Taker moved to square 15 : Go
currunt round is : 122
Oppotunistic Trader rolled 5
Oppotunistic Trader moved to square 36 : Go
Conservative Banker rolled 2
Conservative Banker moved to square 29 : Go
Aggressive Invester rolled 10
Aggressive Invester moved to square 14 : Go
Risk Taker rolled 4
Risk Taker moved to square 19 : Go
currunt round is : 122
Oppotunistic Trader rolled 5
Oppotunistic Trader moved to square 2 : Go
Conservative Banker rolled 10
Conservative Banker moved to square 0 : Go
Aggressive Invester rolled 9
Aggressive Invester moved to square 23 : Go
Risk Taker rolled 7
Risk Taker moved to square 26 : Go
currunt round is : 122
Oppotunistic Trader rolled 6
Oppotunistic Trader moved to square 8 : Go
Conservative Banker rolled 11
Conservative Banker moved to square 11 : Go
Aggressive Invester rolled 9
Aggressive Invester moved to square 32 : Go
Risk Taker rolled 6
Risk Taker moved to square 32 : Go
currunt round is : 123
Oppotunistic Trader rolled 4
Oppotunistic Trader moved to square 12 : Go
Conservative Banker rolled 9
Conservative Banker moved to square 20 : Go
Aggressive Invester rolled 5
Aggressive Invester moved to square 37 : Go
Risk Taker rolled 6
Risk Taker moved to square 38 : Go
currunt round is : 123
Oppotunistic Trader rolled 2
Oppotunistic Trader moved to square 14 : Go
Conservative Banker rolled 3
Conservative Banker moved to square 23 : Go
Aggressive Invester rolled 7
Aggressive Invester moved to square 5 : Go
Risk Taker rolled 2
Risk Taker moved to square 1 : Pettah
currunt round is : 123
Oppotunistic Trader rolled 7
Oppotunistic Trader moved to square 21 : Go
Conservative Banker rolled 4
Conservative Banker moved to square 27 : Go
Aggressive Invester rolled 6
Aggressive Invester moved to square 11 : Go
Risk Taker rolled 7
Risk Taker moved to square 8 : Go
currunt round is : 123
Oppotunistic Trader rolled 12
Oppotunistic Trader moved to square 33 : Go
Conservative Banker rolled 6
Conservative Banker moved to square 33 : Go
Aggressive Invester rolled 6
Aggressive Invester moved to square 17 : Go
Risk Taker rolled 5
Risk Taker moved to square 13 : Go
currunt round is : 123
Oppotunistic Trader rolled 3
Oppotunistic Trader moved to square 36 : Go
Conservative Banker rolled 6
Conservative Banker moved to square 0 : Go
Aggressive Invester rolled 2
Aggressive Invester moved to square 19 : Go
Risk Taker rolled 7
Risk Taker moved to square 20 : Go
currunt round is : 123
Oppotunistic Trader rolled 6
Oppotunistic Trader moved to square 3 : Colombo Fort Railway Station
Conservative Banker rolled 11
Conservative Banker moved to square 11 : Go
Aggressive Invester rolled 9
Aggressive Invester moved to square 28 : Go
Risk Taker rolled 9
Risk Taker moved to square 29 : Go
currunt round is : 123
Oppotunistic Trader rolled 8
Oppotunistic Trader moved to square 11 : Go
Conservative Banker rolled 6
Conservative Banker moved to square 17 : Go
Aggressive Invester rolled 2
Aggressive Invester moved to square 30 : Go
Risk Taker rolled 10
Risk Taker moved to square 0 : Go
currunt round is : 124
Oppotunistic Trader rolled 2
Oppotunistic Trader moved to square 13 : Go
Conservative Banker rolled 9
Conservative Banker moved to square 26 : Go
Aggressive Invester rolled 12
Aggressive Invester moved to square 3 : Colombo Fort Railway Station
Risk Taker rolled 4
Risk Taker moved to square 4 : Go
currunt round is : 124
Oppotunistic Trader rolled 3
Oppotunistic Trader moved to square 16 : Go
Conservative Banker rolled 4
Conservative Banker moved to square 30 : Go
Aggressive Invester rolled 7
Aggressive Invester moved to square 10 : Go
Risk Taker rolled 12
Risk Taker moved to square 16 : Go
currunt round is : 124
Oppotunistic Trader rolled 6
Oppotunistic Trader moved to square 22 : Go
Conservative Banker rolled 12
Conservative Banker moved to square 3 : Colombo Fort Railway Station
Aggressive Invester rolled 2
Aggressive Invester moved to square 12 : Go
Risk Taker rolled 9
Risk Taker moved to square 25 : Go
currunt round is : 124
Oppotunistic Trader rolled 12
Oppotunistic Trader moved to square 34 : Go
Conservative Banker rolled 6
Conservative Banker moved to square 9 : Go
Aggressive Invester rolled 12
Aggressive Invester moved to square 24 : Go
Risk Taker rolled 11
Risk Taker moved to square 36 : Go
currunt round is : 124
Oppotunistic Trader rolled 8
Oppotunistic Trader moved to square 3 : Colombo Fort Railway Station
Conservative Banker rolled 6
Conservative Banker moved to square 15 : Go
Aggressive Invester rolled 12
Aggressive Invester moved to square 36 : Go
Risk Taker rolled 10
Risk Taker moved to square 7 : Go
currunt round is : 124
Oppotunistic Trader rolled 8
Oppotunistic Trader moved to square 11 : Go
Conservative Banker rolled 2
Conservative Banker moved to square 17 : Go
Aggressive Invester rolled 4
Aggressive Invester moved to square 1 : Pettah
Risk Taker rolled 10
Risk Taker moved to square 17 : Go
currunt round is : 125
Oppotunistic Trader rolled 9
Oppotunistic Trader moved to square 20 : Go
Conservative Banker rolled 9
Conservative Banker moved to square 26 : Go
Aggressive Invester rolled 5
Aggressive Invester moved to square 6 : Go
Risk Taker rolled 4
Risk Taker moved to square 21 : Go
currunt round is : 125
Oppotunistic Trader rolled 11
Oppotunistic Trader moved to square 31 : Go
Conservative Banker rolled 5
Conservative Banker moved to square 31 : Go
Aggressive Invester rolled 10
Aggressive Invester moved to square 16 : Go
Risk Taker rolled 12
Risk Taker moved to square 33 : Go
currunt round is : 125
Oppotunistic Trader rolled 10
Oppotunistic Trader moved to square 2 : Go
Conservative Banker rolled 9
Conservative Banker moved to square 1 : Pettah
Aggressive Invester rolled 3
Aggressive Invester moved to square 19 : Go
Risk Taker rolled 9
Risk Taker moved to square 3 : Colombo Fort Railway Station
currunt round is : 125
Oppotunistic Trader rolled 11
Oppotunistic Trader moved to square 13 : Go
Conservative Banker rolled 8
Conservative Banker moved to square 9 : Go
Aggressive Invester rolled 8
Aggressive Invester moved to square 27 : Go
Risk Taker rolled 2
Risk Taker moved to square 5 : Go
currunt round is : 126
Oppotunistic Trader rolled 5
Oppotunistic Trader moved to square 18 : Go
Conservative Banker rolled 6
Conservative Banker moved to square 15 : Go
Aggressive Invester rolled 7
Aggressive Invester moved to square 34 : Go
Risk Taker rolled 4
Risk Taker moved to square 9 : Go
currunt round is : 126
Oppotunistic Trader rolled 10
Oppotunistic Trader moved to square 28 : Go
Conservative Banker rolled 7
Conservative Banker moved to square 22 : Go
Aggressive Invester rolled 11
Aggressive Invester moved to square 6 : Go
Risk Taker rolled 6
Risk Taker moved to square 15 : Go
currunt round is : 126
Oppotunistic Trader rolled 9
Oppotunistic Trader moved to square 37 : Go
Conservative Banker rolled 11
Conservative Banker moved to square 33 : Go
Aggressive Invester rolled 12
Aggressive Invester moved to square 18 : Go
Risk Taker rolled 4
Risk Taker moved to square 19 : Go
currunt round is : 126
Oppotunistic Trader rolled 11
Oppotunistic Trader moved to square 9 : Go
Conservative Banker rolled 12
Conservative Banker moved to square 6 : Go
Aggressive Invester rolled 12
Aggressive Invester moved to square 30 : Go
Risk Taker rolled 7
Risk Taker moved to square 26 : Go
currunt round is : 126
Oppotunistic Trader rolled 8
Oppotunistic Trader moved to square 17 : Go
Conservative Banker rolled 2
Conservative Banker moved to square 8 : Go
Aggressive Invester rolled 7
Aggressive Invester moved to square 37 : Go
Risk Taker rolled 7
Risk Taker moved to square 33 : Go
currunt round is : 127
Oppotunistic Trader rolled 3
Oppotunistic Trader moved to square 20 : Go
Conservative Banker rolled 2
Conservative Banker moved to square 10 : Go
Aggressive Invester rolled 6
Aggressive Invester moved to square 4 : Go
Risk Taker rolled 9
Risk Taker moved to square 3 : Colombo Fort Railway Station
currunt round is : 127
Oppotunistic Trader rolled 9
Oppotunistic Trader moved to square 29 : Go
Conservative Banker rolled 5
Conservative Banker moved to square 15 : Go
Aggressive Invester rolled 5
Aggressive Invester moved to square 9 : Go
Risk Taker rolled 7
Risk Taker moved to square 10 : Go
currunt round is : 127
Oppotunistic Trader rolled 10
Oppotunistic Trader moved to square 0 : Go
Conservative Banker rolled 10
Conservative Banker moved to square 25 : Go
Aggressive Invester rolled 6
Aggressive Invester moved to square 15 : Go
Risk Taker rolled 2
Risk Taker moved to square 12 : Go
currunt round is : 127
Oppotunistic Trader rolled 3
Oppotunistic Trader moved to square 3 : Colombo Fort Railway Station
Conservative Banker rolled 11
Conservative Banker moved to square 36 : Go
Aggressive Invester rolled 3
Aggressive Invester moved to square 18 : Go
Risk Taker rolled 10
Risk Taker moved to square 22 : Go
currunt round is : 127
Oppotunistic Trader rolled 5
Oppotunistic Trader moved to square 8 : Go
Conservative Banker rolled 12
Conservative Banker moved to square 9 : Go
Aggressive Invester rolled 3
Aggressive Invester moved to square 21 : Go
Risk Taker rolled 12
Risk Taker moved to square 34 : Go
currunt round is : 128
Oppotunistic Trader rolled 8
Oppotunistic Trader moved to square 16 : Go
Conservative Banker rolled 11
Conservative Banker moved to square 20 : Go
Aggressive Invester rolled 12
Aggressive Invester moved to square 33 : Go
Risk Taker rolled 4
Risk Taker moved to square 38 : Go
currunt round is : 128
Oppotunistic Trader rolled 10
Oppotunistic Trader moved to square 26 : Go
Conservative Banker rolled 10
Conservative Banker moved to square 30 : Go
Aggressive Invester rolled 7
Aggressive Invester moved to square 1 : Pettah
Risk Taker rolled 5
Risk Taker moved to square 4 : Go
currunt round is : 128
Oppotunistic Trader rolled 10
Oppotunistic Trader moved to square 36 : Go
Conservative Banker rolled 10
Conservative Banker moved to square 1 : Pettah
Aggressive Invester rolled 8
Aggressive Invester moved to square 9 : Go
Risk Taker rolled 12
Risk Taker moved to square 16 : Go
currunt round is : 128
Oppotunistic Trader rolled 10
Oppotunistic Trader moved to square 7 : Go
Conservative Banker rolled 10
Conservative Banker moved to square 11 : Go
Aggressive Invester rolled 6
Aggressive Invester moved to square 15 : Go
Risk Taker rolled 6
Risk Taker moved to square 22 : Go
currunt round is : 128
Oppotunistic Trader rolled 3
Oppotunistic Trader moved to square 10 : Go
Conservative Banker rolled 10
Conservative Banker moved to square 21 : Go
Aggressive Invester rolled 10
Aggressive Invester moved to square 25 : Go
Risk Taker rolled 11
Risk Taker moved to square 33 : Go
currunt round is : 129
Oppotunistic Trader rolled 7
Oppotunistic Trader moved to square 17 : Go
Conservative Banker rolled 3
Conservative Banker moved to square 24 : Go
Aggressive Invester rolled 9
Aggressive Invester moved to square 34 : Go
Risk Taker rolled 6
Risk Taker moved to square 0 : Go
currunt round is : 129
Oppotunistic Trader rolled 10
Oppotunistic Trader moved to square 27 : Go
Conservative Banker rolled 10
Conservative Banker moved to square 34 : Go
Aggressive Invester rolled 3
Aggressive Invester moved to square 37 : Go
Risk Taker rolled 3
Risk Taker moved to square 3 : Colombo Fort Railway Station
currunt round is : 129
Oppotunistic Trader rolled 8
Oppotunistic Trader moved to square 35 : Go
Conservative Banker rolled 2
Conservative Banker moved to square 36 : Go
Aggressive Invester rolled 11
Aggressive Invester moved to square 9 : Go
Risk Taker rolled 3
Risk Taker moved to square 6 : Go
currunt round is : 129
Oppotunistic Trader rolled 11
Oppotunistic Trader moved to square 7 : Go
Conservative Banker rolled 11
Conservative Banker moved to square 8 : Go
Aggressive Invester rolled 6
Aggressive Invester moved to square 15 : Go
Risk Taker rolled 8
Risk Taker moved to square 14 : Go
currunt round is : 129
Oppotunistic Trader rolled 6
Oppotunistic Trader moved to square 13 : Go
Conservative Banker rolled 11
Conservative Banker moved to square 19 : Go
Aggressive Invester rolled 10
Aggressive Invester moved to square 25 : Go
Risk Taker rolled 3
Risk Taker moved to square 17 : Go
currunt round is : 130
Oppotunistic Trader rolled 9
Oppotunistic Trader moved to square 22 : Go
Conservative Banker rolled 5
Conservative Banker moved to square 24 : Go
Aggressive Invester rolled 11
Aggressive Invester moved to square 36 : Go
Risk Taker rolled 6
Risk Taker moved to square 23 : Go
currunt round is : 130
Oppotunistic Trader rolled 3
Oppotunistic Trader moved to square 25 : Go
Conservative Banker rolled 5
Conservative Banker moved to square 29 : Go
Aggressive Invester rolled 9
Aggressive Invester moved to square 6 : Go
Risk Taker rolled 2
Risk Taker moved to square 25 : Go
currunt round is : 130
Oppotunistic Trader rolled 11
Oppotunistic Trader moved to square 36 : Go
Conservative Banker rolled 6
Conservative Banker moved to square 35 : Go
Aggressive Invester rolled 9
Aggressive Invester moved to square 15 : Go
Risk Taker rolled 5
Risk Taker moved to square 30 : Go
currunt round is : 130
Oppotunistic Trader rolled 7
Oppotunistic Trader moved to square 4 : Go
Conservative Banker rolled 5
Conservative Banker moved to square 1 : Pettah
Aggressive Invester rolled 9
Aggressive Invester moved to square 24 : Go
Risk Taker rolled 4
Risk Taker moved to square 34 : Go
currunt round is : 130
Oppotunistic Trader rolled 12
Oppotunistic Trader moved to square 16 : Go
Conservative Banker rolled 9
Conservative Banker moved to square 10 : Go
Aggressive Invester rolled 3
Aggressive Invester moved to square 27 : Go
Risk Taker rolled 7
Risk Taker moved to square 2 : Go
currunt round is : 131
Oppotunistic Trader rolled 9
Oppotunistic Trader moved to square 25 : Go
Conservative Banker rolled 11
Conservative Banker moved to square 21 : Go
Aggressive Invester rolled 8
Aggressive Invester moved to square 35 : Go
Risk Taker rolled 8
Risk Taker moved to square 10 : Go
currunt round is : 131
Oppotunistic Trader rolled 7
Oppotunistic Trader moved to square 32 : Go
Conservative Banker rolled 10
Conservative Banker moved to square 31 : Go
Aggressive Invester rolled 12
Aggressive Invester moved to square 8 : Go
Risk Taker rolled 11
Risk Taker moved to square 21 : Go
currunt round is : 131
Oppotunistic Trader rolled 7
Oppotunistic Trader moved to square 0 : Go
Conservative Banker rolled 7
Conservative Banker moved to square 38 : Go
Aggressive Invester rolled 10
Aggressive Invester moved to square 18 : Go
Risk Taker rolled 12
Risk Taker moved to square 33 : Go
currunt round is : 131
Oppotunistic Trader rolled 9
Oppotunistic Trader moved to square 9 : Go
Conservative Banker rolled 7
Conservative Banker moved to square 6 : Go
Aggressive Invester rolled 3
Aggressive Invester moved to square 21 : Go
Risk Taker rolled 8
Risk Taker moved to square 2 : Go
currunt round is : 131
Oppotunistic Trader rolled 10
Oppotunistic Trader moved to square 19 : Go
Conservative Banker rolled 10
Conservative Banker moved to square 16 : Go
Aggressive Invester rolled 8
Aggressive Invester moved to square 29 : Go
Risk Taker rolled 6
Risk Taker moved to square 8 : Go
currunt round is : 132
Oppotunistic Trader rolled 12
Oppotunistic Trader moved to square 31 : Go
Conservative Banker rolled 4
Conservative Banker moved to square 20 : Go
Aggressive Invester rolled 7
Aggressive Invester moved to square 36 : Go
Risk Taker rolled 4
Risk Taker moved to square 12 : Go
currunt round is : 132
Oppotunistic Trader rolled 5
Oppotunistic Trader moved to square 36 : Go
Conservative Banker rolled 12
Conservative Banker moved to square 32 : Go
Aggressive Invester rolled 7
Aggressive Invester moved to square 4 : Go
Risk Taker rolled 4
Risk Taker moved to square 16 : Go
currunt round is : 132
Oppotunistic Trader rolled 8
Oppotunistic Trader moved to square 5 : Go
Conservative Banker rolled 6
Conservative Banker moved to square 38 : Go
Aggressive Invester rolled 9
Aggressive Invester moved to square 13 : Go
Risk Taker rolled 5
Risk Taker moved to square 21 : Go
currunt round is : 132
Oppotunistic Trader rolled 2
Oppotunistic Trader moved to square 7 : Go
Conservative Banker rolled 3
Conservative Banker moved to square 2 : Go
Aggressive Invester rolled 9
Aggressive Invester moved to square 22 : Go
Risk Taker rolled 7
Risk Taker moved to square 28 : Go
currunt round is : 133
Oppotunistic Trader rolled 9
Oppotunistic Trader moved to square 16 : Go
Conservative Banker rolled 8
Conservative Banker moved to square 10 : Go
Aggressive Invester rolled 5
Aggressive Invester moved to square 27 : Go
Risk Taker rolled 3
Risk Taker moved to square 31 : Go
currunt round is : 133
Oppotunistic Trader rolled 3
Oppotunistic Trader moved to square 19 : Go
Conservative Banker rolled 12
Conservative Banker moved to square 22 : Go
Aggressive Invester rolled 11
Aggressive Invester moved to square 38 : Go
Risk Taker rolled 10
Risk Taker moved to square 2 : Go
currunt round is : 133
Oppotunistic Trader rolled 6
Oppotunistic Trader moved to square 25 : Go
Conservative Banker rolled 2
Conservative Banker moved to square 24 : Go
Aggressive Invester rolled 5
Aggressive Invester moved to square 4 : Go
Risk Taker rolled 12
Risk Taker moved to square 14 : Go
currunt round is : 133
Oppotunistic Trader rolled 8
Oppotunistic Trader moved to square 33 : Go
Conservative Banker rolled 9
Conservative Banker moved to square 33 : Go
Aggressive Invester rolled 5
Aggressive Invester moved to square 9 : Go
Risk Taker rolled 8
Risk Taker moved to square 22 : Go
currunt round is : 133
Oppotunistic Trader rolled 9
Oppotunistic Trader moved to square 3 : Colombo Fort Railway Station
Conservative Banker rolled 10
Conservative Banker moved to square 4 : Go
Aggressive Invester rolled 10
Aggressive Invester moved to square 19 : Go
Risk Taker rolled 12
Risk Taker moved to square 34 : Go
currunt round is : 133
Oppotunistic Trader rolled 9
Oppotunistic Trader moved to square 12 : Go
Conservative Banker rolled 2
Conservative Banker moved to square 6 : Go
Aggressive Invester rolled 4
Aggressive Invester moved to square 23 : Go
Risk Taker rolled 5
Risk Taker moved to square 0 : Go
currunt round is : 134
Oppotunistic Trader rolled 5
Oppotunistic Trader moved to square 17 : Go
Conservative Banker rolled 9
Conservative Banker moved to square 15 : Go
Aggressive Invester rolled 6
Aggressive Invester moved to square 29 : Go
Risk Taker rolled 5
Risk Taker moved to square 5 : Go
currunt round is : 134
Oppotunistic Trader rolled 10
Oppotunistic Trader moved to square 27 : Go
Conservative Banker rolled 2
Conservative Banker moved to square 17 : Go
Aggressive Invester rolled 11
Aggressive Invester moved to square 1 : Pettah
Risk Taker rolled 5
Risk Taker moved to square 10 : Go
currunt round is : 134
Oppotunistic Trader rolled 6
Oppotunistic Trader moved to square 33 : Go
Conservative Banker rolled 12
Conservative Banker moved to square 29 : Go
Aggressive Invester rolled 6
Aggressive Invester moved to square 7 : Go
Risk Taker rolled 5
Risk Taker moved to square 15 : Go
currunt round is : 134
Oppotunistic Trader rolled 11
Oppotunistic Trader moved to square 5 : Go
Conservative Banker rolled 3
Conservative Banker moved to square 32 : Go
Aggressive Invester rolled 11
Aggressive Invester moved to square 18 : Go
Risk Taker rolled 4
Risk Taker moved to square 19 : Go
currunt round is : 134
Oppotunistic Trader rolled 12
Oppotunistic Trader moved to square 17 : Go
Conservative Banker rolled 12
Conservative Banker moved to square 5 : Go
Aggressive Invester rolled 3
Aggressive Invester moved to square 21 : Go
Risk Taker rolled 7
Risk Taker moved to square 26 : Go
currunt round is : 135
Oppotunistic Trader rolled 8
Oppotunistic Trader moved to square 25 : Go
Conservative Banker rolled 4
Conservative Banker moved to square 9 : Go
Aggressive Invester rolled 11
Aggressive Invester moved to square 32 : Go
Risk Taker rolled 2
Risk Taker moved to square 28 : Go
currunt round is : 135
Oppotunistic Trader rolled 12
Oppotunistic Trader moved to square 37 : Go
Conservative Banker rolled 9
Conservative Banker moved to square 18 : Go
Aggressive Invester rolled 2
Aggressive Invester moved to square 34 : Go
Risk Taker rolled 7
Risk Taker moved to square 35 : Go
currunt round is : 135
Oppotunistic Trader rolled 7
Oppotunistic Trader moved to square 5 : Go
Conservative Banker rolled 2
Conservative Banker moved to square 20 : Go
Aggressive Invester rolled 8
Aggressive Invester moved to square 3 : Colombo Fort Railway Station
Risk Taker rolled 10
Risk Taker moved to square 6 : Go
currunt round is : 135
Oppotunistic Trader rolled 9
Oppotunistic Trader moved to square 14 : Go
Conservative Banker rolled 12
Conservative Banker moved to square 32 : Go
Aggressive Invester rolled 12
Aggressive Invester moved to square 15 : Go
Risk Taker rolled 5
Risk Taker moved to square 11 : Go
currunt round is : 136
Oppotunistic Trader rolled 10
Oppotunistic Trader moved to square 24 : Go
Conservative Banker rolled 8
Conservative Banker moved to square 1 : Pettah
Aggressive Invester rolled 8
Aggressive Invester moved to square 23 : Go
Risk Taker rolled 12
Risk Taker moved to square 23 : Go
currunt round is : 136
Oppotunistic Trader rolled 7
Oppotunistic Trader moved to square 31 : Go
Conservative Banker rolled 10
Conservative Banker moved to square 11 : Go
Aggressive Invester rolled 5
Aggressive Invester moved to square 28 : Go
Risk Taker rolled 4
Risk Taker moved to square 27 : Go
currunt round is : 136
Oppotunistic Trader rolled 11
Oppotunistic Trader moved to square 3 : Colombo Fort Railway Station
Conservative Banker rolled 3
Conservative Banker moved to square 14 : Go
Aggressive Invester rolled 6
Aggressive Invester moved to square 34 : Go
Risk Taker rolled 10
Risk Taker moved to square 37 : Go
currunt round is : 136
Oppotunistic Trader rolled 12
Oppotunistic Trader moved to square 15 : Go
Conservative Banker rolled 6
Conservative Banker moved to square 20 : Go
Aggressive Invester rolled 3
Aggressive Invester moved to square 37 : Go
Risk Taker rolled 5
Risk Taker moved to square 3 : Colombo Fort Railway Station
currunt round is : 137
Oppotunistic Trader rolled 8
Oppotunistic Trader moved to square 23 : Go
Conservative Banker rolled 12
Conservative Banker moved to square 32 : Go
Aggressive Invester rolled 6
Aggressive Invester moved to square 4 : Go
Risk Taker rolled 6
Risk Taker moved to square 9 : Go
currunt round is : 137
Oppotunistic Trader rolled 6
Oppotunistic Trader moved to square 29 : Go
Conservative Banker rolled 4
Conservative Banker moved to square 36 : Go
Aggressive Invester rolled 11
Aggressive Invester moved to square 15 : Go
Risk Taker rolled 12
Risk Taker moved to square 21 : Go
currunt round is : 137
Oppotunistic Trader rolled 4
Oppotunistic Trader moved to square 33 : Go
Conservative Banker rolled 6
Conservative Banker moved to square 3 : Colombo Fort Railway Station
Aggressive Invester rolled 7
Aggressive Invester moved to square 22 : Go
Risk Taker rolled 9
Risk Taker moved to square 30 : Go
currunt round is : 137
Oppotunistic Trader rolled 3
Oppotunistic Trader moved to square 36 : Go
Conservative Banker rolled 6
Conservative Banker moved to square 9 : Go
Aggressive Invester rolled 12
Aggressive Invester moved to square 34 : Go
Risk Taker rolled 11
Risk Taker moved to square 2 : Go
currunt round is : 137
Oppotunistic Trader rolled 12
Oppotunistic Trader moved to square 9 : Go
Conservative Banker rolled 5
Conservative Banker moved to square 14 : Go
Aggressive Invester rolled 10
Aggressive Invester moved to square 5 : Go
Risk Taker rolled 7
Risk Taker moved to square 9 : Go
currunt round is : 137
Oppotunistic Trader rolled 3
Oppotunistic Trader moved to square 12 : Go
Conservative Banker rolled 2
Conservative Banker moved to square 16 : Go
Aggressive Invester rolled 7
Aggressive Invester moved to square 12 : Go
Risk Taker rolled 10
Risk Taker moved to square 19 : Go
currunt round is : 138
Oppotunistic Trader rolled 2
Oppotunistic Trader moved to square 14 : Go
Conservative Banker rolled 9
Conservative Banker moved to square 25 : Go
Aggressive Invester rolled 8
Aggressive Invester moved to square 20 : Go
Risk Taker rolled 10
Risk Taker moved to square 29 : Go
currunt round is : 138
Oppotunistic Trader rolled 2
Oppotunistic Trader moved to square 16 : Go
Conservative Banker rolled 9
Conservative Banker moved to square 34 : Go
Aggressive Invester rolled 2
Aggressive Invester moved to square 22 : Go
Risk Taker rolled 7
Risk Taker moved to square 36 : Go
currunt round is : 138
Oppotunistic Trader rolled 6
Oppotunistic Trader moved to square 22 : Go
Conservative Banker rolled 4
Conservative Banker moved to square 38 : Go
Aggressive Invester rolled 11
Aggressive Invester moved to square 33 : Go
Risk Taker rolled 11
Risk Taker moved to square 8 : Go
currunt round is : 138
Oppotunistic Trader rolled 6
Oppotunistic Trader moved to square 28 : Go
Conservative Banker rolled 9
Conservative Banker moved to square 8 : Go
Aggressive Invester rolled 10
Aggressive Invester moved to square 4 : Go
Risk Taker rolled 8
Risk Taker moved to square 16 : Go
currunt round is : 138
Oppotunistic Trader rolled 11
Oppotunistic Trader moved to square 0 : Go
Conservative Banker rolled 4
Conservative Banker moved to square 12 : Go
Aggressive Invester rolled 5
Aggressive Invester moved to square 9 : Go
Risk Taker rolled 12
Risk Taker moved to square 28 : Go
currunt round is : 138
Oppotunistic Trader rolled 9
Oppotunistic Trader moved to square 9 : Go
Conservative Banker rolled 2
Conservative Banker moved to square 14 : Go
Aggressive Invester rolled 10
Aggressive Invester moved to square 19 : Go
Risk Taker rolled 6
Risk Taker moved to square 34 : Go
currunt round is : 138
Oppotunistic Trader rolled 6
Oppotunistic Trader moved to square 15 : Go
Conservative Banker rolled 5
Conservative Banker moved to square 19 : Go
Aggressive Invester rolled 9
Aggressive Invester moved to square 28 : Go
Risk Taker rolled 7
Risk Taker moved to square 2 : Go
currunt round is : 139
Oppotunistic Trader rolled 4
Oppotunistic Trader moved to square 19 : Go
Conservative Banker rolled 3
Conservative Banker moved to square 22 : Go
Aggressive Invester rolled 4
Aggressive Invester moved to square 32 : Go
Risk Taker rolled 2
Risk Taker moved to square 4 : Go
currunt round is : 139
Oppotunistic Trader rolled 11
Oppotunistic Trader moved to square 30 : Go
Conservative Banker rolled 8
Conservative Banker moved to square 30 : Go
Aggressive Invester rolled 10
Aggressive Invester moved to square 3 : Colombo Fort Railway Station
Risk Taker rolled 9
Risk Taker moved to square 13 : Go
currunt round is : 139
Oppotunistic Trader rolled 4
Oppotunistic Trader moved to square 34 : Go
Conservative Banker rolled 8
Conservative Banker moved to square 38 : Go
Aggressive Invester rolled 3
Aggressive Invester moved to square 6 : Go
Risk Taker rolled 7
Risk Taker moved to square 20 : Go
currunt round is : 139
Oppotunistic Trader rolled 11
Oppotunistic Trader moved to square 6 : Go
Conservative Banker rolled 10
Conservative Banker moved to square 9 : Go
Aggressive Invester rolled 5
Aggressive Invester moved to square 11 : Go
Risk Taker rolled 4
Risk Taker moved to square 24 : Go
currunt round is : 139
Oppotunistic Trader rolled 4
Oppotunistic Trader moved to square 10 : Go
Conservative Banker rolled 2
Conservative Banker moved to square 11 : Go
Aggressive Invester rolled 11
Aggressive Invester moved to square 22 : Go
Risk Taker rolled 2
Risk Taker moved to square 26 : Go
currunt round is : 140
Oppotunistic Trader rolled 2
Oppotunistic Trader moved to square 12 : Go
Conservative Banker rolled 12
Conservative Banker moved to square 23 : Go
Aggressive Invester rolled 12
Aggressive Invester moved to square 34 : Go
Risk Taker rolled 9
Risk Taker moved to square 35 : Go
currunt round is : 140
Oppotunistic Trader rolled 12
Oppotunistic Trader moved to square 24 : Go
Conservative Banker rolled 7
Conservative Banker moved to square 30 : Go
Aggressive Invester rolled 12
Aggressive Invester moved to square 7 : Go
Risk Taker rolled 5
Risk Taker moved to square 1 : Pettah
currunt round is : 140
Oppotunistic Trader rolled 11
Oppotunistic Trader moved to square 35 : Go
Conservative Banker rolled 8
Conservative Banker moved to square 38 : Go
Aggressive Invester rolled 10
Aggressive Invester moved to square 17 : Go
Risk Taker rolled 11
Risk Taker moved to square 12 : Go
currunt round is : 140
Oppotunistic Trader rolled 10
Oppotunistic Trader moved to square 6 : Go
Conservative Banker rolled 11
Conservative Banker moved to square 10 : Go
Aggressive Invester rolled 11
Aggressive Invester moved to square 28 : Go
Risk Taker rolled 8
Risk Taker moved to square 20 : Go
currunt round is : 140
Oppotunistic Trader rolled 6
Oppotunistic Trader moved to square 12 : Go
Conservative Banker rolled 8
Conservative Banker moved to square 18 : Go
Aggressive Invester rolled 4
Aggressive Invester moved to square 32 : Go
Risk Taker rolled 7
Risk Taker moved to square 27 : Go
currunt round is : 141
Oppotunistic Trader rolled 3
Oppotunistic Trader moved to square 15 : Go
Conservative Banker rolled 4
Conservative Banker moved to square 22 : Go
Aggressive Invester rolled 12
Aggressive Invester moved to square 5 : Go
Risk Taker rolled 12
Risk Taker moved to square 0 : Go
currunt round is : 141
Oppotunistic Trader rolled 12
Oppotunistic Trader moved to square 27 : Go
Conservative Banker rolled 4
Conservative Banker moved to square 26 : Go
Aggressive Invester rolled 2
Aggressive Invester moved to square 7 : Go
Risk Taker rolled 4
Risk Taker moved to square 4 : Go
currunt round is : 141
Oppotunistic Trader rolled 2
Oppotunistic Trader moved to square 29 : Go
Conservative Banker rolled 11
Conservative Banker moved to square 37 : Go
Aggressive Invester rolled 2
Aggressive Invester moved to square 9 : Go
Risk Taker rolled 2
Risk Taker moved to square 6 : Go
currunt round is : 141
Oppotunistic Trader rolled 8
Oppotunistic Trader moved to square 37 : Go
Conservative Banker rolled 2
Conservative Banker moved to square 0 : Go
Aggressive Invester rolled 8
Aggressive Invester moved to square 17 : Go
Risk Taker rolled 7
Risk Taker moved to square 13 : Go
currunt round is : 141
Oppotunistic Trader rolled 5
Oppotunistic Trader moved to square 3 : Colombo Fort Railway Station
Conservative Banker rolled 7
Conservative Banker moved to square 7 : Go
Aggressive Invester rolled 9
Aggressive Invester moved to square 26 : Go
Risk Taker rolled 12
Risk Taker moved to square 25 : Go
currunt round is : 141
Oppotunistic Trader rolled 2
Oppotunistic Trader moved to square 5 : Go
Conservative Banker rolled 6
Conservative Banker moved to square 13 : Go
Aggressive Invester rolled 10
Aggressive Invester moved to square 36 : Go
Risk Taker rolled 10
Risk Taker moved to square 35 : Go
currunt round is : 142
Oppotunistic Trader rolled 2
Oppotunistic Trader moved to square 7 : Go
Conservative Banker rolled 8
Conservative Banker moved to square 21 : Go
Aggressive Invester rolled 3
Aggressive Invester moved to square 0 : Go
Risk Taker rolled 7
Risk Taker moved to square 3 : Colombo Fort Railway Station
currunt round is : 142
Oppotunistic Trader rolled 12
Oppotunistic Trader moved to square 19 : Go
Conservative Banker rolled 4
Conservative Banker moved to square 25 : Go
Aggressive Invester rolled 10
Aggressive Invester moved to square 10 : Go
Risk Taker rolled 12
Risk Taker moved to square 15 : Go
currunt round is : 142
Oppotunistic Trader rolled 6
Oppotunistic Trader moved to square 25 : Go
Conservative Banker rolled 9
Conservative Banker moved to square 34 : Go
Aggressive Invester rolled 9
Aggressive Invester moved to square 19 : Go
Risk Taker rolled 3
Risk Taker moved to square 18 : Go
currunt round is : 142
Oppotunistic Trader rolled 9
Oppotunistic Trader moved to square 34 : Go
Conservative Banker rolled 9
Conservative Banker moved to square 4 : Go
Aggressive Invester rolled 3
Aggressive Invester moved to square 22 : Go
Risk Taker rolled 7
Risk Taker moved to square 25 : Go
currunt round is : 142
Oppotunistic Trader rolled 5
Oppotunistic Trader moved to square 0 : Go
Conservative Banker rolled 4
Conservative Banker moved to square 8 : Go
Aggressive Invester rolled 7
Aggressive Invester moved to square 29 : Go
Risk Taker rolled 11
Risk Taker moved to square 36 : Go
currunt round is : 142
Oppotunistic Trader rolled 2
Oppotunistic Trader moved to square 2 : Go
Conservative Banker rolled 2
Conservative Banker moved to square 10 : Go
Aggressive Invester rolled 4
Aggressive Invester moved to square 33 : Go
Risk Taker rolled 3
Risk Taker moved to square 0 : Go
currunt round is : 142
Oppotunistic Trader rolled 5
Oppotunistic Trader moved to square 7 : Go
Conservative Banker rolled 11
Conservative Banker moved to square 21 : Go
Aggressive Invester rolled 3
Aggressive Invester moved to square 36 : Go
Risk Taker rolled 6
Risk Taker moved to square 6 : Go
currunt round is : 143
Oppotunistic Trader rolled 2
Oppotunistic Trader moved to square 9 : Go
Conservative Banker rolled 9
Conservative Banker moved to square 30 : Go
Aggressive Invester rolled 12
Aggressive Invester moved to square 9 : Go
Risk Taker rolled 3
Risk Taker moved to square 9 : Go
currunt round is : 143
Oppotunistic Trader rolled 5
Oppotunistic Trader moved to square 14 : Go
Conservative Banker rolled 12
Conservative Banker moved to square 3 : Colombo Fort Railway Station
Aggressive Invester rolled 6
Aggressive Invester moved to square 15 : Go
Risk Taker rolled 2
Risk Taker moved to square 11 : Go
currunt round is : 143
Oppotunistic Trader rolled 3
Oppotunistic Trader moved to square 17 : Go
Conservative Banker rolled 3
Conservative Banker moved to square 6 : Go
Aggressive Invester rolled 12
Aggressive Invester moved to square 27 : Go
Risk Taker rolled 5
Risk Taker moved to square 16 : Go
currunt round is : 143
Oppotunistic Trader rolled 8
Oppotunistic Trader moved to square 25 : Go
Conservative Banker rolled 7
Conservative Banker moved to square 13 : Go
Aggressive Invester rolled 4
Aggressive Invester moved to square 31 : Go
Risk Taker rolled 2
Risk Taker moved to square 18 : Go
currunt round is : 143
Oppotunistic Trader rolled 3
Oppotunistic Trader moved to square 28 : Go
Conservative Banker rolled 6
Conservative Banker moved to square 19 : Go
Aggressive Invester rolled 7
Aggressive Invester moved to square 38 : Go
Risk Taker rolled 7
Risk Taker moved to square 25 : Go
currunt round is : 143
Oppotunistic Trader rolled 6
Oppotunistic Trader moved to square 34 : Go
Conservative Banker rolled 10
Conservative Banker moved to square 29 : Go
Aggressive Invester rolled 3
Aggressive Invester moved to square 2 : Go
Risk Taker rolled 6
Risk Taker moved to square 31 : Go
currunt round is : 143
Oppotunistic Trader rolled 9
Oppotunistic Trader moved to square 4 : Go
Conservative Banker rolled 5
Conservative Banker moved to square 34 : Go
Aggressive Invester rolled 7
Aggressive Invester moved to square 9 : Go
Risk Taker rolled 12
Risk Taker moved to square 4 : Go
currunt round is : 143
Oppotunistic Trader rolled 12
Oppotunistic Trader moved to square 16 : Go
Conservative Banker rolled 6
Conservative Banker moved to square 1 : Pettah
Aggressive Invester rolled 3
Aggressive Invester moved to square 12 : Go
Risk Taker rolled 2
Risk Taker moved to square 6 : Go
currunt round is : 144
Oppotunistic Trader rolled 3
Oppotunistic Trader moved to square 19 : Go
Conservative Banker rolled 3
Conservative Banker moved to square 4 : Go
Aggressive Invester rolled 12
Aggressive Invester moved to square 24 : Go
Risk Taker rolled 4
Risk Taker moved to square 10 : Go
currunt round is : 144
Oppotunistic Trader rolled 11
Oppotunistic Trader moved to square 30 : Go
Conservative Banker rolled 5
Conservative Banker moved to square 9 : Go
Aggressive Invester rolled 4
Aggressive Invester moved to square 28 : Go
Risk Taker rolled 12
Risk Taker moved to square 22 : Go
currunt round is : 144
Oppotunistic Trader rolled 4
Oppotunistic Trader moved to square 34 : Go
Conservative Banker rolled 2
Conservative Banker moved to square 11 : Go
Aggressive Invester rolled 2
Aggressive Invester moved to square 30 : Go
Risk Taker rolled 8
Risk Taker moved to square 30 : Go
currunt round is : 144
Oppotunistic Trader rolled 7
Oppotunistic Trader moved to square 2 : Go
Conservative Banker rolled 4
Conservative Banker moved to square 15 : Go
Aggressive Invester rolled 6
Aggressive Invester moved to square 36 : Go
Risk Taker rolled 6
Risk Taker moved to square 36 : Go
currunt round is : 144
Oppotunistic Trader rolled 6
Oppotunistic Trader moved to square 8 : Go
Conservative Banker rolled 11
Conservative Banker moved to square 26 : Go
Aggressive Invester rolled 9
Aggressive Invester moved to square 6 : Go
Risk Taker rolled 10
Risk Taker moved to square 7 : Go
currunt round is : 145
Oppotunistic Trader rolled 6
Oppotunistic Trader moved to square 14 : Go
Conservative Banker rolled 11
Conservative Banker moved to square 37 : Go
Aggressive Invester rolled 3
Aggressive Invester moved to square 9 : Go
Risk Taker rolled 2
Risk Taker moved to square 9 : Go
currunt round is : 145
Oppotunistic Trader rolled 12
Oppotunistic Trader moved to square 26 : Go
Conservative Banker rolled 7
Conservative Banker moved to square 5 : Go
Aggressive Invester rolled 2
Aggressive Invester moved to square 11 : Go
Risk Taker rolled 12
Risk Taker moved to square 21 : Go
currunt round is : 145
Oppotunistic Trader rolled 11
Oppotunistic Trader moved to square 37 : Go
Conservative Banker rolled 3
Conservative Banker moved to square 8 : Go
Aggressive Invester rolled 12
Aggressive Invester moved to square 23 : Go
Risk Taker rolled 12
Risk Taker moved to square 33 : Go
currunt round is : 145
Oppotunistic Trader rolled 2
Oppotunistic Trader moved to square 0 : Go
Conservative Banker rolled 9
Conservative Banker moved to square 17 : Go
Aggressive Invester rolled 3
Aggressive Invester moved to square 26 : Go
Risk Taker rolled 11
Risk Taker moved to square 5 : Go
currunt round is : 145
Oppotunistic Trader rolled 12
Oppotunistic Trader moved to square 12 : Go
Conservative Banker rolled 4
Conservative Banker moved to square 21 : Go
Aggressive Invester rolled 8
Aggressive Invester moved to square 34 : Go
Risk Taker rolled 12
Risk Taker moved to square 17 : Go
currunt round is : 145
Oppotunistic Trader rolled 4
Oppotunistic Trader moved to square 16 : Go
Conservative Banker rolled 6
Conservative Banker moved to square 27 : Go
Aggressive Invester rolled 7
Aggressive Invester moved to square 2 : Go
Risk Taker rolled 7
Risk Taker moved to square 24 : Go
currunt round is : 146
Oppotunistic Trader rolled 7
Oppotunistic Trader moved to square 23 : Go
Conservative Banker rolled 9
Conservative Banker moved to square 36 : Go
Aggressive Invester rolled 11
Aggressive Invester moved to square 13 : Go
Risk Taker rolled 11
Risk Taker moved to square 35 : Go
currunt round is : 146
Oppotunistic Trader rolled 7
Oppotunistic Trader moved to square 30 : Go
Conservative Banker rolled 8
Conservative Banker moved to square 5 : Go
Aggressive Invester rolled 9
Aggressive Invester moved to square 22 : Go
Risk Taker rolled 11
Risk Taker moved to square 7 : Go
currunt round is : 146
Oppotunistic Trader rolled 4
Oppotunistic Trader moved to square 34 : Go
Conservative Banker rolled 8
Conservative Banker moved to square 13 : Go
Aggressive Invester rolled 10
Aggressive Invester moved to square 32 : Go
Risk Taker rolled 3
Risk Taker moved to square 10 : Go
currunt round is : 146
Oppotunistic Trader rolled 11
Oppotunistic Trader moved to square 6 : Go
Conservative Banker rolled 10
Conservative Banker moved to square 23 : Go
Aggressive Invester rolled 11
Aggressive Invester moved to square 4 : Go
Risk Taker rolled 10
Risk Taker moved to square 20 : Go
currunt round is : 146
Oppotunistic Trader rolled 11
Oppotunistic Trader moved to square 17 : Go
Conservative Banker rolled 8
Conservative Banker moved to square 31 : Go
Aggressive Invester rolled 7
Aggressive Invester moved to square 11 : Go
Risk Taker rolled 10
Risk Taker moved to square 30 : Go
currunt round is : 147
Oppotunistic Trader rolled 4
Oppotunistic Trader moved to square 21 : Go
Conservative Banker rolled 7
Conservative Banker moved to square 38 : Go
Aggressive Invester rolled 8
Aggressive Invester moved to square 19 : Go
Risk Taker rolled 3
Risk Taker moved to square 33 : Go
currunt round is : 147
Oppotunistic Trader rolled 9
Oppotunistic Trader moved to square 30 : Go
Conservative Banker rolled 2
Conservative Banker moved to square 1 : Pettah
Aggressive Invester rolled 11
Aggressive Invester moved to square 30 : Go
Risk Taker rolled 9
Risk Taker moved to square 3 : Colombo Fort Railway Station
currunt round is : 147
Oppotunistic Trader rolled 6
Oppotunistic Trader moved to square 36 : Go
Conservative Banker rolled 5
Conservative Banker moved to square 6 : Go
Aggressive Invester rolled 3
Aggressive Invester moved to square 33 : Go
Risk Taker rolled 11
Risk Taker moved to square 14 : Go
currunt round is : 147
Oppotunistic Trader rolled 10
Oppotunistic Trader moved to square 7 : Go
Conservative Banker rolled 10
Conservative Banker moved to square 16 : Go
Aggressive Invester rolled 8
Aggressive Invester moved to square 2 : Go
Risk Taker rolled 2
Risk Taker moved to square 16 : Go
currunt round is : 147
Oppotunistic Trader rolled 5
Oppotunistic Trader moved to square 12 : Go
Conservative Banker rolled 4
Conservative Banker moved to square 20 : Go
Aggressive Invester rolled 12
Aggressive Invester moved to square 14 : Go
Risk Taker rolled 5
Risk Taker moved to square 21 : Go
currunt round is : 148
Oppotunistic Trader rolled 8
Oppotunistic Trader moved to square 20 : Go
Conservative Banker rolled 9
Conservative Banker moved to square 29 : Go
Aggressive Invester rolled 7
Aggressive Invester moved to square 21 : Go
Risk Taker rolled 7
Risk Taker moved to square 28 : Go
currunt round is : 148
Oppotunistic Trader rolled 4
Oppotunistic Trader moved to square 24 : Go
Conservative Banker rolled 5
Conservative Banker moved to square 34 : Go
Aggressive Invester rolled 2
Aggressive Invester moved to square 23 : Go
Risk Taker rolled 11
Risk Taker moved to square 0 : Go
currunt round is : 148
Oppotunistic Trader rolled 12
Oppotunistic Trader moved to square 36 : Go
Conservative Banker rolled 7
Conservative Banker moved to square 2 : Go
Aggressive Invester rolled 8
Aggressive Invester moved to square 31 : Go
Risk Taker rolled 12
Risk Taker moved to square 12 : Go
currunt round is : 148
Oppotunistic Trader rolled 10
Oppotunistic Trader moved to square 7 : Go
Conservative Banker rolled 2
Conservative Banker moved to square 4 : Go
Aggressive Invester rolled 3
Aggressive Invester moved to square 34 : Go
Risk Taker rolled 6
Risk Taker moved to square 18 : Go
currunt round is : 148
Oppotunistic Trader rolled 11
Oppotunistic Trader moved to square 18 : Go
Conservative Banker rolled 12
Conservative Banker moved to square 16 : Go
Aggressive Invester rolled 11
Aggressive Invester moved to square 6 : Go
Risk Taker rolled 4
Risk Taker moved to square 22 : Go
currunt round is : 149
Oppotunistic Trader rolled 3
Oppotunistic Trader moved to square 21 : Go
Conservative Banker rolled 10
Conservative Banker moved to square 26 : Go
Aggressive Invester rolled 12
Aggressive Invester moved to square 18 : Go
Risk Taker rolled 11
Risk Taker moved to square 33 : Go
currunt round is : 149
Oppotunistic Trader rolled 8
Oppotunistic Trader moved to square 29 : Go
Conservative Banker rolled 7
Conservative Banker moved to square 33 : Go
Aggressive Invester rolled 12
Aggressive Invester moved to square 30 : Go
Risk Taker rolled 9
Risk Taker moved to square 3 : Colombo Fort Railway Station
currunt round is : 149
Oppotunistic Trader rolled 7
Oppotunistic Trader moved to square 36 : Go
Conservative Banker rolled 9
Conservative Banker moved to square 3 : Colombo Fort Railway Station
Aggressive Invester rolled 2
Aggressive Invester moved to square 32 : Go
Risk Taker rolled 11
Risk Taker moved to square 14 : Go
currunt round is : 149
Oppotunistic Trader rolled 3
Oppotunistic Trader moved to square 0 : Go
Conservative Banker rolled 5
Conservative Banker moved to square 8 : Go
Aggressive Invester rolled 5
Aggressive Invester moved to square 37 : Go
Risk Taker rolled 3
Risk Taker moved to square 17 : Go
currunt round is : 149
Oppotunistic Trader rolled 6
Oppotunistic Trader moved to square 6 : Go
Conservative Banker rolled 3
Conservative Banker moved to square 11 : Go
Aggressive Invester rolled 12
Aggressive Invester moved to square 10 : Go
Risk Taker rolled 3
Risk Taker moved to square 20 : Go
currunt round is : 149
Oppotunistic Trader rolled 9
Oppotunistic Trader moved to square 15 : Go
Conservative Banker rolled 6
Conservative Banker moved to square 17 : Go
Aggressive Invester rolled 3
Aggressive Invester moved to square 13 : Go
Risk Taker rolled 6
Risk Taker moved to square 26 : Go
currunt round is : 150
Oppotunistic Trader rolled 4
Oppotunistic Trader moved to square 19 : Go
Conservative Banker rolled 2
Conservative Banker moved to square 19 : Go
Aggressive Invester rolled 9
Aggressive Invester moved to square 22 : Go
Risk Taker rolled 2
Risk Taker moved to square 28 : Go
currunt round is : 150
Oppotunistic Trader rolled 10
Oppotunistic Trader moved to square 29 : Go
Conservative Banker rolled 7
Conservative Banker moved to square 26 : Go
Aggressive Invester rolled 2
Aggressive Invester moved to square 24 : Go
Risk Taker rolled 11
Risk Taker moved to square 0 : Go
currunt round is : 150
Oppotunistic Trader rolled 3
Oppotunistic Trader moved to square 32 : Go
Conservative Banker rolled 10
Conservative Banker moved to square 36 : Go
Aggressive Invester rolled 8
Aggressive Invester moved to square 32 : Go
Risk Taker rolled 9
Risk Taker moved to square 9 : Go
currunt round is : 150
Oppotunistic Trader rolled 4
Oppotunistic Trader moved to square 36 : Go
Conservative Banker rolled 5
Conservative Banker moved to square 2 : Go
Aggressive Invester rolled 3
Aggressive Invester moved to square 35 : Go
Risk Taker rolled 7
Risk Taker moved to square 16 : Go
currunt round is : 150
Oppotunistic Trader rolled 10
Oppotunistic Trader moved to square 7 : Go
Conservative Banker rolled 3
Conservative Banker moved to square 5 : Go
Aggressive Invester rolled 6
Aggressive Invester moved to square 2 : Go
Risk Taker rolled 9
Risk Taker moved to square 25 : Go
currunt round is : 150
Oppotunistic Trader rolled 4
Oppotunistic Trader moved to square 11 : Go
Conservative Banker rolled 7
Conservative Banker moved to square 12 : Go
Aggressive Invester rolled 8
Aggressive Invester moved to square 10 : Go
Risk Taker rolled 9
Risk Taker moved to square 34 : Go
currunt round is : 151
Oppotunistic Trader rolled 9
Oppotunistic Trader moved to square 20 : Go
Conservative Banker rolled 7
Conservative Banker moved to square 19 : Go
Aggressive Invester rolled 8
Aggressive Invester moved to square 18 : Go
Risk Taker rolled 3
Risk Taker moved to square 37 : Go
currunt round is : 151
Oppotunistic Trader rolled 9
Oppotunistic Trader moved to square 29 : Go
Conservative Banker rolled 9
Conservative Banker moved to square 28 : Go
Aggressive Invester rolled 5
Aggressive Invester moved to square 23 : Go
Risk Taker rolled 11
Risk Taker moved to square 9 : Go
currunt round is : 151
Oppotunistic Trader rolled 9
Oppotunistic Trader moved to square 38 : Go
Conservative Banker rolled 12
Conservative Banker moved to square 1 : Pettah
Aggressive Invester rolled 9
Aggressive Invester moved to square 32 : Go
Risk Taker rolled 7
Risk Taker moved to square 16 : Go
currunt round is : 151
Oppotunistic Trader rolled 5
Oppotunistic Trader moved to square 4 : Go
Conservative Banker rolled 10
Conservative Banker moved to square 11 : Go
Aggressive Invester rolled 3
Aggressive Invester moved to square 35 : Go
Risk Taker rolled 6
Risk Taker moved to square 22 : Go
currunt round is : 151
Oppotunistic Trader rolled 7
Oppotunistic Trader moved to square 11 : Go
Conservative Banker rolled 7
Conservative Banker moved to square 18 : Go
Aggressive Invester rolled 11
Aggressive Invester moved to square 7 : Go
Risk Taker rolled 8
Risk Taker moved to square 30 : Go
currunt round is : 152
Oppotunistic Trader rolled 8
Oppotunistic Trader moved to square 19 : Go
Conservative Banker rolled 12
Conservative Banker moved to square 30 : Go
Aggressive Invester rolled 11
Aggressive Invester moved to square 18 : Go
Risk Taker rolled 3
Risk Taker moved to square 33 : Go
currunt round is : 152
Oppotunistic Trader rolled 12
Oppotunistic Trader moved to square 31 : Go
Conservative Banker rolled 4
Conservative Banker moved to square 34 : Go
Aggressive Invester rolled 10
Aggressive Invester moved to square 28 : Go
Risk Taker rolled 12
Risk Taker moved to square 6 : Go
currunt round is : 152
Oppotunistic Trader rolled 8
Oppotunistic Trader moved to square 0 : Go
Conservative Banker rolled 5
Conservative Banker moved to square 0 : Go
Aggressive Invester rolled 8
Aggressive Invester moved to square 36 : Go
Risk Taker rolled 4
Risk Taker moved to square 10 : Go
currunt round is : 152
Oppotunistic Trader rolled 9
Oppotunistic Trader moved to square 9 : Go
Conservative Banker rolled 4
Conservative Banker moved to square 4 : Go
Aggressive Invester rolled 5
Aggressive Invester moved to square 2 : Go
Risk Taker rolled 5
Risk Taker moved to square 15 : Go
currunt round is : 152
Oppotunistic Trader rolled 9
Oppotunistic Trader moved to square 18 : Go
Conservative Banker rolled 8
Conservative Banker moved to square 12 : Go
Aggressive Invester rolled 2
Aggressive Invester moved to square 4 : Go
Risk Taker rolled 6
Risk Taker moved to square 21 : Go
currunt round is : 153
Oppotunistic Trader rolled 6
Oppotunistic Trader moved to square 24 : Go
Conservative Banker rolled 9
Conservative Banker moved to square 21 : Go
Aggressive Invester rolled 9
Aggressive Invester moved to square 13 : Go
Risk Taker rolled 7
Risk Taker moved to square 28 : Go
currunt round is : 153
Oppotunistic Trader rolled 4
Oppotunistic Trader moved to square 28 : Go
Conservative Banker rolled 10
Conservative Banker moved to square 31 : Go
Aggressive Invester rolled 9
Aggressive Invester moved to square 22 : Go
Risk Taker rolled 10
Risk Taker moved to square 38 : Go
currunt round is : 153
Oppotunistic Trader rolled 5
Oppotunistic Trader moved to square 33 : Go
Conservative Banker rolled 5
Conservative Banker moved to square 36 : Go
Aggressive Invester rolled 3
Aggressive Invester moved to square 25 : Go
Risk Taker rolled 9
Risk Taker moved to square 8 : Go
currunt round is : 153
Oppotunistic Trader rolled 4
Oppotunistic Trader moved to square 37 : Go
Conservative Banker rolled 12
Conservative Banker moved to square 9 : Go
Aggressive Invester rolled 11
Aggressive Invester moved to square 36 : Go
Risk Taker rolled 12
Risk Taker moved to square 20 : Go
currunt round is : 153
Oppotunistic Trader rolled 2
Oppotunistic Trader moved to square 0 : Go
Conservative Banker rolled 6
Conservative Banker moved to square 15 : Go
Aggressive Invester rolled 12
Aggressive Invester moved to square 9 : Go
Risk Taker rolled 8
Risk Taker moved to square 28 : Go
currunt round is : 153
Oppotunistic Trader rolled 10
Oppotunistic Trader moved to square 10 : Go
Conservative Banker rolled 5
Conservative Banker moved to square 20 : Go
Aggressive Invester rolled 8
Aggressive Invester moved to square 17 : Go
Risk Taker rolled 4
Risk Taker moved to square 32 : Go
currunt round is : 153
Oppotunistic Trader rolled 5
Oppotunistic Trader moved to square 15 : Go
Conservative Banker rolled 11
Conservative Banker moved to square 31 : Go
Aggressive Invester rolled 5
Aggressive Invester moved to square 22 : Go
Risk Taker rolled 11
Risk Taker moved to square 4 : Go
currunt round is : 154
Oppotunistic Trader rolled 4
Oppotunistic Trader moved to square 19 : Go
Conservative Banker rolled 3
Conservative Banker moved to square 34 : Go
Aggressive Invester rolled 4
Aggressive Invester moved to square 26 : Go
Risk Taker rolled 6
Risk Taker moved to square 10 : Go
currunt round is : 154
Oppotunistic Trader rolled 11
Oppotunistic Trader moved to square 30 : Go
Conservative Banker rolled 11
Conservative Banker moved to square 6 : Go
Aggressive Invester rolled 9
Aggressive Invester moved to square 35 : Go
Risk Taker rolled 2
Risk Taker moved to square 12 : Go
currunt round is : 154
Oppotunistic Trader rolled 6
Oppotunistic Trader moved to square 36 : Go
Conservative Banker rolled 5
Conservative Banker moved to square 11 : Go
Aggressive Invester rolled 8
Aggressive Invester moved to square 4 : Go
Risk Taker rolled 7
Risk Taker moved to square 19 : Go
currunt round is : 154
Oppotunistic Trader rolled 8
Oppotunistic Trader moved to square 5 : Go
Conservative Banker rolled 7
Conservative Banker moved to square 18 : Go
Aggressive Invester rolled 4
Aggressive Invester moved to square 8 : Go
Risk Taker rolled 9
Risk Taker moved to square 28 : Go
currunt round is : 154
Oppotunistic Trader rolled 5
Oppotunistic Trader moved to square 10 : Go
Conservative Banker rolled 2
Conservative Banker moved to square 20 : Go
Aggressive Invester rolled 6
Aggressive Invester moved to square 14 : Go
Risk Taker rolled 5
Risk Taker moved to square 33 : Go
currunt round is : 155
Oppotunistic Trader rolled 6
Oppotunistic Trader moved to square 16 : Go
Conservative Banker rolled 3
Conservative Banker moved to square 23 : Go
Aggressive Invester rolled 9
Aggressive Invester moved to square 23 : Go
Risk Taker rolled 12
Risk Taker moved to square 6 : Go
currunt round is : 155
Oppotunistic Trader rolled 5
Oppotunistic Trader moved to square 21 : Go
Conservative Banker rolled 4
Conservative Banker moved to square 27 : Go
Aggressive Invester rolled 12
Aggressive Invester moved to square 35 : Go
Risk Taker rolled 8
Risk Taker moved to square 14 : Go
currunt round is : 155
Oppotunistic Trader rolled 11
Oppotunistic Trader moved to square 32 : Go
Conservative Banker rolled 5
Conservative Banker moved to square 32 : Go
Aggressive Invester rolled 6
Aggressive Invester moved to square 2 : Go
Risk Taker rolled 11
Risk Taker moved to square 25 : Go
currunt round is : 155
Oppotunistic Trader rolled 6
Oppotunistic Trader moved to square 38 : Go
Conservative Banker rolled 6
Conservative Banker moved to square 38 : Go
Aggressive Invester rolled 3
Aggressive Invester moved to square 5 : Go
Risk Taker rolled 2
Risk Taker moved to square 27 : Go
currunt round is : 155
Oppotunistic Trader rolled 2
Oppotunistic Trader moved to square 1 : Pettah
Conservative Banker rolled 10
Conservative Banker moved to square 9 : Go
Aggressive Invester rolled 12
Aggressive Invester moved to square 17 : Go
Risk Taker rolled 5
Risk Taker moved to square 32 : Go
currunt round is : 155
Oppotunistic Trader rolled 3
Oppotunistic Trader moved to square 4 : Go
Conservative Banker rolled 5
Conservative Banker moved to square 14 : Go
Aggressive Invester rolled 10
Aggressive Invester moved to square 27 : Go
Risk Taker rolled 7
Risk Taker moved to square 0 : Go
currunt round is : 156
Oppotunistic Trader rolled 11
Oppotunistic Trader moved to square 15 : Go
Conservative Banker rolled 10
Conservative Banker moved to square 24 : Go
Aggressive Invester rolled 3
Aggressive Invester moved to square 30 : Go
Risk Taker rolled 3
Risk Taker moved to square 3 : Colombo Fort Railway Station
currunt round is : 156
Oppotunistic Trader rolled 8
Oppotunistic Trader moved to square 23 : Go
Conservative Banker rolled 6
Conservative Banker moved to square 30 : Go
Aggressive Invester rolled 4
Aggressive Invester moved to square 34 : Go
Risk Taker rolled 11
Risk Taker moved to square 14 : Go
currunt round is : 156
Oppotunistic Trader rolled 7
Oppotunistic Trader moved to square 30 : Go
Conservative Banker rolled 9
Conservative Banker moved to square 0 : Go
Aggressive Invester rolled 8
Aggressive Invester moved to square 3 : Colombo Fort Railway Station
Risk Taker rolled 10
Risk Taker moved to square 24 : Go
currunt round is : 156
Oppotunistic Trader rolled 9
Oppotunistic Trader moved to square 0 : Go
Conservative Banker rolled 8
Conservative Banker moved to square 8 : Go
Aggressive Invester rolled 4
Aggressive Invester moved to square 7 : Go
Risk Taker rolled 5
Risk Taker moved to square 29 : Go
currunt round is : 156
Oppotunistic Trader rolled 9
Oppotunistic Trader moved to square 9 : Go
Conservative Banker rolled 6
Conservative Banker moved to square 14 : Go
Aggressive Invester rolled 12
Aggressive Invester moved to square 19 : Go
Risk Taker rolled 11
Risk Taker moved to square 1 : Pettah
currunt round is : 156
Oppotunistic Trader rolled 9
Oppotunistic Trader moved to square 18 : Go
Conservative Banker rolled 2
Conservative Banker moved to square 16 : Go
Aggressive Invester rolled 12
Aggressive Invester moved to square 31 : Go
Risk Taker rolled 9
Risk Taker moved to square 10 : Go
currunt round is : 157
Oppotunistic Trader rolled 11
Oppotunistic Trader moved to square 29 : Go
Conservative Banker rolled 9
Conservative Banker moved to square 25 : Go
Aggressive Invester rolled 12
Aggressive Invester moved to square 4 : Go
Risk Taker rolled 10
Risk Taker moved to square 20 : Go
currunt round is : 157
Oppotunistic Trader rolled 12
Oppotunistic Trader moved to square 2 : Go
Conservative Banker rolled 8
Conservative Banker moved to square 33 : Go
Aggressive Invester rolled 4
Aggressive Invester moved to square 8 : Go
Risk Taker rolled 8
Risk Taker moved to square 28 : Go
currunt round is : 157
Oppotunistic Trader rolled 5
Oppotunistic Trader moved to square 7 : Go
Conservative Banker rolled 4
Conservative Banker moved to square 37 : Go
Aggressive Invester rolled 7
Aggressive Invester moved to square 15 : Go
Risk Taker rolled 10
Risk Taker moved to square 38 : Go
currunt round is : 158
Oppotunistic Trader rolled 8
Oppotunistic Trader moved to square 15 : Go
Conservative Banker rolled 7
Conservative Banker moved to square 5 : Go
Aggressive Invester rolled 8
Aggressive Invester moved to square 23 : Go
Risk Taker rolled 11
Risk Taker moved to square 10 : Go
currunt round is : 158
Oppotunistic Trader rolled 3
Oppotunistic Trader moved to square 18 : Go
Conservative Banker rolled 3
Conservative Banker moved to square 8 : Go
Aggressive Invester rolled 7
Aggressive Invester moved to square 30 : Go
Risk Taker rolled 8
Risk Taker moved to square 18 : Go
currunt round is : 158
Oppotunistic Trader rolled 9
Oppotunistic Trader moved to square 27 : Go
Conservative Banker rolled 9
Conservative Banker moved to square 17 : Go
Aggressive Invester rolled 9
Aggressive Invester moved to square 0 : Go
Risk Taker rolled 3
Risk Taker moved to square 21 : Go
currunt round is : 158
Oppotunistic Trader rolled 11
Oppotunistic Trader moved to square 38 : Go
Conservative Banker rolled 9
Conservative Banker moved to square 26 : Go
Aggressive Invester rolled 2
Aggressive Invester moved to square 2 : Go
Risk Taker rolled 7
Risk Taker moved to square 28 : Go
currunt round is : 158
Oppotunistic Trader rolled 9
Oppotunistic Trader moved to square 8 : Go
Conservative Banker rolled 10
Conservative Banker moved to square 36 : Go
Aggressive Invester rolled 2
Aggressive Invester moved to square 4 : Go
Risk Taker rolled 7
Risk Taker moved to square 35 : Go
currunt round is : 158
Oppotunistic Trader rolled 6
Oppotunistic Trader moved to square 14 : Go
Conservative Banker rolled 12
Conservative Banker moved to square 9 : Go
Aggressive Invester rolled 4
Aggressive Invester moved to square 8 : Go
Risk Taker rolled 3
Risk Taker moved to square 38 : Go
currunt round is : 159
Oppotunistic Trader rolled 5
Oppotunistic Trader moved to square 19 : Go
Conservative Banker rolled 5
Conservative Banker moved to square 14 : Go
Aggressive Invester rolled 10
Aggressive Invester moved to square 18 : Go
Risk Taker rolled 7
Risk Taker moved to square 6 : Go
currunt round is : 159
Oppotunistic Trader rolled 7
Oppotunistic Trader moved to square 26 : Go
Conservative Banker rolled 4
Conservative Banker moved to square 18 : Go
Aggressive Invester rolled 4
Aggressive Invester moved to square 22 : Go
Risk Taker rolled 11
Risk Taker moved to square 17 : Go
currunt round is : 159
Oppotunistic Trader rolled 8
Oppotunistic Trader moved to square 34 : Go
Conservative Banker rolled 10
Conservative Banker moved to square 28 : Go
Aggressive Invester rolled 9
Aggressive Invester moved to square 31 : Go
Risk Taker rolled 9
Risk Taker moved to square 26 : Go
currunt round is : 159
Oppotunistic Trader rolled 11
Oppotunistic Trader moved to square 6 : Go
Conservative Banker rolled 3
Conservative Banker moved to square 31 : Go
Aggressive Invester rolled 3
Aggressive Invester moved to square 34 : Go
Risk Taker rolled 6
Risk Taker moved to square 32 : Go
currunt round is : 159
Oppotunistic Trader rolled 8
Oppotunistic Trader moved to square 14 : Go
Conservative Banker rolled 10
Conservative Banker moved to square 2 : Go
Aggressive Invester rolled 7
Aggressive Invester moved to square 2 : Go
Risk Taker rolled 7
Risk Taker moved to square 0 : Go
currunt round is : 160
Oppotunistic Trader rolled 6
Oppotunistic Trader moved to square 20 : Go
Conservative Banker rolled 5
Conservative Banker moved to square 7 : Go
Aggressive Invester rolled 10
Aggressive Invester moved to square 12 : Go
Risk Taker rolled 12
Risk Taker moved to square 12 : Go
currunt round is : 160
Oppotunistic Trader rolled 11
Oppotunistic Trader moved to square 31 : Go
Conservative Banker rolled 10
Conservative Banker moved to square 17 : Go
Aggressive Invester rolled 4
Aggressive Invester moved to square 16 : Go
Risk Taker rolled 2
Risk Taker moved to square 14 : Go
currunt round is : 160
Oppotunistic Trader rolled 8
Oppotunistic Trader moved to square 0 : Go
Conservative Banker rolled 7
Conservative Banker moved to square 24 : Go
Aggressive Invester rolled 4
Aggressive Invester moved to square 20 : Go
Risk Taker rolled 11
Risk Taker moved to square 25 : Go
currunt round is : 160
Oppotunistic Trader rolled 8
Oppotunistic Trader moved to square 8 : Go
Conservative Banker rolled 10
Conservative Banker moved to square 34 : Go
Aggressive Invester rolled 5
Aggressive Invester moved to square 25 : Go
Risk Taker rolled 2
Risk Taker moved to square 27 : Go
currunt round is : 160
Oppotunistic Trader rolled 10
Oppotunistic Trader moved to square 18 : Go
Conservative Banker rolled 7
Conservative Banker moved to square 2 : Go
Aggressive Invester rolled 9
Aggressive Invester moved to square 34 : Go
Risk Taker rolled 5
Risk Taker moved to square 32 : Go
currunt round is : 161
Oppotunistic Trader rolled 4
Oppotunistic Trader moved to square 22 : Go
Conservative Banker rolled 5
Conservative Banker moved to square 7 : Go
Aggressive Invester rolled 2
Aggressive Invester moved to square 36 : Go
Risk Taker rolled 12
Risk Taker moved to square 5 : Go
currunt round is : 161
Oppotunistic Trader rolled 5
Oppotunistic Trader moved to square 27 : Go
Conservative Banker rolled 12
Conservative Banker moved to square 19 : Go
Aggressive Invester rolled 3
Aggressive Invester moved to square 0 : Go
Risk Taker rolled 11
Risk Taker moved to square 16 : Go
currunt round is : 161
Oppotunistic Trader rolled 9
Oppotunistic Trader moved to square 36 : Go
Conservative Banker rolled 6
Conservative Banker moved to square 25 : Go
Aggressive Invester rolled 3
Aggressive Invester moved to square 3 : Colombo Fort Railway Station
Risk Taker rolled 12
Risk Taker moved to square 28 : Go
currunt round is : 161
Oppotunistic Trader rolled 10
Oppotunistic Trader moved to square 7 : Go
Conservative Banker rolled 12
Conservative Banker moved to square 37 : Go
Aggressive Invester rolled 11
Aggressive Invester moved to square 14 : Go
Risk Taker rolled 8
Risk Taker moved to square 36 : Go
currunt round is : 161
Oppotunistic Trader rolled 9
Oppotunistic Trader moved to square 16 : Go
Conservative Banker rolled 2
Conservative Banker moved to square 0 : Go
Aggressive Invester rolled 7
Aggressive Invester moved to square 21 : Go
Risk Taker rolled 4
Risk Taker moved to square 1 : Pettah
currunt round is : 162
Oppotunistic Trader rolled 5
Oppotunistic Trader moved to square 21 : Go
Conservative Banker rolled 9
Conservative Banker moved to square 9 : Go
Aggressive Invester rolled 12
Aggressive Invester moved to square 33 : Go
Risk Taker rolled 11
Risk Taker moved to square 12 : Go
currunt round is : 162
Oppotunistic Trader rolled 6
Oppotunistic Trader moved to square 27 : Go
Conservative Banker rolled 4
Conservative Banker moved to square 13 : Go
Aggressive Invester rolled 9
Aggressive Invester moved to square 3 : Colombo Fort Railway Station
Risk Taker rolled 3
Risk Taker moved to square 15 : Go
currunt round is : 162
Oppotunistic Trader rolled 10
Oppotunistic Trader moved to square 37 : Go
Conservative Banker rolled 5
Conservative Banker moved to square 18 : Go
Aggressive Invester rolled 7
Aggressive Invester moved to square 10 : Go
Risk Taker rolled 10
Risk Taker moved to square 25 : Go
currunt round is : 162
Oppotunistic Trader rolled 7
Oppotunistic Trader moved to square 5 : Go
Conservative Banker rolled 5
Conservative Banker moved to square 23 : Go
Aggressive Invester rolled 7
Aggressive Invester moved to square 17 : Go
Risk Taker rolled 10
Risk Taker moved to square 35 : Go
currunt round is : 162
Oppotunistic Trader rolled 2
Oppotunistic Trader moved to square 7 : Go
Conservative Banker rolled 8
Conservative Banker moved to square 31 : Go
Aggressive Invester rolled 8
Aggressive Invester moved to square 25 : Go
Risk Taker rolled 9
Risk Taker moved to square 5 : Go
currunt round is : 163
Oppotunistic Trader rolled 2
Oppotunistic Trader moved to square 9 : Go
Conservative Banker rolled 8
Conservative Banker moved to square 0 : Go
Aggressive Invester rolled 6
Aggressive Invester moved to square 31 : Go
Risk Taker rolled 8
Risk Taker moved to square 13 : Go
currunt round is : 163
Oppotunistic Trader rolled 7
Oppotunistic Trader moved to square 16 : Go
Conservative Banker rolled 4
Conservative Banker moved to square 4 : Go
Aggressive Invester rolled 12
Aggressive Invester moved to square 4 : Go
Risk Taker rolled 12
Risk Taker moved to square 25 : Go
currunt round is : 163
Oppotunistic Trader rolled 5
Oppotunistic Trader moved to square 21 : Go
Conservative Banker rolled 6
Conservative Banker moved to square 10 : Go
Aggressive Invester rolled 4
Aggressive Invester moved to square 8 : Go
Risk Taker rolled 6
Risk Taker moved to square 31 : Go
currunt round is : 163
Oppotunistic Trader rolled 2
Oppotunistic Trader moved to square 23 : Go
Conservative Banker rolled 3
Conservative Banker moved to square 13 : Go
Aggressive Invester rolled 5
Aggressive Invester moved to square 13 : Go
Risk Taker rolled 4
Risk Taker moved to square 35 : Go
currunt round is : 163
Oppotunistic Trader rolled 3
Oppotunistic Trader moved to square 26 : Go
Conservative Banker rolled 10
Conservative Banker moved to square 23 : Go
Aggressive Invester rolled 4
Aggressive Invester moved to square 17 : Go
Risk Taker rolled 9
Risk Taker moved to square 5 : Go
currunt round is : 163
Oppotunistic Trader rolled 3
Oppotunistic Trader moved to square 29 : Go
Conservative Banker rolled 7
Conservative Banker moved to square 30 : Go
Aggressive Invester rolled 7
Aggressive Invester moved to square 24 : Go
Risk Taker rolled 6
Risk Taker moved to square 11 : Go
currunt round is : 163
Oppotunistic Trader rolled 8
Oppotunistic Trader moved to square 37 : Go
Conservative Banker rolled 12
Conservative Banker moved to square 3 : Colombo Fort Railway Station
Aggressive Invester rolled 3
Aggressive Invester moved to square 27 : Go
Risk Taker rolled 8
Risk Taker moved to square 19 : Go
currunt round is : 163
Oppotunistic Trader rolled 6
Oppotunistic Trader moved to square 4 : Go
Conservative Banker rolled 7
Conservative Banker moved to square 10 : Go
Aggressive Invester rolled 2
Aggressive Invester moved to square 29 : Go
Risk Taker rolled 6
Risk Taker moved to square 25 : Go
currunt round is : 163
Oppotunistic Trader rolled 2
Oppotunistic Trader moved to square 6 : Go
Conservative Banker rolled 7
Conservative Banker moved to square 17 : Go
Aggressive Invester rolled 10
Aggressive Invester moved to square 0 : Go
Risk Taker rolled 5
Risk Taker moved to square 30 : Go
currunt round is : 164
Oppotunistic Trader rolled 9
Oppotunistic Trader moved to square 15 : Go
Conservative Banker rolled 9
Conservative Banker moved to square 26 : Go
Aggressive Invester rolled 5
Aggressive Invester moved to square 5 : Go
Risk Taker rolled 10
Risk Taker moved to square 1 : Pettah
currunt round is : 164
Oppotunistic Trader rolled 3
Oppotunistic Trader moved to square 18 : Go
Conservative Banker rolled 5
Conservative Banker moved to square 31 : Go
Aggressive Invester rolled 4
Aggressive Invester moved to square 9 : Go
Risk Taker rolled 12
Risk Taker moved to square 13 : Go
currunt round is : 164
Oppotunistic Trader rolled 6
Oppotunistic Trader moved to square 24 : Go
Conservative Banker rolled 5
Conservative Banker moved to square 36 : Go
Aggressive Invester rolled 2
Aggressive Invester moved to square 11 : Go
Risk Taker rolled 5
Risk Taker moved to square 18 : Go
currunt round is : 164
Oppotunistic Trader rolled 11
Oppotunistic Trader moved to square 35 : Go
Conservative Banker rolled 4
Conservative Banker moved to square 1 : Pettah
Aggressive Invester rolled 2
Aggressive Invester moved to square 13 : Go
Risk Taker rolled 10
Risk Taker moved to square 28 : Go
currunt round is : 164
Oppotunistic Trader rolled 9
Oppotunistic Trader moved to square 5 : Go
Conservative Banker rolled 7
Conservative Banker moved to square 8 : Go
Aggressive Invester rolled 3
Aggressive Invester moved to square 16 : Go
Risk Taker rolled 4
Risk Taker moved to square 32 : Go
currunt round is : 164
Oppotunistic Trader rolled 4
Oppotunistic Trader moved to square 9 : Go
Conservative Banker rolled 4
Conservative Banker moved to square 12 : Go
Aggressive Invester rolled 10
Aggressive Invester moved to square 26 : Go
Risk Taker rolled 6
Risk Taker moved to square 38 : Go
currunt round is : 165
Oppotunistic Trader rolled 8
Oppotunistic Trader moved to square 17 : Go
Conservative Banker rolled 8
Conservative Banker moved to square 20 : Go
Aggressive Invester rolled 8
Aggressive Invester moved to square 34 : Go
Risk Taker rolled 8
Risk Taker moved to square 7 : Go
currunt round is : 165
Oppotunistic Trader rolled 2
Oppotunistic Trader moved to square 19 : Go
Conservative Banker rolled 5
Conservative Banker moved to square 25 : Go
Aggressive Invester rolled 12
Aggressive Invester moved to square 7 : Go
Risk Taker rolled 10
Risk Taker moved to square 17 : Go
currunt round is : 165
Oppotunistic Trader rolled 2
Oppotunistic Trader moved to square 21 : Go
Conservative Banker rolled 2
Conservative Banker moved to square 27 : Go
Aggressive Invester rolled 5
Aggressive Invester moved to square 12 : Go
Risk Taker rolled 12
Risk Taker moved to square 29 : Go
currunt round is : 165
Oppotunistic Trader rolled 5
Oppotunistic Trader moved to square 26 : Go
Conservative Banker rolled 5
Conservative Banker moved to square 32 : Go
Aggressive Invester rolled 11
Aggressive Invester moved to square 23 : Go
Risk Taker rolled 7
Risk Taker moved to square 36 : Go
currunt round is : 165
Oppotunistic Trader rolled 8
Oppotunistic Trader moved to square 34 : Go
Conservative Banker rolled 11
Conservative Banker moved to square 4 : Go
Aggressive Invester rolled 10
Aggressive Invester moved to square 33 : Go
Risk Taker rolled 5
Risk Taker moved to square 2 : Go
currunt round is : 165
Oppotunistic Trader rolled 11
Oppotunistic Trader moved to square 6 : Go
Conservative Banker rolled 10
Conservative Banker moved to square 14 : Go
Aggressive Invester rolled 2
Aggressive Invester moved to square 35 : Go
Risk Taker rolled 7
Risk Taker moved to square 9 : Go
currunt round is : 165
Oppotunistic Trader rolled 2
Oppotunistic Trader moved to square 8 : Go
Conservative Banker rolled 4
Conservative Banker moved to square 18 : Go
Aggressive Invester rolled 7
Aggressive Invester moved to square 3 : Colombo Fort Railway Station
Risk Taker rolled 3
Risk Taker moved to square 12 : Go
currunt round is : 166
Oppotunistic Trader rolled 4
Oppotunistic Trader moved to square 12 : Go
Conservative Banker rolled 2
Conservative Banker moved to square 20 : Go
Aggressive Invester rolled 7
Aggressive Invester moved to square 10 : Go
Risk Taker rolled 10
Risk Taker moved to square 22 : Go
currunt round is : 166
Oppotunistic Trader rolled 9
Oppotunistic Trader moved to square 21 : Go
Conservative Banker rolled 3
Conservative Banker moved to square 23 : Go
Aggressive Invester rolled 4
Aggressive Invester moved to square 14 : Go
Risk Taker rolled 9
Risk Taker moved to square 31 : Go
currunt round is : 166
Oppotunistic Trader rolled 6
Oppotunistic Trader moved to square 27 : Go
Conservative Banker rolled 12
Conservative Banker moved to square 35 : Go
Aggressive Invester rolled 4
Aggressive Invester moved to square 18 : Go
Risk Taker rolled 4
Risk Taker moved to square 35 : Go
currunt round is : 166
Oppotunistic Trader rolled 12
Oppotunistic Trader moved to square 0 : Go
Conservative Banker rolled 6
Conservative Banker moved to square 2 : Go
Aggressive Invester rolled 12
Aggressive Invester moved to square 30 : Go
Risk Taker rolled 4
Risk Taker moved to square 0 : Go
currunt round is : 166
Oppotunistic Trader rolled 9
Oppotunistic Trader moved to square 9 : Go
Conservative Banker rolled 11
Conservative Banker moved to square 13 : Go
Aggressive Invester rolled 9
Aggressive Invester moved to square 0 : Go
Risk Taker rolled 3
Risk Taker moved to square 3 : Colombo Fort Railway Station
currunt round is : 166
Oppotunistic Trader rolled 7
Oppotunistic Trader moved to square 16 : Go
Conservative Banker rolled 6
Conservative Banker moved to square 19 : Go
Aggressive Invester rolled 6
Aggressive Invester moved to square 6 : Go
Risk Taker rolled 4
Risk Taker moved to square 7 : Go
currunt round is : 167
Oppotunistic Trader rolled 2
Oppotunistic Trader moved to square 18 : Go
Conservative Banker rolled 6
Conservative Banker moved to square 25 : Go
Aggressive Invester rolled 7
Aggressive Invester moved to square 13 : Go
Risk Taker rolled 2
Risk Taker moved to square 9 : Go
currunt round is : 167
Oppotunistic Trader rolled 6
Oppotunistic Trader moved to square 24 : Go
Conservative Banker rolled 2
Conservative Banker moved to square 27 : Go
Aggressive Invester rolled 3
Aggressive Invester moved to square 16 : Go
Risk Taker rolled 9
Risk Taker moved to square 18 : Go
currunt round is : 167
Oppotunistic Trader rolled 2
Oppotunistic Trader moved to square 26 : Go
Conservative Banker rolled 7
Conservative Banker moved to square 34 : Go
Aggressive Invester rolled 6
Aggressive Invester moved to square 22 : Go
Risk Taker rolled 7
Risk Taker moved to square 25 : Go
currunt round is : 167
Oppotunistic Trader rolled 8
Oppotunistic Trader moved to square 34 : Go
Conservative Banker rolled 8
Conservative Banker moved to square 3 : Colombo Fort Railway Station
Aggressive Invester rolled 2
Aggressive Invester moved to square 24 : Go
Risk Taker rolled 10
Risk Taker moved to square 35 : Go
currunt round is : 167
Oppotunistic Trader rolled 7
Oppotunistic Trader moved to square 2 : Go
Conservative Banker rolled 4
Conservative Banker moved to square 7 : Go
Aggressive Invester rolled 11
Aggressive Invester moved to square 35 : Go
Risk Taker rolled 4
Risk Taker moved to square 0 : Go
currunt round is : 167
Oppotunistic Trader rolled 8
Oppotunistic Trader moved to square 10 : Go
Conservative Banker rolled 10
Conservative Banker moved to square 17 : Go
Aggressive Invester rolled 6
Aggressive Invester moved to square 2 : Go
Risk Taker rolled 3
Risk Taker moved to square 3 : Colombo Fort Railway Station
currunt round is : 168
Oppotunistic Trader rolled 6
Oppotunistic Trader moved to square 16 : Go
Conservative Banker rolled 11
Conservative Banker moved to square 28 : Go
Aggressive Invester rolled 4
Aggressive Invester moved to square 6 : Go
Risk Taker rolled 10
Risk Taker moved to square 13 : Go
currunt round is : 168
Oppotunistic Trader rolled 3
Oppotunistic Trader moved to square 19 : Go
Conservative Banker rolled 6
Conservative Banker moved to square 34 : Go
Aggressive Invester rolled 12
Aggressive Invester moved to square 18 : Go
Risk Taker rolled 12
Risk Taker moved to square 25 : Go
currunt round is : 168
Oppotunistic Trader rolled 10
Oppotunistic Trader moved to square 29 : Go
Conservative Banker rolled 6
Conservative Banker moved to square 1 : Pettah
Aggressive Invester rolled 12
Aggressive Invester moved to square 30 : Go
Risk Taker rolled 4
Risk Taker moved to square 29 : Go
currunt round is : 168
Oppotunistic Trader rolled 4
Oppotunistic Trader moved to square 33 : Go
Conservative Banker rolled 12
Conservative Banker moved to square 13 : Go
Aggressive Invester rolled 9
Aggressive Invester moved to square 0 : Go
Risk Taker rolled 3
Risk Taker moved to square 32 : Go
currunt round is : 168
Oppotunistic Trader rolled 4
Oppotunistic Trader moved to square 37 : Go
Conservative Banker rolled 2
Conservative Banker moved to square 15 : Go
Aggressive Invester rolled 8
Aggressive Invester moved to square 8 : Go
Risk Taker rolled 8
Risk Taker moved to square 1 : Pettah
currunt round is : 168
Oppotunistic Trader rolled 7
Oppotunistic Trader moved to square 5 : Go
Conservative Banker rolled 8
Conservative Banker moved to square 23 : Go
Aggressive Invester rolled 5
Aggressive Invester moved to square 13 : Go
Risk Taker rolled 10
Risk Taker moved to square 11 : Go
currunt round is : 168
Oppotunistic Trader rolled 9
Oppotunistic Trader moved to square 14 : Go
Conservative Banker rolled 12
Conservative Banker moved to square 35 : Go
Aggressive Invester rolled 2
Aggressive Invester moved to square 15 : Go
Risk Taker rolled 2
Risk Taker moved to square 13 : Go
currunt round is : 169
Oppotunistic Trader rolled 10
Oppotunistic Trader moved to square 24 : Go
Conservative Banker rolled 4
Conservative Banker moved to square 0 : Go
Aggressive Invester rolled 3
Aggressive Invester moved to square 18 : Go
Risk Taker rolled 12
Risk Taker moved to square 25 : Go
currunt round is : 169
Oppotunistic Trader rolled 12
Oppotunistic Trader moved to square 36 : Go
Conservative Banker rolled 3
Conservative Banker moved to square 3 : Colombo Fort Railway Station
Aggressive Invester rolled 9
Aggressive Invester moved to square 27 : Go
Risk Taker rolled 11
Risk Taker moved to square 36 : Go
currunt round is : 169
Oppotunistic Trader rolled 7
Oppotunistic Trader moved to square 4 : Go
Conservative Banker rolled 6
Conservative Banker moved to square 9 : Go
Aggressive Invester rolled 10
Aggressive Invester moved to square 37 : Go
Risk Taker rolled 3
Risk Taker moved to square 0 : Go
currunt round is : 169
Oppotunistic Trader rolled 9
Oppotunistic Trader moved to square 13 : Go
Conservative Banker rolled 7
Conservative Banker moved to square 16 : Go
Aggressive Invester rolled 3
Aggressive Invester moved to square 1 : Pettah
Risk Taker rolled 11
Risk Taker moved to square 11 : Go
currunt round is : 170
Oppotunistic Trader rolled 4
Oppotunistic Trader moved to square 17 : Go
Conservative Banker rolled 10
Conservative Banker moved to square 26 : Go
Aggressive Invester rolled 12
Aggressive Invester moved to square 13 : Go
Risk Taker rolled 6
Risk Taker moved to square 17 : Go
currunt round is : 170
Oppotunistic Trader rolled 8
Oppotunistic Trader moved to square 25 : Go
Conservative Banker rolled 6
Conservative Banker moved to square 32 : Go
Aggressive Invester rolled 12
Aggressive Invester moved to square 25 : Go
Risk Taker rolled 11
Risk Taker moved to square 28 : Go
currunt round is : 170
Oppotunistic Trader rolled 12
Oppotunistic Trader moved to square 37 : Go
Conservative Banker rolled 3
Conservative Banker moved to square 35 : Go
Aggressive Invester rolled 9
Aggressive Invester moved to square 34 : Go
Risk Taker rolled 6
Risk Taker moved to square 34 : Go
currunt round is : 170
Oppotunistic Trader rolled 2
Oppotunistic Trader moved to square 0 : Go
Conservative Banker rolled 7
Conservative Banker moved to square 3 : Colombo Fort Railway Station
Aggressive Invester rolled 7
Aggressive Invester moved to square 2 : Go
Risk Taker rolled 8
Risk Taker moved to square 3 : Colombo Fort Railway Station
currunt round is : 170
Oppotunistic Trader rolled 7
Oppotunistic Trader moved to square 7 : Go
Conservative Banker rolled 6
Conservative Banker moved to square 9 : Go
Aggressive Invester rolled 8
Aggressive Invester moved to square 10 : Go
Risk Taker rolled 6
Risk Taker moved to square 9 : Go
currunt round is : 170
Oppotunistic Trader rolled 8
Oppotunistic Trader moved to square 15 : Go
Conservative Banker rolled 2
Conservative Banker moved to square 11 : Go
Aggressive Invester rolled 2
Aggressive Invester moved to square 12 : Go
Risk Taker rolled 11
Risk Taker moved to square 20 : Go
currunt round is : 171
Oppotunistic Trader rolled 5
Oppotunistic Trader moved to square 20 : Go
Conservative Banker rolled 10
Conservative Banker moved to square 21 : Go
Aggressive Invester rolled 12
Aggressive Invester moved to square 24 : Go
Risk Taker rolled 12
Risk Taker moved to square 32 : Go
currunt round is : 171
Oppotunistic Trader rolled 5
Oppotunistic Trader moved to square 25 : Go
Conservative Banker rolled 11
Conservative Banker moved to square 32 : Go
Aggressive Invester rolled 10
Aggressive Invester moved to square 34 : Go
Risk Taker rolled 7
Risk Taker moved to square 0 : Go
currunt round is : 171
Oppotunistic Trader rolled 8
Oppotunistic Trader moved to square 33 : Go
Conservative Banker rolled 8
Conservative Banker moved to square 1 : Pettah
Aggressive Invester rolled 10
Aggressive Invester moved to square 5 : Go
Risk Taker rolled 2
Risk Taker moved to square 2 : Go
currunt round is : 171
Oppotunistic Trader rolled 12
Oppotunistic Trader moved to square 6 : Go
Conservative Banker rolled 9
Conservative Banker moved to square 10 : Go
Aggressive Invester rolled 11
Aggressive Invester moved to square 16 : Go
Risk Taker rolled 11
Risk Taker moved to square 13 : Go
currunt round is : 171
Oppotunistic Trader rolled 10
Oppotunistic Trader moved to square 16 : Go
Conservative Banker rolled 7
Conservative Banker moved to square 17 : Go
Aggressive Invester rolled 3
Aggressive Invester moved to square 19 : Go
Risk Taker rolled 9
Risk Taker moved to square 22 : Go
currunt round is : 172
Oppotunistic Trader rolled 10
Oppotunistic Trader moved to square 26 : Go
Conservative Banker rolled 6
Conservative Banker moved to square 23 : Go
Aggressive Invester rolled 4
Aggressive Invester moved to square 23 : Go
Risk Taker rolled 5
Risk Taker moved to square 27 : Go
currunt round is : 172
Oppotunistic Trader rolled 10
Oppotunistic Trader moved to square 36 : Go
Conservative Banker rolled 8
Conservative Banker moved to square 31 : Go
Aggressive Invester rolled 7
Aggressive Invester moved to square 30 : Go
Risk Taker rolled 3
Risk Taker moved to square 30 : Go
currunt round is : 172
Oppotunistic Trader rolled 7
Oppotunistic Trader moved to square 4 : Go
Conservative Banker rolled 6
Conservative Banker moved to square 37 : Go
Aggressive Invester rolled 2
Aggressive Invester moved to square 32 : Go
Risk Taker rolled 10
Risk Taker moved to square 1 : Pettah
currunt round is : 172
Oppotunistic Trader rolled 3
Oppotunistic Trader moved to square 7 : Go
Conservative Banker rolled 10
Conservative Banker moved to square 8 : Go
Aggressive Invester rolled 9
Aggressive Invester moved to square 2 : Go
Risk Taker rolled 4
Risk Taker moved to square 5 : Go
currunt round is : 173
Oppotunistic Trader rolled 7
Oppotunistic Trader moved to square 14 : Go
Conservative Banker rolled 4
Conservative Banker moved to square 12 : Go
Aggressive Invester rolled 8
Aggressive Invester moved to square 10 : Go
Risk Taker rolled 11
Risk Taker moved to square 16 : Go
currunt round is : 173
Oppotunistic Trader rolled 10
Oppotunistic Trader moved to square 24 : Go
Conservative Banker rolled 5
Conservative Banker moved to square 17 : Go
Aggressive Invester rolled 11
Aggressive Invester moved to square 21 : Go
Risk Taker rolled 9
Risk Taker moved to square 25 : Go
currunt round is : 173
Oppotunistic Trader rolled 10
Oppotunistic Trader moved to square 34 : Go
Conservative Banker rolled 10
Conservative Banker moved to square 27 : Go
Aggressive Invester rolled 6
Aggressive Invester moved to square 27 : Go
Risk Taker rolled 8
Risk Taker moved to square 33 : Go
currunt round is : 173
Oppotunistic Trader rolled 2
Oppotunistic Trader moved to square 36 : Go
Conservative Banker rolled 7
Conservative Banker moved to square 34 : Go
Aggressive Invester rolled 2
Aggressive Invester moved to square 29 : Go
Risk Taker rolled 9
Risk Taker moved to square 3 : Colombo Fort Railway Station
currunt round is : 173
Oppotunistic Trader rolled 9
Oppotunistic Trader moved to square 6 : Go
Conservative Banker rolled 4
Conservative Banker moved to square 38 : Go
Aggressive Invester rolled 10
Aggressive Invester moved to square 0 : Go
Risk Taker rolled 6
Risk Taker moved to square 9 : Go
currunt round is : 173
Oppotunistic Trader rolled 9
Oppotunistic Trader moved to square 15 : Go
Conservative Banker rolled 4
Conservative Banker moved to square 3 : Colombo Fort Railway Station
Aggressive Invester rolled 6
Aggressive Invester moved to square 6 : Go
Risk Taker rolled 3
Risk Taker moved to square 12 : Go
currunt round is : 174
Oppotunistic Trader rolled 6
Oppotunistic Trader moved to square 21 : Go
Conservative Banker rolled 4
Conservative Banker moved to square 7 : Go
Aggressive Invester rolled 11
Aggressive Invester moved to square 17 : Go
Risk Taker rolled 8
Risk Taker moved to square 20 : Go
currunt round is : 174
Oppotunistic Trader rolled 10
Oppotunistic Trader moved to square 31 : Go
Conservative Banker rolled 5
Conservative Banker moved to square 12 : Go
Aggressive Invester rolled 8
Aggressive Invester moved to square 25 : Go
Risk Taker rolled 4
Risk Taker moved to square 24 : Go
currunt round is : 174
Oppotunistic Trader rolled 5
Oppotunistic Trader moved to square 36 : Go
Conservative Banker rolled 12
Conservative Banker moved to square 24 : Go
Aggressive Invester rolled 3
Aggressive Invester moved to square 28 : Go
Risk Taker rolled 3
Risk Taker moved to square 27 : Go
currunt round is : 174
Oppotunistic Trader rolled 2
Oppotunistic Trader moved to square 38 : Go
Conservative Banker rolled 12
Conservative Banker moved to square 36 : Go
Aggressive Invester rolled 10
Aggressive Invester moved to square 38 : Go
Risk Taker rolled 11
Risk Taker moved to square 38 : Go
currunt round is : 174
Oppotunistic Trader rolled 7
Oppotunistic Trader moved to square 6 : Go
Conservative Banker rolled 12
Conservative Banker moved to square 9 : Go
Aggressive Invester rolled 4
Aggressive Invester moved to square 3 : Colombo Fort Railway Station
Risk Taker rolled 6
Risk Taker moved to square 5 : Go
currunt round is : 174
Oppotunistic Trader rolled 4
Oppotunistic Trader moved to square 10 : Go
Conservative Banker rolled 4
Conservative Banker moved to square 13 : Go
Aggressive Invester rolled 2
Aggressive Invester moved to square 5 : Go
Risk Taker rolled 11
Risk Taker moved to square 16 : Go
currunt round is : 175
Oppotunistic Trader rolled 4
Oppotunistic Trader moved to square 14 : Go
Conservative Banker rolled 10
Conservative Banker moved to square 23 : Go
Aggressive Invester rolled 5
Aggressive Invester moved to square 10 : Go
Risk Taker rolled 11
Risk Taker moved to square 27 : Go
currunt round is : 175
Oppotunistic Trader rolled 10
Oppotunistic Trader moved to square 24 : Go
Conservative Banker rolled 7
Conservative Banker moved to square 30 : Go
Aggressive Invester rolled 12
Aggressive Invester moved to square 22 : Go
Risk Taker rolled 4
Risk Taker moved to square 31 : Go
currunt round is : 175
Oppotunistic Trader rolled 9
Oppotunistic Trader moved to square 33 : Go
Conservative Banker rolled 8
Conservative Banker moved to square 38 : Go
Aggressive Invester rolled 8
Aggressive Invester moved to square 30 : Go
Risk Taker rolled 6
Risk Taker moved to square 37 : Go
currunt round is : 175
Oppotunistic Trader rolled 9
Oppotunistic Trader moved to square 3 : Colombo Fort Railway Station
Conservative Banker rolled 12
Conservative Banker moved to square 11 : Go
Aggressive Invester rolled 9
Aggressive Invester moved to square 0 : Go
Risk Taker rolled 2
Risk Taker moved to square 0 : Go
currunt round is : 175
Oppotunistic Trader rolled 12
Oppotunistic Trader moved to square 15 : Go
Conservative Banker rolled 8
Conservative Banker moved to square 19 : Go
Aggressive Invester rolled 3
Aggressive Invester moved to square 3 : Colombo Fort Railway Station
Risk Taker rolled 10
Risk Taker moved to square 10 : Go
currunt round is : 176
Oppotunistic Trader rolled 5
Oppotunistic Trader moved to square 20 : Go
Conservative Banker rolled 9
Conservative Banker moved to square 28 : Go
Aggressive Invester rolled 6
Aggressive Invester moved to square 9 : Go
Risk Taker rolled 11
Risk Taker moved to square 21 : Go
currunt round is : 176
Oppotunistic Trader rolled 7
Oppotunistic Trader moved to square 27 : Go
Conservative Banker rolled 8
Conservative Banker moved to square 36 : Go
Aggressive Invester rolled 2
Aggressive Invester moved to square 11 : Go
Risk Taker rolled 9
Risk Taker moved to square 30 : Go
currunt round is : 176
Oppotunistic Trader rolled 8
Oppotunistic Trader moved to square 35 : Go
Conservative Banker rolled 2
Conservative Banker moved to square 38 : Go
Aggressive Invester rolled 8
Aggressive Invester moved to square 19 : Go
Risk Taker rolled 11
Risk Taker moved to square 2 : Go
currunt round is : 176
Oppotunistic Trader rolled 8
Oppotunistic Trader moved to square 4 : Go
Conservative Banker rolled 9
Conservative Banker moved to square 8 : Go
Aggressive Invester rolled 9
Aggressive Invester moved to square 28 : Go
Risk Taker rolled 3
Risk Taker moved to square 5 : Go
currunt round is : 176
Oppotunistic Trader rolled 3
Oppotunistic Trader moved to square 7 : Go
Conservative Banker rolled 7
Conservative Banker moved to square 15 : Go
Aggressive Invester rolled 3
Aggressive Invester moved to square 31 : Go
Risk Taker rolled 8
Risk Taker moved to square 13 : Go
currunt round is : 177
Oppotunistic Trader rolled 11
Oppotunistic Trader moved to square 18 : Go
Conservative Banker rolled 7
Conservative Banker moved to square 22 : Go
Aggressive Invester rolled 12
Aggressive Invester moved to square 4 : Go
Risk Taker rolled 8
Risk Taker moved to square 21 : Go
currunt round is : 177
Oppotunistic Trader rolled 7
Oppotunistic Trader moved to square 25 : Go
Conservative Banker rolled 6
Conservative Banker moved to square 28 : Go
Aggressive Invester rolled 6
Aggressive Invester moved to square 10 : Go
Risk Taker rolled 4
Risk Taker moved to square 25 : Go
currunt round is : 177
Oppotunistic Trader rolled 10
Oppotunistic Trader moved to square 35 : Go
Conservative Banker rolled 5
Conservative Banker moved to square 33 : Go
Aggressive Invester rolled 12
Aggressive Invester moved to square 22 : Go
Risk Taker rolled 3
Risk Taker moved to square 28 : Go
currunt round is : 177
Oppotunistic Trader rolled 12
Oppotunistic Trader moved to square 8 : Go
Conservative Banker rolled 6
Conservative Banker moved to square 0 : Go
Aggressive Invester rolled 12
Aggressive Invester moved to square 34 : Go
Risk Taker rolled 4
Risk Taker moved to square 32 : Go
currunt round is : 177
Oppotunistic Trader rolled 10
Oppotunistic Trader moved to square 18 : Go
Conservative Banker rolled 10
Conservative Banker moved to square 10 : Go
Aggressive Invester rolled 12
Aggressive Invester moved to square 7 : Go
Risk Taker rolled 6
Risk Taker moved to square 38 : Go
currunt round is : 178
Oppotunistic Trader rolled 10
Oppotunistic Trader moved to square 28 : Go
Conservative Banker rolled 5
Conservative Banker moved to square 15 : Go
Aggressive Invester rolled 2
Aggressive Invester moved to square 9 : Go
Risk Taker rolled 3
Risk Taker moved to square 2 : Go
currunt round is : 178
Oppotunistic Trader rolled 12
Oppotunistic Trader moved to square 1 : Pettah
Conservative Banker rolled 7
Conservative Banker moved to square 22 : Go
Aggressive Invester rolled 2
Aggressive Invester moved to square 11 : Go
Risk Taker rolled 11
Risk Taker moved to square 13 : Go
currunt round is : 178
Oppotunistic Trader rolled 12
Oppotunistic Trader moved to square 13 : Go
Conservative Banker rolled 4
Conservative Banker moved to square 26 : Go
Aggressive Invester rolled 4
Aggressive Invester moved to square 15 : Go
Risk Taker rolled 9
Risk Taker moved to square 22 : Go
currunt round is : 179
Oppotunistic Trader rolled 9
Oppotunistic Trader moved to square 22 : Go
Conservative Banker rolled 12
Conservative Banker moved to square 38 : Go
Aggressive Invester rolled 2
Aggressive Invester moved to square 17 : Go
Risk Taker rolled 12
Risk Taker moved to square 34 : Go
currunt round is : 179
Oppotunistic Trader rolled 6
Oppotunistic Trader moved to square 28 : Go
Conservative Banker rolled 6
Conservative Banker moved to square 5 : Go
Aggressive Invester rolled 12
Aggressive Invester moved to square 29 : Go
Risk Taker rolled 12
Risk Taker moved to square 7 : Go
currunt round is : 179
Oppotunistic Trader rolled 9
Oppotunistic Trader moved to square 37 : Go
Conservative Banker rolled 10
Conservative Banker moved to square 15 : Go
Aggressive Invester rolled 2
Aggressive Invester moved to square 31 : Go
Risk Taker rolled 6
Risk Taker moved to square 13 : Go
currunt round is : 179
Oppotunistic Trader rolled 3
Oppotunistic Trader moved to square 1 : Pettah
Conservative Banker rolled 10
Conservative Banker moved to square 25 : Go
Aggressive Invester rolled 9
Aggressive Invester moved to square 1 : Pettah
Risk Taker rolled 9
Risk Taker moved to square 22 : Go
currunt round is : 179
Oppotunistic Trader rolled 7
Oppotunistic Trader moved to square 8 : Go
Conservative Banker rolled 6
Conservative Banker moved to square 31 : Go
Aggressive Invester rolled 11
Aggressive Invester moved to square 12 : Go
Risk Taker rolled 2
Risk Taker moved to square 24 : Go
currunt round is : 180
Oppotunistic Trader rolled 9
Oppotunistic Trader moved to square 17 : Go
Conservative Banker rolled 11
Conservative Banker moved to square 3 : Colombo Fort Railway Station
Aggressive Invester rolled 3
Aggressive Invester moved to square 15 : Go
Risk Taker rolled 6
Risk Taker moved to square 30 : Go
currunt round is : 180
Oppotunistic Trader rolled 6
Oppotunistic Trader moved to square 23 : Go
Conservative Banker rolled 2
Conservative Banker moved to square 5 : Go
Aggressive Invester rolled 2
Aggressive Invester moved to square 17 : Go
Risk Taker rolled 3
Risk Taker moved to square 33 : Go
currunt round is : 180
Oppotunistic Trader rolled 4
Oppotunistic Trader moved to square 27 : Go
Conservative Banker rolled 4
Conservative Banker moved to square 9 : Go
Aggressive Invester rolled 10
Aggressive Invester moved to square 27 : Go
Risk Taker rolled 9
Risk Taker moved to square 3 : Colombo Fort Railway Station
currunt round is : 180
Oppotunistic Trader rolled 3
Oppotunistic Trader moved to square 30 : Go
Conservative Banker rolled 10
Conservative Banker moved to square 19 : Go
Aggressive Invester rolled 7
Aggressive Invester moved to square 34 : Go
Risk Taker rolled 5
Risk Taker moved to square 8 : Go
currunt round is : 180
Oppotunistic Trader rolled 12
Oppotunistic Trader moved to square 3 : Colombo Fort Railway Station
Conservative Banker rolled 6
Conservative Banker moved to square 25 : Go
Aggressive Invester rolled 5
Aggressive Invester moved to square 0 : Go
Risk Taker rolled 8
Risk Taker moved to square 16 : Go
currunt round is : 180
Oppotunistic Trader rolled 3
Oppotunistic Trader moved to square 6 : Go
Conservative Banker rolled 5
Conservative Banker moved to square 30 : Go
Aggressive Invester rolled 11
Aggressive Invester moved to square 11 : Go
Risk Taker rolled 2
Risk Taker moved to square 18 : Go
currunt round is : 181
Oppotunistic Trader rolled 12
Oppotunistic Trader moved to square 18 : Go
Conservative Banker rolled 5
Conservative Banker moved to square 35 : Go
Aggressive Invester rolled 10
Aggressive Invester moved to square 21 : Go
Risk Taker rolled 6
Risk Taker moved to square 24 : Go
currunt round is : 181
Oppotunistic Trader rolled 9
Oppotunistic Trader moved to square 27 : Go
Conservative Banker rolled 6
Conservative Banker moved to square 2 : Go
Aggressive Invester rolled 7
Aggressive Invester moved to square 28 : Go
Risk Taker rolled 3
Risk Taker moved to square 27 : Go
currunt round is : 181
Oppotunistic Trader rolled 5
Oppotunistic Trader moved to square 32 : Go
Conservative Banker rolled 6
Conservative Banker moved to square 8 : Go
Aggressive Invester rolled 7
Aggressive Invester moved to square 35 : Go
Risk Taker rolled 9
Risk Taker moved to square 36 : Go
currunt round is : 181
Oppotunistic Trader rolled 6
Oppotunistic Trader moved to square 38 : Go
Conservative Banker rolled 5
Conservative Banker moved to square 13 : Go
Aggressive Invester rolled 8
Aggressive Invester moved to square 4 : Go
Risk Taker rolled 6
Risk Taker moved to square 3 : Colombo Fort Railway Station
currunt round is : 181
Oppotunistic Trader rolled 7
Oppotunistic Trader moved to square 6 : Go
Conservative Banker rolled 6
Conservative Banker moved to square 19 : Go
Aggressive Invester rolled 12
Aggressive Invester moved to square 16 : Go
Risk Taker rolled 8
Risk Taker moved to square 11 : Go
currunt round is : 181
Oppotunistic Trader rolled 12
Oppotunistic Trader moved to square 18 : Go
Conservative Banker rolled 6
Conservative Banker moved to square 25 : Go
Aggressive Invester rolled 10
Aggressive Invester moved to square 26 : Go
Risk Taker rolled 12
Risk Taker moved to square 23 : Go
currunt round is : 182
Oppotunistic Trader rolled 8
Oppotunistic Trader moved to square 26 : Go
Conservative Banker rolled 2
Conservative Banker moved to square 27 : Go
Aggressive Invester rolled 7
Aggressive Invester moved to square 33 : Go
Risk Taker rolled 10
Risk Taker moved to square 33 : Go
currunt round is : 182
Oppotunistic Trader rolled 3
Oppotunistic Trader moved to square 29 : Go
Conservative Banker rolled 3
Conservative Banker moved to square 30 : Go
Aggressive Invester rolled 8
Aggressive Invester moved to square 2 : Go
Risk Taker rolled 2
Risk Taker moved to square 35 : Go
currunt round is : 182
Oppotunistic Trader rolled 6
Oppotunistic Trader moved to square 35 : Go
Conservative Banker rolled 3
Conservative Banker moved to square 33 : Go
Aggressive Invester rolled 7
Aggressive Invester moved to square 9 : Go
Risk Taker rolled 11
Risk Taker moved to square 7 : Go
currunt round is : 182
Oppotunistic Trader rolled 8
Oppotunistic Trader moved to square 4 : Go
Conservative Banker rolled 10
Conservative Banker moved to square 4 : Go
Aggressive Invester rolled 12
Aggressive Invester moved to square 21 : Go
Risk Taker rolled 11
Risk Taker moved to square 18 : Go
currunt round is : 182
Oppotunistic Trader rolled 12
Oppotunistic Trader moved to square 16 : Go
Conservative Banker rolled 4
Conservative Banker moved to square 8 : Go
Aggressive Invester rolled 5
Aggressive Invester moved to square 26 : Go
Risk Taker rolled 6
Risk Taker moved to square 24 : Go
currunt round is : 183
Oppotunistic Trader rolled 7
Oppotunistic Trader moved to square 23 : Go
Conservative Banker rolled 9
Conservative Banker moved to square 17 : Go
Aggressive Invester rolled 8
Aggressive Invester moved to square 34 : Go
Risk Taker rolled 12
Risk Taker moved to square 36 : Go
currunt round is : 183
Oppotunistic Trader rolled 2
Oppotunistic Trader moved to square 25 : Go
Conservative Banker rolled 7
Conservative Banker moved to square 24 : Go
Aggressive Invester rolled 6
Aggressive Invester moved to square 1 : Pettah
Risk Taker rolled 2
Risk Taker moved to square 38 : Go
currunt round is : 183
Oppotunistic Trader rolled 11
Oppotunistic Trader moved to square 36 : Go
Conservative Banker rolled 3
Conservative Banker moved to square 27 : Go
Aggressive Invester rolled 10
Aggressive Invester moved to square 11 : Go
Risk Taker rolled 5
Risk Taker moved to square 4 : Go
currunt round is : 183
Oppotunistic Trader rolled 12
Oppotunistic Trader moved to square 9 : Go
Conservative Banker rolled 4
Conservative Banker moved to square 31 : Go
Aggressive Invester rolled 2
Aggressive Invester moved to square 13 : Go
Risk Taker rolled 11
Risk Taker moved to square 15 : Go
currunt round is : 183
Oppotunistic Trader rolled 4
Oppotunistic Trader moved to square 13 : Go
Conservative Banker rolled 6
Conservative Banker moved to square 37 : Go
Aggressive Invester rolled 12
Aggressive Invester moved to square 25 : Go
Risk Taker rolled 6
Risk Taker moved to square 21 : Go
currunt round is : 184
Oppotunistic Trader rolled 8
Oppotunistic Trader moved to square 21 : Go
Conservative Banker rolled 4
Conservative Banker moved to square 2 : Go
Aggressive Invester rolled 5
Aggressive Invester moved to square 30 : Go
Risk Taker rolled 3
Risk Taker moved to square 24 : Go
currunt round is : 184
Oppotunistic Trader rolled 12
Oppotunistic Trader moved to square 33 : Go
Conservative Banker rolled 2
Conservative Banker moved to square 4 : Go
Aggressive Invester rolled 10
Aggressive Invester moved to square 1 : Pettah
Risk Taker rolled 11
Risk Taker moved to square 35 : Go
currunt round is : 184
Oppotunistic Trader rolled 5
Oppotunistic Trader moved to square 38 : Go
Conservative Banker rolled 11
Conservative Banker moved to square 15 : Go
Aggressive Invester rolled 2
Aggressive Invester moved to square 3 : Colombo Fort Railway Station
Risk Taker rolled 8
Risk Taker moved to square 4 : Go
currunt round is : 184
Oppotunistic Trader rolled 7
Oppotunistic Trader moved to square 6 : Go
Conservative Banker rolled 9
Conservative Banker moved to square 24 : Go
Aggressive Invester rolled 8
Aggressive Invester moved to square 11 : Go
Risk Taker rolled 6
Risk Taker moved to square 10 : Go
currunt round is : 184
Oppotunistic Trader rolled 12
Oppotunistic Trader moved to square 18 : Go
Conservative Banker rolled 10
Conservative Banker moved to square 34 : Go
Aggressive Invester rolled 4
Aggressive Invester moved to square 15 : Go
Risk Taker rolled 9
Risk Taker moved to square 19 : Go
currunt round is : 185
Oppotunistic Trader rolled 9
Oppotunistic Trader moved to square 27 : Go
Conservative Banker rolled 12
Conservative Banker moved to square 7 : Go
Aggressive Invester rolled 12
Aggressive Invester moved to square 27 : Go
Risk Taker rolled 6
Risk Taker moved to square 25 : Go
currunt round is : 185
Oppotunistic Trader rolled 12
Oppotunistic Trader moved to square 0 : Go
Conservative Banker rolled 12
Conservative Banker moved to square 19 : Go
Aggressive Invester rolled 4
Aggressive Invester moved to square 31 : Go
Risk Taker rolled 3
Risk Taker moved to square 28 : Go
currunt round is : 185
Oppotunistic Trader rolled 5
Oppotunistic Trader moved to square 5 : Go
Conservative Banker rolled 3
Conservative Banker moved to square 22 : Go
Aggressive Invester rolled 8
Aggressive Invester moved to square 0 : Go
Risk Taker rolled 9
Risk Taker moved to square 37 : Go
currunt round is : 185
Oppotunistic Trader rolled 3
Oppotunistic Trader moved to square 8 : Go
Conservative Banker rolled 9
Conservative Banker moved to square 31 : Go
Aggressive Invester rolled 10
Aggressive Invester moved to square 10 : Go
Risk Taker rolled 11
Risk Taker moved to square 9 : Go
currunt round is : 186
Oppotunistic Trader rolled 9
Oppotunistic Trader moved to square 17 : Go
Conservative Banker rolled 5
Conservative Banker moved to square 36 : Go
Aggressive Invester rolled 8
Aggressive Invester moved to square 18 : Go
Risk Taker rolled 12
Risk Taker moved to square 21 : Go
currunt round is : 186
Oppotunistic Trader rolled 3
Oppotunistic Trader moved to square 20 : Go
Conservative Banker rolled 8
Conservative Banker moved to square 5 : Go
Aggressive Invester rolled 8
Aggressive Invester moved to square 26 : Go
Risk Taker rolled 7
Risk Taker moved to square 28 : Go
currunt round is : 186
Oppotunistic Trader rolled 2
Oppotunistic Trader moved to square 22 : Go
Conservative Banker rolled 12
Conservative Banker moved to square 17 : Go
Aggressive Invester rolled 11
Aggressive Invester moved to square 37 : Go
Risk Taker rolled 2
Risk Taker moved to square 30 : Go
currunt round is : 186
Oppotunistic Trader rolled 7
Oppotunistic Trader moved to square 29 : Go
Conservative Banker rolled 11
Conservative Banker moved to square 28 : Go
Aggressive Invester rolled 9
Aggressive Invester moved to square 7 : Go
Risk Taker rolled 12
Risk Taker moved to square 3 : Colombo Fort Railway Station
currunt round is : 186
Oppotunistic Trader rolled 10
Oppotunistic Trader moved to square 0 : Go
Conservative Banker rolled 8
Conservative Banker moved to square 36 : Go
Aggressive Invester rolled 5
Aggressive Invester moved to square 12 : Go
Risk Taker rolled 9
Risk Taker moved to square 12 : Go
currunt round is : 186
Oppotunistic Trader rolled 5
Oppotunistic Trader moved to square 5 : Go
Conservative Banker rolled 7
Conservative Banker moved to square 4 : Go
Aggressive Invester rolled 9
Aggressive Invester moved to square 21 : Go
Risk Taker rolled 6
Risk Taker moved to square 18 : Go
currunt round is : 186
Oppotunistic Trader rolled 7
Oppotunistic Trader moved to square 12 : Go
Conservative Banker rolled 2
Conservative Banker moved to square 6 : Go
Aggressive Invester rolled 3
Aggressive Invester moved to square 24 : Go
Risk Taker rolled 8
Risk Taker moved to square 26 : Go
currunt round is : 187
Oppotunistic Trader rolled 9
Oppotunistic Trader moved to square 21 : Go
Conservative Banker rolled 9
Conservative Banker moved to square 15 : Go
Aggressive Invester rolled 7
Aggressive Invester moved to square 31 : Go
Risk Taker rolled 5
Risk Taker moved to square 31 : Go
currunt round is : 187
Oppotunistic Trader rolled 2
Oppotunistic Trader moved to square 23 : Go
Conservative Banker rolled 2
Conservative Banker moved to square 17 : Go
Aggressive Invester rolled 3
Aggressive Invester moved to square 34 : Go
Risk Taker rolled 12
Risk Taker moved to square 4 : Go
currunt round is : 187
Oppotunistic Trader rolled 6
Oppotunistic Trader moved to square 29 : Go
Conservative Banker rolled 7
Conservative Banker moved to square 24 : Go
Aggressive Invester rolled 4
Aggressive Invester moved to square 38 : Go
Risk Taker rolled 7
Risk Taker moved to square 11 : Go
currunt round is : 187
Oppotunistic Trader rolled 4
Oppotunistic Trader moved to square 33 : Go
Conservative Banker rolled 2
Conservative Banker moved to square 26 : Go
Aggressive Invester rolled 7
Aggressive Invester moved to square 6 : Go
Risk Taker rolled 9
Risk Taker moved to square 20 : Go
currunt round is : 187
Oppotunistic Trader rolled 11
Oppotunistic Trader moved to square 5 : Go
Conservative Banker rolled 12
Conservative Banker moved to square 38 : Go
Aggressive Invester rolled 8
Aggressive Invester moved to square 14 : Go
Risk Taker rolled 6
Risk Taker moved to square 26 : Go
currunt round is : 187
Oppotunistic Trader rolled 5
Oppotunistic Trader moved to square 10 : Go
Conservative Banker rolled 9
Conservative Banker moved to square 8 : Go
Aggressive Invester rolled 12
Aggressive Invester moved to square 26 : Go
Risk Taker rolled 8
Risk Taker moved to square 34 : Go
currunt round is : 188
Oppotunistic Trader rolled 3
Oppotunistic Trader moved to square 13 : Go
Conservative Banker rolled 8
Conservative Banker moved to square 16 : Go
Aggressive Invester rolled 10
Aggressive Invester moved to square 36 : Go
Risk Taker rolled 6
Risk Taker moved to square 1 : Pettah
currunt round is : 188
Oppotunistic Trader rolled 8
Oppotunistic Trader moved to square 21 : Go
Conservative Banker rolled 11
Conservative Banker moved to square 27 : Go
Aggressive Invester rolled 2
Aggressive Invester moved to square 38 : Go
Risk Taker rolled 4
Risk Taker moved to square 5 : Go
currunt round is : 188
Oppotunistic Trader rolled 6
Oppotunistic Trader moved to square 27 : Go
Conservative Banker rolled 7
Conservative Banker moved to square 34 : Go
Aggressive Invester rolled 5
Aggressive Invester moved to square 4 : Go
Risk Taker rolled 6
Risk Taker moved to square 11 : Go
currunt round is : 188
Oppotunistic Trader rolled 5
Oppotunistic Trader moved to square 32 : Go
Conservative Banker rolled 6
Conservative Banker moved to square 1 : Pettah
Aggressive Invester rolled 3
Aggressive Invester moved to square 7 : Go
Risk Taker rolled 9
Risk Taker moved to square 20 : Go
currunt round is : 188
Oppotunistic Trader rolled 11
Oppotunistic Trader moved to square 4 : Go
Conservative Banker rolled 6
Conservative Banker moved to square 7 : Go
Aggressive Invester rolled 3
Aggressive Invester moved to square 10 : Go
Risk Taker rolled 2
Risk Taker moved to square 22 : Go
currunt round is : 188
Oppotunistic Trader rolled 4
Oppotunistic Trader moved to square 8 : Go
Conservative Banker rolled 6
Conservative Banker moved to square 13 : Go
Aggressive Invester rolled 7
Aggressive Invester moved to square 17 : Go
Risk Taker rolled 12
Risk Taker moved to square 34 : Go
currunt round is : 189
Oppotunistic Trader rolled 3
Oppotunistic Trader moved to square 11 : Go
Conservative Banker rolled 11
Conservative Banker moved to square 24 : Go
Aggressive Invester rolled 5
Aggressive Invester moved to square 22 : Go
Risk Taker rolled 6
Risk Taker moved to square 1 : Pettah
currunt round is : 189
Oppotunistic Trader rolled 7
Oppotunistic Trader moved to square 18 : Go
Conservative Banker rolled 4
Conservative Banker moved to square 28 : Go
Aggressive Invester rolled 10
Aggressive Invester moved to square 32 : Go
Risk Taker rolled 7
Risk Taker moved to square 8 : Go
currunt round is : 189
Oppotunistic Trader rolled 8
Oppotunistic Trader moved to square 26 : Go
Conservative Banker rolled 8
Conservative Banker moved to square 36 : Go
Aggressive Invester rolled 11
Aggressive Invester moved to square 4 : Go
Risk Taker rolled 3
Risk Taker moved to square 11 : Go
currunt round is : 189
Oppotunistic Trader rolled 4
Oppotunistic Trader moved to square 30 : Go
Conservative Banker rolled 11
Conservative Banker moved to square 8 : Go
Aggressive Invester rolled 3
Aggressive Invester moved to square 7 : Go
Risk Taker rolled 8
Risk Taker moved to square 19 : Go
currunt round is : 189
Oppotunistic Trader rolled 3
Oppotunistic Trader moved to square 33 : Go
Conservative Banker rolled 7
Conservative Banker moved to square 15 : Go
Aggressive Invester rolled 10
Aggressive Invester moved to square 17 : Go
Risk Taker rolled 6
Risk Taker moved to square 25 : Go
currunt round is : 189
Oppotunistic Trader rolled 11
Oppotunistic Trader moved to square 5 : Go
Conservative Banker rolled 10
Conservative Banker moved to square 25 : Go
Aggressive Invester rolled 12
Aggressive Invester moved to square 29 : Go
Risk Taker rolled 10
Risk Taker moved to square 35 : Go
currunt round is : 189
Oppotunistic Trader rolled 3
Oppotunistic Trader moved to square 8 : Go
Conservative Banker rolled 11
Conservative Banker moved to square 36 : Go
Aggressive Invester rolled 8
Aggressive Invester moved to square 37 : Go
Risk Taker rolled 3
Risk Taker moved to square 38 : Go
currunt round is : 190
Oppotunistic Trader rolled 5
Oppotunistic Trader moved to square 13 : Go
Conservative Banker rolled 3
Conservative Banker moved to square 0 : Go
Aggressive Invester rolled 2
Aggressive Invester moved to square 0 : Go
Risk Taker rolled 4
Risk Taker moved to square 3 : Colombo Fort Railway Station
currunt round is : 190
Oppotunistic Trader rolled 12
Oppotunistic Trader moved to square 25 : Go
Conservative Banker rolled 4
Conservative Banker moved to square 4 : Go
Aggressive Invester rolled 9
Aggressive Invester moved to square 9 : Go
Risk Taker rolled 5
Risk Taker moved to square 8 : Go
currunt round is : 190
Oppotunistic Trader rolled 6
Oppotunistic Trader moved to square 31 : Go
Conservative Banker rolled 4
Conservative Banker moved to square 8 : Go
Aggressive Invester rolled 10
Aggressive Invester moved to square 19 : Go
Risk Taker rolled 2
Risk Taker moved to square 10 : Go
currunt round is : 190
Oppotunistic Trader rolled 10
Oppotunistic Trader moved to square 2 : Go
Conservative Banker rolled 8
Conservative Banker moved to square 16 : Go
Aggressive Invester rolled 12
Aggressive Invester moved to square 31 : Go
Risk Taker rolled 11
Risk Taker moved to square 21 : Go
currunt round is : 190
Oppotunistic Trader rolled 5
Oppotunistic Trader moved to square 7 : Go
Conservative Banker rolled 3
Conservative Banker moved to square 19 : Go
Aggressive Invester rolled 6
Aggressive Invester moved to square 37 : Go
Risk Taker rolled 6
Risk Taker moved to square 27 : Go
currunt round is : 191
Oppotunistic Trader rolled 8
Oppotunistic Trader moved to square 15 : Go
Conservative Banker rolled 2
Conservative Banker moved to square 21 : Go
Aggressive Invester rolled 9
Aggressive Invester moved to square 7 : Go
Risk Taker rolled 6
Risk Taker moved to square 33 : Go
currunt round is : 191
Oppotunistic Trader rolled 10
Oppotunistic Trader moved to square 25 : Go
Conservative Banker rolled 8
Conservative Banker moved to square 29 : Go
Aggressive Invester rolled 12
Aggressive Invester moved to square 19 : Go
Risk Taker rolled 11
Risk Taker moved to square 5 : Go
currunt round is : 191
Oppotunistic Trader rolled 6
Oppotunistic Trader moved to square 31 : Go
Conservative Banker rolled 8
Conservative Banker moved to square 37 : Go
Aggressive Invester rolled 12
Aggressive Invester moved to square 31 : Go
Risk Taker rolled 7
Risk Taker moved to square 12 : Go
currunt round is : 191
Oppotunistic Trader rolled 7
Oppotunistic Trader moved to square 38 : Go
Conservative Banker rolled 11
Conservative Banker moved to square 9 : Go
Aggressive Invester rolled 8
Aggressive Invester moved to square 0 : Go
Risk Taker rolled 4
Risk Taker moved to square 16 : Go
currunt round is : 191
Oppotunistic Trader rolled 2
Oppotunistic Trader moved to square 1 : Pettah
Conservative Banker rolled 4
Conservative Banker moved to square 13 : Go
Aggressive Invester rolled 7
Aggressive Invester moved to square 7 : Go
Risk Taker rolled 6
Risk Taker moved to square 22 : Go
currunt round is : 191
Oppotunistic Trader rolled 4
Oppotunistic Trader moved to square 5 : Go
Conservative Banker rolled 4
Conservative Banker moved to square 17 : Go
Aggressive Invester rolled 4
Aggressive Invester moved to square 11 : Go
Risk Taker rolled 2
Risk Taker moved to square 24 : Go
currunt round is : 192
Oppotunistic Trader rolled 9
Oppotunistic Trader moved to square 14 : Go
Conservative Banker rolled 4
Conservative Banker moved to square 21 : Go
Aggressive Invester rolled 11
Aggressive Invester moved to square 22 : Go
Risk Taker rolled 12
Risk Taker moved to square 36 : Go
currunt round is : 192
Oppotunistic Trader rolled 5
Oppotunistic Trader moved to square 19 : Go
Conservative Banker rolled 2
Conservative Banker moved to square 23 : Go
Aggressive Invester rolled 5
Aggressive Invester moved to square 27 : Go
Risk Taker rolled 9
Risk Taker moved to square 6 : Go
currunt round is : 192
Oppotunistic Trader rolled 2
Oppotunistic Trader moved to square 21 : Go
Conservative Banker rolled 10
Conservative Banker moved to square 33 : Go
Aggressive Invester rolled 2
Aggressive Invester moved to square 29 : Go
Risk Taker rolled 10
Risk Taker moved to square 16 : Go
currunt round is : 192
Oppotunistic Trader rolled 5
Oppotunistic Trader moved to square 26 : Go
Conservative Banker rolled 11
Conservative Banker moved to square 5 : Go
Aggressive Invester rolled 6
Aggressive Invester moved to square 35 : Go
Risk Taker rolled 8
Risk Taker moved to square 24 : Go
currunt round is : 192
Oppotunistic Trader rolled 6
Oppotunistic Trader moved to square 32 : Go
Conservative Banker rolled 4
Conservative Banker moved to square 9 : Go
Aggressive Invester rolled 11
Aggressive Invester moved to square 7 : Go
Risk Taker rolled 9
Risk Taker moved to square 33 : Go
currunt round is : 192
Oppotunistic Trader rolled 2
Oppotunistic Trader moved to square 34 : Go
Conservative Banker rolled 6
Conservative Banker moved to square 15 : Go
Aggressive Invester rolled 11
Aggressive Invester moved to square 18 : Go
Risk Taker rolled 11
Risk Taker moved to square 5 : Go
currunt round is : 192
Oppotunistic Trader rolled 8
Oppotunistic Trader moved to square 3 : Colombo Fort Railway Station
Conservative Banker rolled 6
Conservative Banker moved to square 21 : Go
Aggressive Invester rolled 2
Aggressive Invester moved to square 20 : Go
Risk Taker rolled 9
Risk Taker moved to square 14 : Go
currunt round is : 192
Oppotunistic Trader rolled 8
Oppotunistic Trader moved to square 11 : Go
Conservative Banker rolled 5
Conservative Banker moved to square 26 : Go
Aggressive Invester rolled 9
Aggressive Invester moved to square 29 : Go
Risk Taker rolled 4
Risk Taker moved to square 18 : Go
currunt round is : 193
Oppotunistic Trader rolled 5
Oppotunistic Trader moved to square 16 : Go
Conservative Banker rolled 5
Conservative Banker moved to square 31 : Go
Aggressive Invester rolled 12
Aggressive Invester moved to square 2 : Go
Risk Taker rolled 6
Risk Taker moved to square 24 : Go
currunt round is : 193
Oppotunistic Trader rolled 5
Oppotunistic Trader moved to square 21 : Go
Conservative Banker rolled 3
Conservative Banker moved to square 34 : Go
Aggressive Invester rolled 2
Aggressive Invester moved to square 4 : Go
Risk Taker rolled 4
Risk Taker moved to square 28 : Go
currunt round is : 193
Oppotunistic Trader rolled 11
Oppotunistic Trader moved to square 32 : Go
Conservative Banker rolled 11
Conservative Banker moved to square 6 : Go
Aggressive Invester rolled 10
Aggressive Invester moved to square 14 : Go
Risk Taker rolled 2
Risk Taker moved to square 30 : Go
currunt round is : 193
Oppotunistic Trader rolled 9
Oppotunistic Trader moved to square 2 : Go
Conservative Banker rolled 2
Conservative Banker moved to square 8 : Go
Aggressive Invester rolled 8
Aggressive Invester moved to square 22 : Go
Risk Taker rolled 11
Risk Taker moved to square 2 : Go
currunt round is : 193
Oppotunistic Trader rolled 4
Oppotunistic Trader moved to square 6 : Go
Conservative Banker rolled 6
Conservative Banker moved to square 14 : Go
Aggressive Invester rolled 7
Aggressive Invester moved to square 29 : Go
Risk Taker rolled 2
Risk Taker moved to square 4 : Go
currunt round is : 194
Oppotunistic Trader rolled 11
Oppotunistic Trader moved to square 17 : Go
Conservative Banker rolled 6
Conservative Banker moved to square 20 : Go
Aggressive Invester rolled 11
Aggressive Invester moved to square 1 : Pettah
Risk Taker rolled 4
Risk Taker moved to square 8 : Go
currunt round is : 194
Oppotunistic Trader rolled 10
Oppotunistic Trader moved to square 27 : Go
Conservative Banker rolled 9
Conservative Banker moved to square 29 : Go
Aggressive Invester rolled 11
Aggressive Invester moved to square 12 : Go
Risk Taker rolled 3
Risk Taker moved to square 11 : Go
currunt round is : 194
Oppotunistic Trader rolled 10
Oppotunistic Trader moved to square 37 : Go
Conservative Banker rolled 5
Conservative Banker moved to square 34 : Go
Aggressive Invester rolled 4
Aggressive Invester moved to square 16 : Go
Risk Taker rolled 2
Risk Taker moved to square 13 : Go
currunt round is : 194
Oppotunistic Trader rolled 8
Oppotunistic Trader moved to square 6 : Go
Conservative Banker rolled 3
Conservative Banker moved to square 37 : Go
Aggressive Invester rolled 4
Aggressive Invester moved to square 20 : Go
Risk Taker rolled 10
Risk Taker moved to square 23 : Go
currunt round is : 194
Oppotunistic Trader rolled 4
Oppotunistic Trader moved to square 10 : Go
Conservative Banker rolled 4
Conservative Banker moved to square 2 : Go
Aggressive Invester rolled 10
Aggressive Invester moved to square 30 : Go
Risk Taker rolled 3
Risk Taker moved to square 26 : Go
currunt round is : 195
Oppotunistic Trader rolled 12
Oppotunistic Trader moved to square 22 : Go
Conservative Banker rolled 7
Conservative Banker moved to square 9 : Go
Aggressive Invester rolled 3
Aggressive Invester moved to square 33 : Go
Risk Taker rolled 6
Risk Taker moved to square 32 : Go
currunt round is : 195
Oppotunistic Trader rolled 7
Oppotunistic Trader moved to square 29 : Go
Conservative Banker rolled 7
Conservative Banker moved to square 16 : Go
Aggressive Invester rolled 5
Aggressive Invester moved to square 38 : Go
Risk Taker rolled 7
Risk Taker moved to square 0 : Go
currunt round is : 195
Oppotunistic Trader rolled 9
Oppotunistic Trader moved to square 38 : Go
Conservative Banker rolled 10
Conservative Banker moved to square 26 : Go
Aggressive Invester rolled 7
Aggressive Invester moved to square 6 : Go
Risk Taker rolled 7
Risk Taker moved to square 7 : Go
currunt round is : 195
Oppotunistic Trader rolled 12
Oppotunistic Trader moved to square 11 : Go
Conservative Banker rolled 3
Conservative Banker moved to square 29 : Go
Aggressive Invester rolled 8
Aggressive Invester moved to square 14 : Go
Risk Taker rolled 9
Risk Taker moved to square 16 : Go
currunt round is : 195
Oppotunistic Trader rolled 9
Oppotunistic Trader moved to square 20 : Go
Conservative Banker rolled 4
Conservative Banker moved to square 33 : Go
Aggressive Invester rolled 9
Aggressive Invester moved to square 23 : Go
Risk Taker rolled 6
Risk Taker moved to square 22 : Go
currunt round is : 196
Oppotunistic Trader rolled 8
Oppotunistic Trader moved to square 28 : Go
Conservative Banker rolled 11
Conservative Banker moved to square 5 : Go
Aggressive Invester rolled 7
Aggressive Invester moved to square 30 : Go
Risk Taker rolled 12
Risk Taker moved to square 34 : Go
currunt round is : 196
Oppotunistic Trader rolled 10
Oppotunistic Trader moved to square 38 : Go
Conservative Banker rolled 7
Conservative Banker moved to square 12 : Go
Aggressive Invester rolled 7
Aggressive Invester moved to square 37 : Go
Risk Taker rolled 11
Risk Taker moved to square 6 : Go
currunt round is : 196
Oppotunistic Trader rolled 8
Oppotunistic Trader moved to square 7 : Go
Conservative Banker rolled 4
Conservative Banker moved to square 16 : Go
Aggressive Invester rolled 10
Aggressive Invester moved to square 8 : Go
Risk Taker rolled 7
Risk Taker moved to square 13 : Go
currunt round is : 196
Oppotunistic Trader rolled 10
Oppotunistic Trader moved to square 17 : Go
Conservative Banker rolled 9
Conservative Banker moved to square 25 : Go
Aggressive Invester rolled 11
Aggressive Invester moved to square 19 : Go
Risk Taker rolled 4
Risk Taker moved to square 17 : Go
currunt round is : 197
Oppotunistic Trader rolled 3
Oppotunistic Trader moved to square 20 : Go
Conservative Banker rolled 12
Conservative Banker moved to square 37 : Go
Aggressive Invester rolled 10
Aggressive Invester moved to square 29 : Go
Risk Taker rolled 10
Risk Taker moved to square 27 : Go
currunt round is : 197
Oppotunistic Trader rolled 10
Oppotunistic Trader moved to square 30 : Go
Conservative Banker rolled 2
Conservative Banker moved to square 0 : Go
Aggressive Invester rolled 3
Aggressive Invester moved to square 32 : Go
Risk Taker rolled 7
Risk Taker moved to square 34 : Go
currunt round is : 197
Oppotunistic Trader rolled 2
Oppotunistic Trader moved to square 32 : Go
Conservative Banker rolled 9
Conservative Banker moved to square 9 : Go
Aggressive Invester rolled 2
Aggressive Invester moved to square 34 : Go
Risk Taker rolled 9
Risk Taker moved to square 4 : Go
currunt round is : 197
Oppotunistic Trader rolled 11
Oppotunistic Trader moved to square 4 : Go
Conservative Banker rolled 9
Conservative Banker moved to square 18 : Go
Aggressive Invester rolled 11
Aggressive Invester moved to square 6 : Go
Risk Taker rolled 4
Risk Taker moved to square 8 : Go
currunt round is : 197
Oppotunistic Trader rolled 5
Oppotunistic Trader moved to square 9 : Go
Conservative Banker rolled 5
Conservative Banker moved to square 23 : Go
Aggressive Invester rolled 4
Aggressive Invester moved to square 10 : Go
Risk Taker rolled 2
Risk Taker moved to square 10 : Go
currunt round is : 198
Oppotunistic Trader rolled 11
Oppotunistic Trader moved to square 20 : Go
Conservative Banker rolled 7
Conservative Banker moved to square 30 : Go
Aggressive Invester rolled 11
Aggressive Invester moved to square 21 : Go
Risk Taker rolled 6
Risk Taker moved to square 16 : Go
currunt round is : 198
Oppotunistic Trader rolled 10
Oppotunistic Trader moved to square 30 : Go
Conservative Banker rolled 8
Conservative Banker moved to square 38 : Go
Aggressive Invester rolled 9
Aggressive Invester moved to square 30 : Go
Risk Taker rolled 7
Risk Taker moved to square 23 : Go
currunt round is : 198
Oppotunistic Trader rolled 2
Oppotunistic Trader moved to square 32 : Go
Conservative Banker rolled 7
Conservative Banker moved to square 6 : Go
Aggressive Invester rolled 7
Aggressive Invester moved to square 37 : Go
Risk Taker rolled 3
Risk Taker moved to square 26 : Go
currunt round is : 198
Oppotunistic Trader rolled 5
Oppotunistic Trader moved to square 37 : Go
Conservative Banker rolled 2
Conservative Banker moved to square 8 : Go
Aggressive Invester rolled 10
Aggressive Invester moved to square 8 : Go
Risk Taker rolled 2
Risk Taker moved to square 28 : Go
currunt round is : 198
Oppotunistic Trader rolled 12
Oppotunistic Trader moved to square 10 : Go
Conservative Banker rolled 11
Conservative Banker moved to square 19 : Go
Aggressive Invester rolled 5
Aggressive Invester moved to square 13 : Go
Risk Taker rolled 12
Risk Taker moved to square 1 : Pettah
currunt round is : 198
Oppotunistic Trader rolled 5
Oppotunistic Trader moved to square 15 : Go
Conservative Banker rolled 5
Conservative Banker moved to square 24 : Go
Aggressive Invester rolled 6
Aggressive Invester moved to square 19 : Go
Risk Taker rolled 12
Risk Taker moved to square 13 : Go
currunt round is : 199
Oppotunistic Trader rolled 12
Oppotunistic Trader moved to square 27 : Go
Conservative Banker rolled 4
Conservative Banker moved to square 28 : Go
Aggressive Invester rolled 4
Aggressive Invester moved to square 23 : Go
Risk Taker rolled 4
Risk Taker moved to square 17 : Go
currunt round is : 199
Oppotunistic Trader rolled 6
Oppotunistic Trader moved to square 33 : Go
Conservative Banker rolled 4
Conservative Banker moved to square 32 : Go
Aggressive Invester rolled 3
Aggressive Invester moved to square 26 : Go
Risk Taker rolled 2
Risk Taker moved to square 19 : Go
currunt round is : 199
Oppotunistic Trader rolled 9
Oppotunistic Trader moved to square 3 : Colombo Fort Railway Station
Conservative Banker rolled 10
Conservative Banker moved to square 3 : Colombo Fort Railway Station
Aggressive Invester rolled 4
Aggressive Invester moved to square 30 : Go
Risk Taker rolled 6
Risk Taker moved to square 25 : Go
currunt round is : 199
Oppotunistic Trader rolled 6
Oppotunistic Trader moved to square 9 : Go
Conservative Banker rolled 11
Conservative Banker moved to square 14 : Go
Aggressive Invester rolled 9
Aggressive Invester moved to square 0 : Go
Risk Taker rolled 4
Risk Taker moved to square 29 : Go
currunt round is : 200
Oppotunistic Trader rolled 3
Oppotunistic Trader moved to square 12 : Go
Conservative Banker rolled 4
Conservative Banker moved to square 18 : Go
Aggressive Invester rolled 6
Aggressive Invester moved to square 6 : Go
Risk Taker rolled 6
Risk Taker moved to square 35 : Go
currunt round is : 200
Oppotunistic Trader rolled 4
Oppotunistic Trader moved to square 16 : Go
Conservative Banker rolled 3
Conservative Banker moved to square 21 : Go
Aggressive Invester rolled 4
Aggressive Invester moved to square 10 : Go
Risk Taker rolled 3
Risk Taker moved to square 38 : Go
currunt round is : 200
Oppotunistic Trader rolled 10
Oppotunistic Trader moved to square 26 : Go
Conservative Banker rolled 8
Conservative Banker moved to square 29 : Go
Aggressive Invester rolled 11
Aggressive Invester moved to square 21 : Go
Risk Taker rolled 2
Risk Taker moved to square 1 : Pettah
currunt round is : 200
Oppotunistic Trader rolled 11
Oppotunistic Trader moved to square 37 : Go
Conservative Banker rolled 2
Conservative Banker moved to square 31 : Go
Aggressive Invester rolled 12
Aggressive Invester moved to square 33 : Go
Risk Taker rolled 9
Risk Taker moved to square 10 : Go
currunt round is : 200
Oppotunistic Trader rolled 3
Oppotunistic Trader moved to square 1 : Pettah
Conservative Banker rolled 12
Conservative Banker moved to square 4 : Go
Aggressive Invester rolled 11
Aggressive Invester moved to square 5 : Go
Risk Taker rolled 7
Risk Taker moved to square 17 : Go
currunt round is : 200
Oppotunistic Trader rolled 3
Oppotunistic Trader moved to square 4 : Go
Conservative Banker rolled 12
Conservative Banker moved to square 16 : Go
Aggressive Invester rolled 5
Aggressive Invester moved to square 10 : Go
Risk Taker rolled 9
Risk Taker moved to square 26 : Go
currunt round is : 201
Oppotunistic Trader rolled 10
Oppotunistic Trader moved to square 14 : Go
Conservative Banker rolled 7
Conservative Banker moved to square 23 : Go
Aggressive Invester rolled 11
Aggressive Invester moved to square 21 : Go
Risk Taker rolled 12
Risk Taker moved to square 38 : Go
currunt round is : 201
Oppotunistic Trader rolled 5
Oppotunistic Trader moved to square 19 : Go
Conservative Banker rolled 8
Conservative Banker moved to square 31 : Go
Aggressive Invester rolled 3
Aggressive Invester moved to square 24 : Go
Risk Taker rolled 4
Risk Taker moved to square 3 : Colombo Fort Railway Station
currunt round is : 201
Oppotunistic Trader rolled 10
Oppotunistic Trader moved to square 29 : Go
Conservative Banker rolled 5
Conservative Banker moved to square 36 : Go
Aggressive Invester rolled 7
Aggressive Invester moved to square 31 : Go
Risk Taker rolled 10
Risk Taker moved to square 13 : Go
currunt round is : 201
Oppotunistic Trader rolled 4
Oppotunistic Trader moved to square 33 : Go
Conservative Banker rolled 9
Conservative Banker moved to square 6 : Go
Aggressive Invester rolled 10
Aggressive Invester moved to square 2 : Go
Risk Taker rolled 12
Risk Taker moved to square 25 : Go
currunt round is : 201
Oppotunistic Trader rolled 2
Oppotunistic Trader moved to square 35 : Go
Conservative Banker rolled 8
Conservative Banker moved to square 14 : Go
Aggressive Invester rolled 12
Aggressive Invester moved to square 14 : Go
Risk Taker rolled 10
Risk Taker moved to square 35 : Go
currunt round is : 201
Oppotunistic Trader rolled 7
Oppotunistic Trader moved to square 3 : Colombo Fort Railway Station
Conservative Banker rolled 10
Conservative Banker moved to square 24 : Go
Aggressive Invester rolled 6
Aggressive Invester moved to square 20 : Go
Risk Taker rolled 8
Risk Taker moved to square 4 : Go
currunt round is : 201
Oppotunistic Trader rolled 9
Oppotunistic Trader moved to square 12 : Go
Conservative Banker rolled 4
Conservative Banker moved to square 28 : Go
Aggressive Invester rolled 2
Aggressive Invester moved to square 22 : Go
Risk Taker rolled 9
Risk Taker moved to square 13 : Go
currunt round is : 202
Oppotunistic Trader rolled 2
Oppotunistic Trader moved to square 14 : Go
Conservative Banker rolled 5
Conservative Banker moved to square 33 : Go
Aggressive Invester rolled 5
Aggressive Invester moved to square 27 : Go
Risk Taker rolled 8
Risk Taker moved to square 21 : Go
currunt round is : 202
Oppotunistic Trader rolled 8
Oppotunistic Trader moved to square 22 : Go
Conservative Banker rolled 3
Conservative Banker moved to square 36 : Go
Aggressive Invester rolled 5
Aggressive Invester moved to square 32 : Go
Risk Taker rolled 9
Risk Taker moved to square 30 : Go
currunt round is : 202
Oppotunistic Trader rolled 7
Oppotunistic Trader moved to square 29 : Go
Conservative Banker rolled 4
Conservative Banker moved to square 1 : Pettah
Aggressive Invester rolled 11
Aggressive Invester moved to square 4 : Go
Risk Taker rolled 2
Risk Taker moved to square 32 : Go
currunt round is : 202
Oppotunistic Trader rolled 6
Oppotunistic Trader moved to square 35 : Go
Conservative Banker rolled 5
Conservative Banker moved to square 6 : Go
Aggressive Invester rolled 9
Aggressive Invester moved to square 13 : Go
Risk Taker rolled 8
Risk Taker moved to square 1 : Pettah
currunt round is : 202
Oppotunistic Trader rolled 11
Oppotunistic Trader moved to square 7 : Go
Conservative Banker rolled 6
Conservative Banker moved to square 12 : Go
Aggressive Invester rolled 8
Aggressive Invester moved to square 21 : Go
Risk Taker rolled 9
Risk Taker moved to square 10 : Go
currunt round is : 202
Oppotunistic Trader rolled 10
Oppotunistic Trader moved to square 17 : Go
Conservative Banker rolled 5
Conservative Banker moved to square 17 : Go
Aggressive Invester rolled 6
Aggressive Invester moved to square 27 : Go
Risk Taker rolled 4
Risk Taker moved to square 14 : Go
currunt round is : 203
Oppotunistic Trader rolled 2
Oppotunistic Trader moved to square 19 : Go
Conservative Banker rolled 10
Conservative Banker moved to square 27 : Go
Aggressive Invester rolled 10
Aggressive Invester moved to square 37 : Go
Risk Taker rolled 8
Risk Taker moved to square 22 : Go
currunt round is : 203
Oppotunistic Trader rolled 11
Oppotunistic Trader moved to square 30 : Go
Conservative Banker rolled 8
Conservative Banker moved to square 35 : Go
Aggressive Invester rolled 4
Aggressive Invester moved to square 2 : Go
Risk Taker rolled 11
Risk Taker moved to square 33 : Go
currunt round is : 203
Oppotunistic Trader rolled 11
Oppotunistic Trader moved to square 2 : Go
Conservative Banker rolled 5
Conservative Banker moved to square 1 : Pettah
Aggressive Invester rolled 4
Aggressive Invester moved to square 6 : Go
Risk Taker rolled 6
Risk Taker moved to square 0 : Go
currunt round is : 203
Oppotunistic Trader rolled 4
Oppotunistic Trader moved to square 6 : Go
Conservative Banker rolled 5
Conservative Banker moved to square 6 : Go
Aggressive Invester rolled 2
Aggressive Invester moved to square 8 : Go
Risk Taker rolled 10
Risk Taker moved to square 10 : Go
currunt round is : 204
Oppotunistic Trader rolled 7
Oppotunistic Trader moved to square 13 : Go
Conservative Banker rolled 10
Conservative Banker moved to square 16 : Go
Aggressive Invester rolled 8
Aggressive Invester moved to square 16 : Go
Risk Taker rolled 11
Risk Taker moved to square 21 : Go
currunt round is : 204
Oppotunistic Trader rolled 11
Oppotunistic Trader moved to square 24 : Go
Conservative Banker rolled 4
Conservative Banker moved to square 20 : Go
Aggressive Invester rolled 5
Aggressive Invester moved to square 21 : Go
Risk Taker rolled 7
Risk Taker moved to square 28 : Go
currunt round is : 204
Oppotunistic Trader rolled 8
Oppotunistic Trader moved to square 32 : Go
Conservative Banker rolled 9
Conservative Banker moved to square 29 : Go
Aggressive Invester rolled 4
Aggressive Invester moved to square 25 : Go
Risk Taker rolled 6
Risk Taker moved to square 34 : Go
currunt round is : 204
Oppotunistic Trader rolled 12
Oppotunistic Trader moved to square 5 : Go
Conservative Banker rolled 8
Conservative Banker moved to square 37 : Go
Aggressive Invester rolled 6
Aggressive Invester moved to square 31 : Go
Risk Taker rolled 11
Risk Taker moved to square 6 : Go
currunt round is : 204
Oppotunistic Trader rolled 6
Oppotunistic Trader moved to square 11 : Go
Conservative Banker rolled 4
Conservative Banker moved to square 2 : Go
Aggressive Invester rolled 4
Aggressive Invester moved to square 35 : Go
Risk Taker rolled 4
Risk Taker moved to square 10 : Go
currunt round is : 205
Oppotunistic Trader rolled 10
Oppotunistic Trader moved to square 21 : Go
Conservative Banker rolled 6
Conservative Banker moved to square 8 : Go
Aggressive Invester rolled 11
Aggressive Invester moved to square 7 : Go
Risk Taker rolled 7
Risk Taker moved to square 17 : Go
currunt round is : 205
Oppotunistic Trader rolled 9
Oppotunistic Trader moved to square 30 : Go
Conservative Banker rolled 2
Conservative Banker moved to square 10 : Go
Aggressive Invester rolled 9
Aggressive Invester moved to square 16 : Go
Risk Taker rolled 9
Risk Taker moved to square 26 : Go
currunt round is : 205
Oppotunistic Trader rolled 3
Oppotunistic Trader moved to square 33 : Go
Conservative Banker rolled 10
Conservative Banker moved to square 20 : Go
Aggressive Invester rolled 6
Aggressive Invester moved to square 22 : Go
Risk Taker rolled 8
Risk Taker moved to square 34 : Go
currunt round is : 205
Oppotunistic Trader rolled 5
Oppotunistic Trader moved to square 38 : Go
Conservative Banker rolled 2
Conservative Banker moved to square 22 : Go
Aggressive Invester rolled 5
Aggressive Invester moved to square 27 : Go
Risk Taker rolled 3
Risk Taker moved to square 37 : Go
currunt round is : 205
Oppotunistic Trader rolled 4
Oppotunistic Trader moved to square 3 : Colombo Fort Railway Station
Conservative Banker rolled 8
Conservative Banker moved to square 30 : Go
Aggressive Invester rolled 9
Aggressive Invester moved to square 36 : Go
Risk Taker rolled 9
Risk Taker moved to square 7 : Go
currunt round is : 205
Oppotunistic Trader rolled 2
Oppotunistic Trader moved to square 5 : Go
Conservative Banker rolled 9
Conservative Banker moved to square 0 : Go
Aggressive Invester rolled 11
Aggressive Invester moved to square 8 : Go
Risk Taker rolled 12
Risk Taker moved to square 19 : Go
currunt round is : 206
Oppotunistic Trader rolled 4
Oppotunistic Trader moved to square 9 : Go
Conservative Banker rolled 4
Conservative Banker moved to square 4 : Go
Aggressive Invester rolled 8
Aggressive Invester moved to square 16 : Go
Risk Taker rolled 6
Risk Taker moved to square 25 : Go
currunt round is : 206
Oppotunistic Trader rolled 6
Oppotunistic Trader moved to square 15 : Go
Conservative Banker rolled 10
Conservative Banker moved to square 14 : Go
Aggressive Invester rolled 8
Aggressive Invester moved to square 24 : Go
Risk Taker rolled 2
Risk Taker moved to square 27 : Go
currunt round is : 206
Oppotunistic Trader rolled 12
Oppotunistic Trader moved to square 27 : Go
Conservative Banker rolled 4
Conservative Banker moved to square 18 : Go
Aggressive Invester rolled 7
Aggressive Invester moved to square 31 : Go
Risk Taker rolled 6
Risk Taker moved to square 33 : Go
currunt round is : 206
Oppotunistic Trader rolled 2
Oppotunistic Trader moved to square 29 : Go
Conservative Banker rolled 3
Conservative Banker moved to square 21 : Go
Aggressive Invester rolled 3
Aggressive Invester moved to square 34 : Go
Risk Taker rolled 3
Risk Taker moved to square 36 : Go
currunt round is : 206
Oppotunistic Trader rolled 9
Oppotunistic Trader moved to square 38 : Go
Conservative Banker rolled 5
Conservative Banker moved to square 26 : Go
Aggressive Invester rolled 10
Aggressive Invester moved to square 5 : Go
Risk Taker rolled 12
Risk Taker moved to square 9 : Go
currunt round is : 206
Oppotunistic Trader rolled 5
Oppotunistic Trader moved to square 4 : Go
Conservative Banker rolled 11
Conservative Banker moved to square 37 : Go
Aggressive Invester rolled 12
Aggressive Invester moved to square 17 : Go
Risk Taker rolled 6
Risk Taker moved to square 15 : Go
currunt round is : 206
Oppotunistic Trader rolled 4
Oppotunistic Trader moved to square 8 : Go
Conservative Banker rolled 6
Conservative Banker moved to square 4 : Go
Aggressive Invester rolled 11
Aggressive Invester moved to square 28 : Go
Risk Taker rolled 4
Risk Taker moved to square 19 : Go
currunt round is : 207
Oppotunistic Trader rolled 2
Oppotunistic Trader moved to square 10 : Go
Conservative Banker rolled 9
Conservative Banker moved to square 13 : Go
Aggressive Invester rolled 12
Aggressive Invester moved to square 1 : Pettah
Risk Taker rolled 4
Risk Taker moved to square 23 : Go
currunt round is : 207
Oppotunistic Trader rolled 11
Oppotunistic Trader moved to square 21 : Go
Conservative Banker rolled 6
Conservative Banker moved to square 19 : Go
Aggressive Invester rolled 7
Aggressive Invester moved to square 8 : Go
Risk Taker rolled 3
Risk Taker moved to square 26 : Go
currunt round is : 207
Oppotunistic Trader rolled 3
Oppotunistic Trader moved to square 24 : Go
Conservative Banker rolled 2
Conservative Banker moved to square 21 : Go
Aggressive Invester rolled 3
Aggressive Invester moved to square 11 : Go
Risk Taker rolled 12
Risk Taker moved to square 38 : Go
currunt round is : 207
Oppotunistic Trader rolled 3
Oppotunistic Trader moved to square 27 : Go
Conservative Banker rolled 8
Conservative Banker moved to square 29 : Go
Aggressive Invester rolled 5
Aggressive Invester moved to square 16 : Go
Risk Taker rolled 3
Risk Taker moved to square 2 : Go
currunt round is : 207
Oppotunistic Trader rolled 7
Oppotunistic Trader moved to square 34 : Go
Conservative Banker rolled 4
Conservative Banker moved to square 33 : Go
Aggressive Invester rolled 5
Aggressive Invester moved to square 21 : Go
Risk Taker rolled 4
Risk Taker moved to square 6 : Go
currunt round is : 207
Oppotunistic Trader rolled 8
Oppotunistic Trader moved to square 3 : Colombo Fort Railway Station
Conservative Banker rolled 11
Conservative Banker moved to square 5 : Go
Aggressive Invester rolled 3
Aggressive Invester moved to square 24 : Go
Risk Taker rolled 9
Risk Taker moved to square 15 : Go
currunt round is : 207
Oppotunistic Trader rolled 9
Oppotunistic Trader moved to square 12 : Go
Conservative Banker rolled 11
Conservative Banker moved to square 16 : Go
Aggressive Invester rolled 11
Aggressive Invester moved to square 35 : Go
Risk Taker rolled 9
Risk Taker moved to square 24 : Go
currunt round is : 208
Oppotunistic Trader rolled 4
Oppotunistic Trader moved to square 16 : Go
Conservative Banker rolled 9
Conservative Banker moved to square 25 : Go
Aggressive Invester rolled 11
Aggressive Invester moved to square 7 : Go
Risk Taker rolled 2
Risk Taker moved to square 26 : Go
currunt round is : 208
Oppotunistic Trader rolled 5
Oppotunistic Trader moved to square 21 : Go
Conservative Banker rolled 10
Conservative Banker moved to square 35 : Go
Aggressive Invester rolled 3
Aggressive Invester moved to square 10 : Go
Risk Taker rolled 2
Risk Taker moved to square 28 : Go
currunt round is : 208
Oppotunistic Trader rolled 3
Oppotunistic Trader moved to square 24 : Go
Conservative Banker rolled 8
Conservative Banker moved to square 4 : Go
Aggressive Invester rolled 12
Aggressive Invester moved to square 22 : Go
Risk Taker rolled 3
Risk Taker moved to square 31 : Go
currunt round is : 208
Oppotunistic Trader rolled 6
Oppotunistic Trader moved to square 30 : Go
Conservative Banker rolled 2
Conservative Banker moved to square 6 : Go
Aggressive Invester rolled 11
Aggressive Invester moved to square 33 : Go
Risk Taker rolled 7
Risk Taker moved to square 38 : Go
currunt round is : 208
Oppotunistic Trader rolled 6
Oppotunistic Trader moved to square 36 : Go
Conservative Banker rolled 12
Conservative Banker moved to square 18 : Go
Aggressive Invester rolled 9
Aggressive Invester moved to square 3 : Colombo Fort Railway Station
Risk Taker rolled 11
Risk Taker moved to square 10 : Go
currunt round is : 208
Oppotunistic Trader rolled 4
Oppotunistic Trader moved to square 1 : Pettah
Conservative Banker rolled 10
Conservative Banker moved to square 28 : Go
Aggressive Invester rolled 2
Aggressive Invester moved to square 5 : Go
Risk Taker rolled 8
Risk Taker moved to square 18 : Go
currunt round is : 208
Oppotunistic Trader rolled 8
Oppotunistic Trader moved to square 9 : Go
Conservative Banker rolled 2
Conservative Banker moved to square 30 : Go
Aggressive Invester rolled 4
Aggressive Invester moved to square 9 : Go
Risk Taker rolled 2
Risk Taker moved to square 20 : Go
currunt round is : 209
Oppotunistic Trader rolled 9
Oppotunistic Trader moved to square 18 : Go
Conservative Banker rolled 3
Conservative Banker moved to square 33 : Go
Aggressive Invester rolled 9
Aggressive Invester moved to square 18 : Go
Risk Taker rolled 12
Risk Taker moved to square 32 : Go
currunt round is : 209
Oppotunistic Trader rolled 10
Oppotunistic Trader moved to square 28 : Go
Conservative Banker rolled 5
Conservative Banker moved to square 38 : Go
Aggressive Invester rolled 10
Aggressive Invester moved to square 28 : Go
Risk Taker rolled 12
Risk Taker moved to square 5 : Go
currunt round is : 209
Oppotunistic Trader rolled 11
Oppotunistic Trader moved to square 0 : Go
Conservative Banker rolled 11
Conservative Banker moved to square 10 : Go
Aggressive Invester rolled 10
Aggressive Invester moved to square 38 : Go
Risk Taker rolled 11
Risk Taker moved to square 16 : Go
currunt round is : 209
Oppotunistic Trader rolled 6
Oppotunistic Trader moved to square 6 : Go
Conservative Banker rolled 9
Conservative Banker moved to square 19 : Go
Aggressive Invester rolled 12
Aggressive Invester moved to square 11 : Go
Risk Taker rolled 9
Risk Taker moved to square 25 : Go
currunt round is : 209
Oppotunistic Trader rolled 9
Oppotunistic Trader moved to square 15 : Go
Conservative Banker rolled 8
Conservative Banker moved to square 27 : Go
Aggressive Invester rolled 3
Aggressive Invester moved to square 14 : Go
Risk Taker rolled 11
Risk Taker moved to square 36 : Go
currunt round is : 210
Oppotunistic Trader rolled 7
Oppotunistic Trader moved to square 22 : Go
Conservative Banker rolled 8
Conservative Banker moved to square 35 : Go
Aggressive Invester rolled 9
Aggressive Invester moved to square 23 : Go
Risk Taker rolled 7
Risk Taker moved to square 4 : Go
currunt round is : 210
Oppotunistic Trader rolled 5
Oppotunistic Trader moved to square 27 : Go
Conservative Banker rolled 8
Conservative Banker moved to square 4 : Go
Aggressive Invester rolled 2
Aggressive Invester moved to square 25 : Go
Risk Taker rolled 9
Risk Taker moved to square 13 : Go
currunt round is : 210
Oppotunistic Trader rolled 6
Oppotunistic Trader moved to square 33 : Go
Conservative Banker rolled 5
Conservative Banker moved to square 9 : Go
Aggressive Invester rolled 9
Aggressive Invester moved to square 34 : Go
Risk Taker rolled 2
Risk Taker moved to square 15 : Go
currunt round is : 210
Oppotunistic Trader rolled 4
Oppotunistic Trader moved to square 37 : Go
Conservative Banker rolled 3
Conservative Banker moved to square 12 : Go
Aggressive Invester rolled 10
Aggressive Invester moved to square 5 : Go
Risk Taker rolled 10
Risk Taker moved to square 25 : Go
currunt round is : 210
Oppotunistic Trader rolled 4
Oppotunistic Trader moved to square 2 : Go
Conservative Banker rolled 8
Conservative Banker moved to square 20 : Go
Aggressive Invester rolled 9
Aggressive Invester moved to square 14 : Go
Risk Taker rolled 3
Risk Taker moved to square 28 : Go
currunt round is : 210
Oppotunistic Trader rolled 4
Oppotunistic Trader moved to square 6 : Go
Conservative Banker rolled 4
Conservative Banker moved to square 24 : Go
Aggressive Invester rolled 12
Aggressive Invester moved to square 26 : Go
Risk Taker rolled 7
Risk Taker moved to square 35 : Go
currunt round is : 211
Oppotunistic Trader rolled 11
Oppotunistic Trader moved to square 17 : Go
Conservative Banker rolled 9
Conservative Banker moved to square 33 : Go
Aggressive Invester rolled 3
Aggressive Invester moved to square 29 : Go
Risk Taker rolled 5
Risk Taker moved to square 1 : Pettah
currunt round is : 211
Oppotunistic Trader rolled 2
Oppotunistic Trader moved to square 19 : Go
Conservative Banker rolled 2
Conservative Banker moved to square 35 : Go
Aggressive Invester rolled 3
Aggressive Invester moved to square 32 : Go
Risk Taker rolled 7
Risk Taker moved to square 8 : Go
currunt round is : 211
Oppotunistic Trader rolled 9
Oppotunistic Trader moved to square 28 : Go
Conservative Banker rolled 9
Conservative Banker moved to square 5 : Go
Aggressive Invester rolled 2
Aggressive Invester moved to square 34 : Go
Risk Taker rolled 12
Risk Taker moved to square 20 : Go
currunt round is : 211
Oppotunistic Trader rolled 2
Oppotunistic Trader moved to square 30 : Go
Conservative Banker rolled 11
Conservative Banker moved to square 16 : Go
Aggressive Invester rolled 9
Aggressive Invester moved to square 4 : Go
Risk Taker rolled 6
Risk Taker moved to square 26 : Go
currunt round is : 211
Oppotunistic Trader rolled 12
Oppotunistic Trader moved to square 3 : Colombo Fort Railway Station
Conservative Banker rolled 3
Conservative Banker moved to square 19 : Go
Aggressive Invester rolled 4
Aggressive Invester moved to square 8 : Go
Risk Taker rolled 3
Risk Taker moved to square 29 : Go
currunt round is : 211
Oppotunistic Trader rolled 3
Oppotunistic Trader moved to square 6 : Go
Conservative Banker rolled 11
Conservative Banker moved to square 30 : Go
Aggressive Invester rolled 10
Aggressive Invester moved to square 18 : Go
Risk Taker rolled 5
Risk Taker moved to square 34 : Go
currunt round is : 212
Oppotunistic Trader rolled 6
Oppotunistic Trader moved to square 12 : Go
Conservative Banker rolled 4
Conservative Banker moved to square 34 : Go
Aggressive Invester rolled 4
Aggressive Invester moved to square 22 : Go
Risk Taker rolled 6
Risk Taker moved to square 1 : Pettah
currunt round is : 212
Oppotunistic Trader rolled 7
Oppotunistic Trader moved to square 19 : Go
Conservative Banker rolled 12
Conservative Banker moved to square 7 : Go
Aggressive Invester rolled 11
Aggressive Invester moved to square 33 : Go
Risk Taker rolled 5
Risk Taker moved to square 6 : Go
currunt round is : 212
Oppotunistic Trader rolled 8
Oppotunistic Trader moved to square 27 : Go
Conservative Banker rolled 10
Conservative Banker moved to square 17 : Go
Aggressive Invester rolled 9
Aggressive Invester moved to square 3 : Colombo Fort Railway Station
Risk Taker rolled 6
Risk Taker moved to square 12 : Go
currunt round is : 212
Oppotunistic Trader rolled 11
Oppotunistic Trader moved to square 38 : Go
Conservative Banker rolled 8
Conservative Banker moved to square 25 : Go
Aggressive Invester rolled 12
Aggressive Invester moved to square 15 : Go
Risk Taker rolled 7
Risk Taker moved to square 19 : Go
currunt round is : 212
Oppotunistic Trader rolled 4
Oppotunistic Trader moved to square 3 : Colombo Fort Railway Station
Conservative Banker rolled 10
Conservative Banker moved to square 35 : Go
Aggressive Invester rolled 4
Aggressive Invester moved to square 19 : Go
Risk Taker rolled 4
Risk Taker moved to square 23 : Go
currunt round is : 212
Oppotunistic Trader rolled 8
Oppotunistic Trader moved to square 11 : Go
Conservative Banker rolled 11
Conservative Banker moved to square 7 : Go
Aggressive Invester rolled 6
Aggressive Invester moved to square 25 : Go
Risk Taker rolled 6
Risk Taker moved to square 29 : Go
currunt round is : 213
Oppotunistic Trader rolled 11
Oppotunistic Trader moved to square 22 : Go
Conservative Banker rolled 9
Conservative Banker moved to square 16 : Go
Aggressive Invester rolled 7
Aggressive Invester moved to square 32 : Go
Risk Taker rolled 12
Risk Taker moved to square 2 : Go
currunt round is : 213
Oppotunistic Trader rolled 7
Oppotunistic Trader moved to square 29 : Go
Conservative Banker rolled 4
Conservative Banker moved to square 20 : Go
Aggressive Invester rolled 4
Aggressive Invester moved to square 36 : Go
Risk Taker rolled 9
Risk Taker moved to square 11 : Go
currunt round is : 213
Oppotunistic Trader rolled 7
Oppotunistic Trader moved to square 36 : Go
Conservative Banker rolled 5
Conservative Banker moved to square 25 : Go
Aggressive Invester rolled 2
Aggressive Invester moved to square 38 : Go
Risk Taker rolled 10
Risk Taker moved to square 21 : Go
currunt round is : 213
Oppotunistic Trader rolled 4
Oppotunistic Trader moved to square 1 : Pettah
Conservative Banker rolled 10
Conservative Banker moved to square 35 : Go
Aggressive Invester rolled 2
Aggressive Invester moved to square 1 : Pettah
Risk Taker rolled 9
Risk Taker moved to square 30 : Go
currunt round is : 213
Oppotunistic Trader rolled 5
Oppotunistic Trader moved to square 6 : Go
Conservative Banker rolled 7
Conservative Banker moved to square 3 : Colombo Fort Railway Station
Aggressive Invester rolled 2
Aggressive Invester moved to square 3 : Colombo Fort Railway Station
Risk Taker rolled 12
Risk Taker moved to square 3 : Colombo Fort Railway Station
currunt round is : 214
Oppotunistic Trader rolled 3
Oppotunistic Trader moved to square 9 : Go
Conservative Banker rolled 12
Conservative Banker moved to square 15 : Go
Aggressive Invester rolled 6
Aggressive Invester moved to square 9 : Go
Risk Taker rolled 3
Risk Taker moved to square 6 : Go
currunt round is : 214
Oppotunistic Trader rolled 7
Oppotunistic Trader moved to square 16 : Go
Conservative Banker rolled 7
Conservative Banker moved to square 22 : Go
Aggressive Invester rolled 6
Aggressive Invester moved to square 15 : Go
Risk Taker rolled 12
Risk Taker moved to square 18 : Go
currunt round is : 214
Oppotunistic Trader rolled 5
Oppotunistic Trader moved to square 21 : Go
Conservative Banker rolled 10
Conservative Banker moved to square 32 : Go
Aggressive Invester rolled 5
Aggressive Invester moved to square 20 : Go
Risk Taker rolled 12
Risk Taker moved to square 30 : Go
currunt round is : 214
Oppotunistic Trader rolled 4
Oppotunistic Trader moved to square 25 : Go
Conservative Banker rolled 8
Conservative Banker moved to square 1 : Pettah
Aggressive Invester rolled 11
Aggressive Invester moved to square 31 : Go
Risk Taker rolled 9
Risk Taker moved to square 0 : Go
currunt round is : 214
Oppotunistic Trader rolled 9
Oppotunistic Trader moved to square 34 : Go
Conservative Banker rolled 12
Conservative Banker moved to square 13 : Go
Aggressive Invester rolled 3
Aggressive Invester moved to square 34 : Go
Risk Taker rolled 12
Risk Taker moved to square 12 : Go
currunt round is : 214
Oppotunistic Trader rolled 4
Oppotunistic Trader moved to square 38 : Go
Conservative Banker rolled 2
Conservative Banker moved to square 15 : Go
Aggressive Invester rolled 9
Aggressive Invester moved to square 4 : Go
Risk Taker rolled 6
Risk Taker moved to square 18 : Go
currunt round is : 214
Oppotunistic Trader rolled 8
Oppotunistic Trader moved to square 7 : Go
Conservative Banker rolled 7
Conservative Banker moved to square 22 : Go
Aggressive Invester rolled 11
Aggressive Invester moved to square 15 : Go
Risk Taker rolled 11
Risk Taker moved to square 29 : Go
currunt round is : 214
Oppotunistic Trader rolled 11
Oppotunistic Trader moved to square 18 : Go
Conservative Banker rolled 12
Conservative Banker moved to square 34 : Go
Aggressive Invester rolled 11
Aggressive Invester moved to square 26 : Go
Risk Taker rolled 12
Risk Taker moved to square 2 : Go
currunt round is : 215
Oppotunistic Trader rolled 9
Oppotunistic Trader moved to square 27 : Go
Conservative Banker rolled 2
Conservative Banker moved to square 36 : Go
Aggressive Invester rolled 11
Aggressive Invester moved to square 37 : Go
Risk Taker rolled 4
Risk Taker moved to square 6 : Go
currunt round is : 215
Oppotunistic Trader rolled 7
Oppotunistic Trader moved to square 34 : Go
Conservative Banker rolled 4
Conservative Banker moved to square 1 : Pettah
Aggressive Invester rolled 12
Aggressive Invester moved to square 10 : Go
Risk Taker rolled 9
Risk Taker moved to square 15 : Go
currunt round is : 215
Oppotunistic Trader rolled 11
Oppotunistic Trader moved to square 6 : Go
Conservative Banker rolled 2
Conservative Banker moved to square 3 : Colombo Fort Railway Station
Aggressive Invester rolled 8
Aggressive Invester moved to square 18 : Go
Risk Taker rolled 11
Risk Taker moved to square 26 : Go
currunt round is : 215
Oppotunistic Trader rolled 8
Oppotunistic Trader moved to square 14 : Go
Conservative Banker rolled 5
Conservative Banker moved to square 8 : Go
Aggressive Invester rolled 6
Aggressive Invester moved to square 24 : Go
Risk Taker rolled 2
Risk Taker moved to square 28 : Go
currunt round is : 216
Oppotunistic Trader rolled 4
Oppotunistic Trader moved to square 18 : Go
Conservative Banker rolled 7
Conservative Banker moved to square 15 : Go
Aggressive Invester rolled 12
Aggressive Invester moved to square 36 : Go
Risk Taker rolled 4
Risk Taker moved to square 32 : Go
currunt round is : 216
Oppotunistic Trader rolled 7
Oppotunistic Trader moved to square 25 : Go
Conservative Banker rolled 6
Conservative Banker moved to square 21 : Go
Aggressive Invester rolled 8
Aggressive Invester moved to square 5 : Go
Risk Taker rolled 2
Risk Taker moved to square 34 : Go
currunt round is : 216
Oppotunistic Trader rolled 10
Oppotunistic Trader moved to square 35 : Go
Conservative Banker rolled 5
Conservative Banker moved to square 26 : Go
Aggressive Invester rolled 10
Aggressive Invester moved to square 15 : Go
Risk Taker rolled 8
Risk Taker moved to square 3 : Colombo Fort Railway Station
currunt round is : 216
Oppotunistic Trader rolled 4
Oppotunistic Trader moved to square 0 : Go
Conservative Banker rolled 6
Conservative Banker moved to square 32 : Go
Aggressive Invester rolled 7
Aggressive Invester moved to square 22 : Go
Risk Taker rolled 11
Risk Taker moved to square 14 : Go
currunt round is : 216
Oppotunistic Trader rolled 4
Oppotunistic Trader moved to square 4 : Go
Conservative Banker rolled 5
Conservative Banker moved to square 37 : Go
Aggressive Invester rolled 11
Aggressive Invester moved to square 33 : Go
Risk Taker rolled 8
Risk Taker moved to square 22 : Go
currunt round is : 216
Oppotunistic Trader rolled 6
Oppotunistic Trader moved to square 10 : Go
Conservative Banker rolled 10
Conservative Banker moved to square 8 : Go
Aggressive Invester rolled 4
Aggressive Invester moved to square 37 : Go
Risk Taker rolled 2
Risk Taker moved to square 24 : Go
currunt round is : 217
Oppotunistic Trader rolled 10
Oppotunistic Trader moved to square 20 : Go
Conservative Banker rolled 8
Conservative Banker moved to square 16 : Go
Aggressive Invester rolled 11
Aggressive Invester moved to square 9 : Go
Risk Taker rolled 4
Risk Taker moved to square 28 : Go
currunt round is : 217
Oppotunistic Trader rolled 11
Oppotunistic Trader moved to square 31 : Go
Conservative Banker rolled 4
Conservative Banker moved to square 20 : Go
Aggressive Invester rolled 4
Aggressive Invester moved to square 13 : Go
Risk Taker rolled 11
Risk Taker moved to square 0 : Go
currunt round is : 217
Oppotunistic Trader rolled 8
Oppotunistic Trader moved to square 0 : Go
Conservative Banker rolled 2
Conservative Banker moved to square 22 : Go
Aggressive Invester rolled 2
Aggressive Invester moved to square 15 : Go
Risk Taker rolled 2
Risk Taker moved to square 2 : Go
currunt round is : 217
Oppotunistic Trader rolled 4
Oppotunistic Trader moved to square 4 : Go
Conservative Banker rolled 7
Conservative Banker moved to square 29 : Go
Aggressive Invester rolled 12
Aggressive Invester moved to square 27 : Go
Risk Taker rolled 12
Risk Taker moved to square 14 : Go
currunt round is : 217
Oppotunistic Trader rolled 10
Oppotunistic Trader moved to square 14 : Go
Conservative Banker rolled 7
Conservative Banker moved to square 36 : Go
Aggressive Invester rolled 7
Aggressive Invester moved to square 34 : Go
Risk Taker rolled 12
Risk Taker moved to square 26 : Go
currunt round is : 218
Oppotunistic Trader rolled 11
Oppotunistic Trader moved to square 25 : Go
Conservative Banker rolled 10
Conservative Banker moved to square 7 : Go
Aggressive Invester rolled 8
Aggressive Invester moved to square 3 : Colombo Fort Railway Station
Risk Taker rolled 11
Risk Taker moved to square 37 : Go
currunt round is : 218
Oppotunistic Trader rolled 12
Oppotunistic Trader moved to square 37 : Go
Conservative Banker rolled 7
Conservative Banker moved to square 14 : Go
Aggressive Invester rolled 6
Aggressive Invester moved to square 9 : Go
Risk Taker rolled 5
Risk Taker moved to square 3 : Colombo Fort Railway Station
currunt round is : 218
Oppotunistic Trader rolled 2
Oppotunistic Trader moved to square 0 : Go
Conservative Banker rolled 8
Conservative Banker moved to square 22 : Go
Aggressive Invester rolled 3
Aggressive Invester moved to square 12 : Go
Risk Taker rolled 9
Risk Taker moved to square 12 : Go
currunt round is : 218
Oppotunistic Trader rolled 2
Oppotunistic Trader moved to square 2 : Go
Conservative Banker rolled 10
Conservative Banker moved to square 32 : Go
Aggressive Invester rolled 11
Aggressive Invester moved to square 23 : Go
Risk Taker rolled 9
Risk Taker moved to square 21 : Go
currunt round is : 218
Oppotunistic Trader rolled 11
Oppotunistic Trader moved to square 13 : Go
Conservative Banker rolled 11
Conservative Banker moved to square 4 : Go
Aggressive Invester rolled 8
Aggressive Invester moved to square 31 : Go
Risk Taker rolled 6
Risk Taker moved to square 27 : Go
currunt round is : 219
Oppotunistic Trader rolled 11
Oppotunistic Trader moved to square 24 : Go
Conservative Banker rolled 8
Conservative Banker moved to square 12 : Go
Aggressive Invester rolled 4
Aggressive Invester moved to square 35 : Go
Risk Taker rolled 12
Risk Taker moved to square 0 : Go
currunt round is : 219
Oppotunistic Trader rolled 11
Oppotunistic Trader moved to square 35 : Go
Conservative Banker rolled 12
Conservative Banker moved to square 24 : Go
Aggressive Invester rolled 11
Aggressive Invester moved to square 7 : Go
Risk Taker rolled 8
Risk Taker moved to square 8 : Go
currunt round is : 219
Oppotunistic Trader rolled 6
Oppotunistic Trader moved to square 2 : Go
Conservative Banker rolled 6
Conservative Banker moved to square 30 : Go
Aggressive Invester rolled 5
Aggressive Invester moved to square 12 : Go
Risk Taker rolled 2
Risk Taker moved to square 10 : Go
currunt round is : 219
Oppotunistic Trader rolled 3
Oppotunistic Trader moved to square 5 : Go
Conservative Banker rolled 12
Conservative Banker moved to square 3 : Colombo Fort Railway Station
Aggressive Invester rolled 12
Aggressive Invester moved to square 24 : Go
Risk Taker rolled 2
Risk Taker moved to square 12 : Go
currunt round is : 220
Oppotunistic Trader rolled 4
Oppotunistic Trader moved to square 9 : Go
Conservative Banker rolled 5
Conservative Banker moved to square 8 : Go
Aggressive Invester rolled 3
Aggressive Invester moved to square 27 : Go
Risk Taker rolled 4
Risk Taker moved to square 16 : Go
currunt round is : 220
Oppotunistic Trader rolled 10
Oppotunistic Trader moved to square 19 : Go
Conservative Banker rolled 4
Conservative Banker moved to square 12 : Go
Aggressive Invester rolled 11
Aggressive Invester moved to square 38 : Go
Risk Taker rolled 10
Risk Taker moved to square 26 : Go
currunt round is : 220
Oppotunistic Trader rolled 11
Oppotunistic Trader moved to square 30 : Go
Conservative Banker rolled 7
Conservative Banker moved to square 19 : Go
Aggressive Invester rolled 6
Aggressive Invester moved to square 5 : Go
Risk Taker rolled 9
Risk Taker moved to square 35 : Go
currunt round is : 220
Oppotunistic Trader rolled 4
Oppotunistic Trader moved to square 34 : Go
Conservative Banker rolled 10
Conservative Banker moved to square 29 : Go
Aggressive Invester rolled 2
Aggressive Invester moved to square 7 : Go
Risk Taker rolled 11
Risk Taker moved to square 7 : Go
currunt round is : 220
Oppotunistic Trader rolled 4
Oppotunistic Trader moved to square 38 : Go
Conservative Banker rolled 2
Conservative Banker moved to square 31 : Go
Aggressive Invester rolled 10
Aggressive Invester moved to square 17 : Go
Risk Taker rolled 2
Risk Taker moved to square 9 : Go
currunt round is : 220
Oppotunistic Trader rolled 2
Oppotunistic Trader moved to square 1 : Pettah
Conservative Banker rolled 9
Conservative Banker moved to square 1 : Pettah
Aggressive Invester rolled 9
Aggressive Invester moved to square 26 : Go
Risk Taker rolled 6
Risk Taker moved to square 15 : Go
currunt round is : 220
Oppotunistic Trader rolled 11
Oppotunistic Trader moved to square 12 : Go
Conservative Banker rolled 12
Conservative Banker moved to square 13 : Go
Aggressive Invester rolled 5
Aggressive Invester moved to square 31 : Go
Risk Taker rolled 12
Risk Taker moved to square 27 : Go
currunt round is : 221
Oppotunistic Trader rolled 9
Oppotunistic Trader moved to square 21 : Go
Conservative Banker rolled 4
Conservative Banker moved to square 17 : Go
Aggressive Invester rolled 11
Aggressive Invester moved to square 3 : Colombo Fort Railway Station
Risk Taker rolled 11
Risk Taker moved to square 38 : Go
currunt round is : 221
Oppotunistic Trader rolled 7
Oppotunistic Trader moved to square 28 : Go
Conservative Banker rolled 10
Conservative Banker moved to square 27 : Go
Aggressive Invester rolled 12
Aggressive Invester moved to square 15 : Go
Risk Taker rolled 2
Risk Taker moved to square 1 : Pettah
currunt round is : 221
Oppotunistic Trader rolled 11
Oppotunistic Trader moved to square 0 : Go
Conservative Banker rolled 10
Conservative Banker moved to square 37 : Go
Aggressive Invester rolled 10
Aggressive Invester moved to square 25 : Go
Risk Taker rolled 9
Risk Taker moved to square 10 : Go
currunt round is : 221
Oppotunistic Trader rolled 3
Oppotunistic Trader moved to square 3 : Colombo Fort Railway Station
Conservative Banker rolled 2
Conservative Banker moved to square 0 : Go
Aggressive Invester rolled 5
Aggressive Invester moved to square 30 : Go
Risk Taker rolled 5
Risk Taker moved to square 15 : Go
currunt round is : 221
Oppotunistic Trader rolled 8
Oppotunistic Trader moved to square 11 : Go
Conservative Banker rolled 3
Conservative Banker moved to square 3 : Colombo Fort Railway Station
Aggressive Invester rolled 3
Aggressive Invester moved to square 33 : Go
Risk Taker rolled 10
Risk Taker moved to square 25 : Go
currunt round is : 222
Oppotunistic Trader rolled 3
Oppotunistic Trader moved to square 14 : Go
Conservative Banker rolled 12
Conservative Banker moved to square 15 : Go
Aggressive Invester rolled 11
Aggressive Invester moved to square 5 : Go
Risk Taker rolled 3
Risk Taker moved to square 28 : Go
currunt round is : 222
Oppotunistic Trader rolled 6
Oppotunistic Trader moved to square 20 : Go
Conservative Banker rolled 5
Conservative Banker moved to square 20 : Go
Aggressive Invester rolled 6
Aggressive Invester moved to square 11 : Go
Risk Taker rolled 4
Risk Taker moved to square 32 : Go
currunt round is : 222
Oppotunistic Trader rolled 2
Oppotunistic Trader moved to square 22 : Go
Conservative Banker rolled 9
Conservative Banker moved to square 29 : Go
Aggressive Invester rolled 12
Aggressive Invester moved to square 23 : Go
Risk Taker rolled 10
Risk Taker moved to square 3 : Colombo Fort Railway Station
currunt round is : 222
Oppotunistic Trader rolled 9
Oppotunistic Trader moved to square 31 : Go
Conservative Banker rolled 10
Conservative Banker moved to square 0 : Go
Aggressive Invester rolled 6
Aggressive Invester moved to square 29 : Go
Risk Taker rolled 12
Risk Taker moved to square 15 : Go
currunt round is : 222
Oppotunistic Trader rolled 8
Oppotunistic Trader moved to square 0 : Go
Conservative Banker rolled 5
Conservative Banker moved to square 5 : Go
Aggressive Invester rolled 2
Aggressive Invester moved to square 31 : Go
Risk Taker rolled 6
Risk Taker moved to square 21 : Go
currunt round is : 222
Oppotunistic Trader rolled 12
Oppotunistic Trader moved to square 12 : Go
Conservative Banker rolled 8
Conservative Banker moved to square 13 : Go
Aggressive Invester rolled 2
Aggressive Invester moved to square 33 : Go
Risk Taker rolled 2
Risk Taker moved to square 23 : Go
currunt round is : 222
Oppotunistic Trader rolled 6
Oppotunistic Trader moved to square 18 : Go
Conservative Banker rolled 3
Conservative Banker moved to square 16 : Go
Aggressive Invester rolled 3
Aggressive Invester moved to square 36 : Go
Risk Taker rolled 2
Risk Taker moved to square 25 : Go
currunt round is : 223
Oppotunistic Trader rolled 4
Oppotunistic Trader moved to square 22 : Go
Conservative Banker rolled 2
Conservative Banker moved to square 18 : Go
Aggressive Invester rolled 8
Aggressive Invester moved to square 5 : Go
Risk Taker rolled 3
Risk Taker moved to square 28 : Go
currunt round is : 223
Oppotunistic Trader rolled 10
Oppotunistic Trader moved to square 32 : Go
Conservative Banker rolled 6
Conservative Banker moved to square 24 : Go
Aggressive Invester rolled 3
Aggressive Invester moved to square 8 : Go
Risk Taker rolled 3
Risk Taker moved to square 31 : Go
currunt round is : 223
Oppotunistic Trader rolled 7
Oppotunistic Trader moved to square 0 : Go
Conservative Banker rolled 5
Conservative Banker moved to square 29 : Go
Aggressive Invester rolled 5
Aggressive Invester moved to square 13 : Go
Risk Taker rolled 8
Risk Taker moved to square 0 : Go
currunt round is : 223
Oppotunistic Trader rolled 10
Oppotunistic Trader moved to square 10 : Go
Conservative Banker rolled 3
Conservative Banker moved to square 32 : Go
Aggressive Invester rolled 3
Aggressive Invester moved to square 16 : Go
Risk Taker rolled 6
Risk Taker moved to square 6 : Go
currunt round is : 223
Oppotunistic Trader rolled 11
Oppotunistic Trader moved to square 21 : Go
Conservative Banker rolled 7
Conservative Banker moved to square 0 : Go
Aggressive Invester rolled 5
Aggressive Invester moved to square 21 : Go
Risk Taker rolled 4
Risk Taker moved to square 10 : Go
currunt round is : 224
Oppotunistic Trader rolled 11
Oppotunistic Trader moved to square 32 : Go
Conservative Banker rolled 3
Conservative Banker moved to square 3 : Colombo Fort Railway Station
Aggressive Invester rolled 6
Aggressive Invester moved to square 27 : Go
Risk Taker rolled 10
Risk Taker moved to square 20 : Go
currunt round is : 224
Oppotunistic Trader rolled 8
Oppotunistic Trader moved to square 1 : Pettah
Conservative Banker rolled 4
Conservative Banker moved to square 7 : Go
Aggressive Invester rolled 8
Aggressive Invester moved to square 35 : Go
Risk Taker rolled 12
Risk Taker moved to square 32 : Go
currunt round is : 224
Oppotunistic Trader rolled 5
Oppotunistic Trader moved to square 6 : Go
Conservative Banker rolled 9
Conservative Banker moved to square 16 : Go
Aggressive Invester rolled 10
Aggressive Invester moved to square 6 : Go
Risk Taker rolled 5
Risk Taker moved to square 37 : Go
currunt round is : 225
Oppotunistic Trader rolled 9
Oppotunistic Trader moved to square 15 : Go
Conservative Banker rolled 6
Conservative Banker moved to square 22 : Go
Aggressive Invester rolled 7
Aggressive Invester moved to square 13 : Go
Risk Taker rolled 5
Risk Taker moved to square 3 : Colombo Fort Railway Station
currunt round is : 225
Oppotunistic Trader rolled 8
Oppotunistic Trader moved to square 23 : Go
Conservative Banker rolled 8
Conservative Banker moved to square 30 : Go
Aggressive Invester rolled 6
Aggressive Invester moved to square 19 : Go
Risk Taker rolled 3
Risk Taker moved to square 6 : Go
currunt round is : 225
Oppotunistic Trader rolled 11
Oppotunistic Trader moved to square 34 : Go
Conservative Banker rolled 8
Conservative Banker moved to square 38 : Go
Aggressive Invester rolled 9
Aggressive Invester moved to square 28 : Go
Risk Taker rolled 8
Risk Taker moved to square 14 : Go
currunt round is : 225
Oppotunistic Trader rolled 9
Oppotunistic Trader moved to square 4 : Go
Conservative Banker rolled 8
Conservative Banker moved to square 7 : Go
Aggressive Invester rolled 10
Aggressive Invester moved to square 38 : Go
Risk Taker rolled 5
Risk Taker moved to square 19 : Go
currunt round is : 225
Oppotunistic Trader rolled 2
Oppotunistic Trader moved to square 6 : Go
Conservative Banker rolled 11
Conservative Banker moved to square 18 : Go
Aggressive Invester rolled 8
Aggressive Invester moved to square 7 : Go
Risk Taker rolled 11
Risk Taker moved to square 30 : Go
currunt round is : 226
Oppotunistic Trader rolled 11
Oppotunistic Trader moved to square 17 : Go
Conservative Banker rolled 12
Conservative Banker moved to square 30 : Go
Aggressive Invester rolled 6
Aggressive Invester moved to square 13 : Go
Risk Taker rolled 6
Risk Taker moved to square 36 : Go
currunt round is : 226
Oppotunistic Trader rolled 4
Oppotunistic Trader moved to square 21 : Go
Conservative Banker rolled 12
Conservative Banker moved to square 3 : Colombo Fort Railway Station
Aggressive Invester rolled 3
Aggressive Invester moved to square 16 : Go
Risk Taker rolled 5
Risk Taker moved to square 2 : Go
currunt round is : 226
Oppotunistic Trader rolled 6
Oppotunistic Trader moved to square 27 : Go
Conservative Banker rolled 12
Conservative Banker moved to square 15 : Go
Aggressive Invester rolled 9
Aggressive Invester moved to square 25 : Go
Risk Taker rolled 12
Risk Taker moved to square 14 : Go
currunt round is : 226
Oppotunistic Trader rolled 3
Oppotunistic Trader moved to square 30 : Go
Conservative Banker rolled 12
Conservative Banker moved to square 27 : Go
Aggressive Invester rolled 4
Aggressive Invester moved to square 29 : Go
Risk Taker rolled 9
Risk Taker moved to square 23 : Go
currunt round is : 226
Oppotunistic Trader rolled 5
Oppotunistic Trader moved to square 35 : Go
Conservative Banker rolled 6
Conservative Banker moved to square 33 : Go
Aggressive Invester rolled 10
Aggressive Invester moved to square 0 : Go
Risk Taker rolled 12
Risk Taker moved to square 35 : Go
currunt round is : 226
Oppotunistic Trader rolled 12
Oppotunistic Trader moved to square 8 : Go
Conservative Banker rolled 4
Conservative Banker moved to square 37 : Go
Aggressive Invester rolled 5
Aggressive Invester moved to square 5 : Go
Risk Taker rolled 6
Risk Taker moved to square 2 : Go
currunt round is : 226
Oppotunistic Trader rolled 10
Oppotunistic Trader moved to square 18 : Go
Conservative Banker rolled 2
Conservative Banker moved to square 0 : Go
Aggressive Invester rolled 10
Aggressive Invester moved to square 15 : Go
Risk Taker rolled 11
Risk Taker moved to square 13 : Go
currunt round is : 227
Oppotunistic Trader rolled 11
Oppotunistic Trader moved to square 29 : Go
Conservative Banker rolled 3
Conservative Banker moved to square 3 : Colombo Fort Railway Station
Aggressive Invester rolled 7
Aggressive Invester moved to square 22 : Go
Risk Taker rolled 7
Risk Taker moved to square 20 : Go
currunt round is : 227
Oppotunistic Trader rolled 2
Oppotunistic Trader moved to square 31 : Go
Conservative Banker rolled 10
Conservative Banker moved to square 13 : Go
Aggressive Invester rolled 11
Aggressive Invester moved to square 33 : Go
Risk Taker rolled 2
Risk Taker moved to square 22 : Go
currunt round is : 227
Oppotunistic Trader rolled 9
Oppotunistic Trader moved to square 1 : Pettah
Conservative Banker rolled 2
Conservative Banker moved to square 15 : Go
Aggressive Invester rolled 4
Aggressive Invester moved to square 37 : Go
Risk Taker rolled 12
Risk Taker moved to square 34 : Go
currunt round is : 227
Oppotunistic Trader rolled 10
Oppotunistic Trader moved to square 11 : Go
Conservative Banker rolled 11
Conservative Banker moved to square 26 : Go
Aggressive Invester rolled 11
Aggressive Invester moved to square 9 : Go
Risk Taker rolled 11
Risk Taker moved to square 6 : Go
currunt round is : 228
Oppotunistic Trader rolled 8
Oppotunistic Trader moved to square 19 : Go
Conservative Banker rolled 11
Conservative Banker moved to square 37 : Go
Aggressive Invester rolled 7
Aggressive Invester moved to square 16 : Go
Risk Taker rolled 11
Risk Taker moved to square 17 : Go
currunt round is : 228
Oppotunistic Trader rolled 4
Oppotunistic Trader moved to square 23 : Go
Conservative Banker rolled 3
Conservative Banker moved to square 1 : Pettah
Aggressive Invester rolled 10
Aggressive Invester moved to square 26 : Go
Risk Taker rolled 2
Risk Taker moved to square 19 : Go
currunt round is : 228
Oppotunistic Trader rolled 3
Oppotunistic Trader moved to square 26 : Go
Conservative Banker rolled 2
Conservative Banker moved to square 3 : Colombo Fort Railway Station
Aggressive Invester rolled 6
Aggressive Invester moved to square 32 : Go
Risk Taker rolled 12
Risk Taker moved to square 31 : Go
currunt round is : 228
Oppotunistic Trader rolled 11
Oppotunistic Trader moved to square 37 : Go
Conservative Banker rolled 12
Conservative Banker moved to square 15 : Go
Aggressive Invester rolled 8
Aggressive Invester moved to square 1 : Pettah
Risk Taker rolled 7
Risk Taker moved to square 38 : Go
currunt round is : 228
Oppotunistic Trader rolled 2
Oppotunistic Trader moved to square 0 : Go
Conservative Banker rolled 11
Conservative Banker moved to square 26 : Go
Aggressive Invester rolled 2
Aggressive Invester moved to square 3 : Colombo Fort Railway Station
Risk Taker rolled 12
Risk Taker moved to square 11 : Go
currunt round is : 228
Oppotunistic Trader rolled 8
Oppotunistic Trader moved to square 8 : Go
Conservative Banker rolled 11
Conservative Banker moved to square 37 : Go
Aggressive Invester rolled 12
Aggressive Invester moved to square 15 : Go
Risk Taker rolled 3
Risk Taker moved to square 14 : Go
currunt round is : 228
Oppotunistic Trader rolled 9
Oppotunistic Trader moved to square 17 : Go
Conservative Banker rolled 3
Conservative Banker moved to square 1 : Pettah
Aggressive Invester rolled 2
Aggressive Invester moved to square 17 : Go
Risk Taker rolled 6
Risk Taker moved to square 20 : Go
currunt round is : 229
Oppotunistic Trader rolled 10
Oppotunistic Trader moved to square 27 : Go
Conservative Banker rolled 9
Conservative Banker moved to square 10 : Go
Aggressive Invester rolled 4
Aggressive Invester moved to square 21 : Go
Risk Taker rolled 5
Risk Taker moved to square 25 : Go
currunt round is : 229
Oppotunistic Trader rolled 5
Oppotunistic Trader moved to square 32 : Go
Conservative Banker rolled 8
Conservative Banker moved to square 18 : Go
Aggressive Invester rolled 3
Aggressive Invester moved to square 24 : Go
Risk Taker rolled 5
Risk Taker moved to square 30 : Go
currunt round is : 229
Oppotunistic Trader rolled 7
Oppotunistic Trader moved to square 0 : Go
Conservative Banker rolled 9
Conservative Banker moved to square 27 : Go
Aggressive Invester rolled 5
Aggressive Invester moved to square 29 : Go
Risk Taker rolled 8
Risk Taker moved to square 38 : Go
currunt round is : 229
Oppotunistic Trader rolled 9
Oppotunistic Trader moved to square 9 : Go
Conservative Banker rolled 10
Conservative Banker moved to square 37 : Go
Aggressive Invester rolled 7
Aggressive Invester moved to square 36 : Go
Risk Taker rolled 5
Risk Taker moved to square 4 : Go
currunt round is : 229
Oppotunistic Trader rolled 9
Oppotunistic Trader moved to square 18 : Go
Conservative Banker rolled 11
Conservative Banker moved to square 9 : Go
Aggressive Invester rolled 11
Aggressive Invester moved to square 8 : Go
Risk Taker rolled 10
Risk Taker moved to square 14 : Go
currunt round is : 230
Oppotunistic Trader rolled 10
Oppotunistic Trader moved to square 28 : Go
Conservative Banker rolled 11
Conservative Banker moved to square 20 : Go
Aggressive Invester rolled 7
Aggressive Invester moved to square 15 : Go
Risk Taker rolled 5
Risk Taker moved to square 19 : Go
currunt round is : 230
Oppotunistic Trader rolled 9
Oppotunistic Trader moved to square 37 : Go
Conservative Banker rolled 6
Conservative Banker moved to square 26 : Go
Aggressive Invester rolled 6
Aggressive Invester moved to square 21 : Go
Risk Taker rolled 6
Risk Taker moved to square 25 : Go
currunt round is : 230
Oppotunistic Trader rolled 6
Oppotunistic Trader moved to square 4 : Go
Conservative Banker rolled 4
Conservative Banker moved to square 30 : Go
Aggressive Invester rolled 8
Aggressive Invester moved to square 29 : Go
Risk Taker rolled 12
Risk Taker moved to square 37 : Go
currunt round is : 230
Oppotunistic Trader rolled 9
Oppotunistic Trader moved to square 13 : Go
Conservative Banker rolled 9
Conservative Banker moved to square 0 : Go
Aggressive Invester rolled 5
Aggressive Invester moved to square 34 : Go
Risk Taker rolled 12
Risk Taker moved to square 10 : Go
currunt round is : 231
Oppotunistic Trader rolled 4
Oppotunistic Trader moved to square 17 : Go
Conservative Banker rolled 4
Conservative Banker moved to square 4 : Go
Aggressive Invester rolled 5
Aggressive Invester moved to square 0 : Go
Risk Taker rolled 9
Risk Taker moved to square 19 : Go
currunt round is : 231
Oppotunistic Trader rolled 10
Oppotunistic Trader moved to square 27 : Go
Conservative Banker rolled 6
Conservative Banker moved to square 10 : Go
Aggressive Invester rolled 4
Aggressive Invester moved to square 4 : Go
Risk Taker rolled 4
Risk Taker moved to square 23 : Go
currunt round is : 231
Oppotunistic Trader rolled 3
Oppotunistic Trader moved to square 30 : Go
Conservative Banker rolled 8
Conservative Banker moved to square 18 : Go
Aggressive Invester rolled 8
Aggressive Invester moved to square 12 : Go
Risk Taker rolled 9
Risk Taker moved to square 32 : Go
currunt round is : 231
Oppotunistic Trader rolled 6
Oppotunistic Trader moved to square 36 : Go
Conservative Banker rolled 6
Conservative Banker moved to square 24 : Go
Aggressive Invester rolled 4
Aggressive Invester moved to square 16 : Go
Risk Taker rolled 3
Risk Taker moved to square 35 : Go
currunt round is : 231
Oppotunistic Trader rolled 4
Oppotunistic Trader moved to square 1 : Pettah
Conservative Banker rolled 9
Conservative Banker moved to square 33 : Go
Aggressive Invester rolled 5
Aggressive Invester moved to square 21 : Go
Risk Taker rolled 9
Risk Taker moved to square 5 : Go
currunt round is : 231
Oppotunistic Trader rolled 11
Oppotunistic Trader moved to square 12 : Go
Conservative Banker rolled 7
Conservative Banker moved to square 1 : Pettah
Aggressive Invester rolled 11
Aggressive Invester moved to square 32 : Go
Risk Taker rolled 2
Risk Taker moved to square 7 : Go
currunt round is : 232
Oppotunistic Trader rolled 10
Oppotunistic Trader moved to square 22 : Go
Conservative Banker rolled 7
Conservative Banker moved to square 8 : Go
Aggressive Invester rolled 2
Aggressive Invester moved to square 34 : Go
Risk Taker rolled 4
Risk Taker moved to square 11 : Go
currunt round is : 232
Oppotunistic Trader rolled 3
Oppotunistic Trader moved to square 25 : Go
Conservative Banker rolled 3
Conservative Banker moved to square 11 : Go
Aggressive Invester rolled 4
Aggressive Invester moved to square 38 : Go
Risk Taker rolled 3
Risk Taker moved to square 14 : Go
currunt round is : 232
Oppotunistic Trader rolled 5
Oppotunistic Trader moved to square 30 : Go
Conservative Banker rolled 5
Conservative Banker moved to square 16 : Go
Aggressive Invester rolled 8
Aggressive Invester moved to square 7 : Go
Risk Taker rolled 11
Risk Taker moved to square 25 : Go
currunt round is : 232
Oppotunistic Trader rolled 9
Oppotunistic Trader moved to square 0 : Go
Conservative Banker rolled 8
Conservative Banker moved to square 24 : Go
Aggressive Invester rolled 3
Aggressive Invester moved to square 10 : Go
Risk Taker rolled 9
Risk Taker moved to square 34 : Go
currunt round is : 232
Oppotunistic Trader rolled 3
Oppotunistic Trader moved to square 3 : Colombo Fort Railway Station
Conservative Banker rolled 9
Conservative Banker moved to square 33 : Go
Aggressive Invester rolled 3
Aggressive Invester moved to square 13 : Go
Risk Taker rolled 6
Risk Taker moved to square 1 : Pettah
currunt round is : 232
Oppotunistic Trader rolled 2
Oppotunistic Trader moved to square 5 : Go
Conservative Banker rolled 3
Conservative Banker moved to square 36 : Go
Aggressive Invester rolled 5
Aggressive Invester moved to square 18 : Go
Risk Taker rolled 2
Risk Taker moved to square 3 : Colombo Fort Railway Station
currunt round is : 233
Oppotunistic Trader rolled 10
Oppotunistic Trader moved to square 15 : Go
Conservative Banker rolled 8
Conservative Banker moved to square 5 : Go
Aggressive Invester rolled 9
Aggressive Invester moved to square 27 : Go
Risk Taker rolled 6
Risk Taker moved to square 9 : Go
currunt round is : 233
Oppotunistic Trader rolled 3
Oppotunistic Trader moved to square 18 : Go
Conservative Banker rolled 8
Conservative Banker moved to square 13 : Go
Aggressive Invester rolled 7
Aggressive Invester moved to square 34 : Go
Risk Taker rolled 9
Risk Taker moved to square 18 : Go
currunt round is : 233
Oppotunistic Trader rolled 11
Oppotunistic Trader moved to square 29 : Go
Conservative Banker rolled 5
Conservative Banker moved to square 18 : Go
Aggressive Invester rolled 11
Aggressive Invester moved to square 6 : Go
Risk Taker rolled 10
Risk Taker moved to square 28 : Go
currunt round is : 233
Oppotunistic Trader rolled 6
Oppotunistic Trader moved to square 35 : Go
Conservative Banker rolled 11
Conservative Banker moved to square 29 : Go
Aggressive Invester rolled 11
Aggressive Invester moved to square 17 : Go
Risk Taker rolled 7
Risk Taker moved to square 35 : Go
currunt round is : 233
Oppotunistic Trader rolled 3
Oppotunistic Trader moved to square 38 : Go
Conservative Banker rolled 6
Conservative Banker moved to square 35 : Go
Aggressive Invester rolled 6
Aggressive Invester moved to square 23 : Go
Risk Taker rolled 9
Risk Taker moved to square 5 : Go
currunt round is : 233
Oppotunistic Trader rolled 10
Oppotunistic Trader moved to square 9 : Go
Conservative Banker rolled 7
Conservative Banker moved to square 3 : Colombo Fort Railway Station
Aggressive Invester rolled 3
Aggressive Invester moved to square 26 : Go
Risk Taker rolled 10
Risk Taker moved to square 15 : Go
currunt round is : 233
Oppotunistic Trader rolled 3
Oppotunistic Trader moved to square 12 : Go
Conservative Banker rolled 4
Conservative Banker moved to square 7 : Go
Aggressive Invester rolled 3
Aggressive Invester moved to square 29 : Go
Risk Taker rolled 12
Risk Taker moved to square 27 : Go
currunt round is : 234
Oppotunistic Trader rolled 5
Oppotunistic Trader moved to square 17 : Go
Conservative Banker rolled 4
Conservative Banker moved to square 11 : Go
Aggressive Invester rolled 12
Aggressive Invester moved to square 2 : Go
Risk Taker rolled 11
Risk Taker moved to square 38 : Go
currunt round is : 234
Oppotunistic Trader rolled 9
Oppotunistic Trader moved to square 26 : Go
Conservative Banker rolled 8
Conservative Banker moved to square 19 : Go
Aggressive Invester rolled 2
Aggressive Invester moved to square 4 : Go
Risk Taker rolled 10
Risk Taker moved to square 9 : Go
currunt round is : 234
Oppotunistic Trader rolled 12
Oppotunistic Trader moved to square 38 : Go
Conservative Banker rolled 5
Conservative Banker moved to square 24 : Go
Aggressive Invester rolled 4
Aggressive Invester moved to square 8 : Go
Risk Taker rolled 10
Risk Taker moved to square 19 : Go
currunt round is : 234
Oppotunistic Trader rolled 8
Oppotunistic Trader moved to square 7 : Go
Conservative Banker rolled 2
Conservative Banker moved to square 26 : Go
Aggressive Invester rolled 5
Aggressive Invester moved to square 13 : Go
Risk Taker rolled 12
Risk Taker moved to square 31 : Go
currunt round is : 234
Oppotunistic Trader rolled 10
Oppotunistic Trader moved to square 17 : Go
Conservative Banker rolled 3
Conservative Banker moved to square 29 : Go
Aggressive Invester rolled 7
Aggressive Invester moved to square 20 : Go
Risk Taker rolled 9
Risk Taker moved to square 1 : Pettah
currunt round is : 235
Oppotunistic Trader rolled 5
Oppotunistic Trader moved to square 22 : Go
Conservative Banker rolled 11
Conservative Banker moved to square 1 : Pettah
Aggressive Invester rolled 5
Aggressive Invester moved to square 25 : Go
Risk Taker rolled 3
Risk Taker moved to square 4 : Go
currunt round is : 235
Oppotunistic Trader rolled 3
Oppotunistic Trader moved to square 25 : Go
Conservative Banker rolled 4
Conservative Banker moved to square 5 : Go
Aggressive Invester rolled 11
Aggressive Invester moved to square 36 : Go
Risk Taker rolled 4
Risk Taker moved to square 8 : Go
currunt round is : 235
Oppotunistic Trader rolled 6
Oppotunistic Trader moved to square 31 : Go
Conservative Banker rolled 10
Conservative Banker moved to square 15 : Go
Aggressive Invester rolled 12
Aggressive Invester moved to square 9 : Go
Risk Taker rolled 7
Risk Taker moved to square 15 : Go
currunt round is : 235
Oppotunistic Trader rolled 12
Oppotunistic Trader moved to square 4 : Go
Conservative Banker rolled 11
Conservative Banker moved to square 26 : Go
Aggressive Invester rolled 3
Aggressive Invester moved to square 12 : Go
Risk Taker rolled 8
Risk Taker moved to square 23 : Go
currunt round is : 235
Oppotunistic Trader rolled 4
Oppotunistic Trader moved to square 8 : Go
Conservative Banker rolled 4
Conservative Banker moved to square 30 : Go
Aggressive Invester rolled 3
Aggressive Invester moved to square 15 : Go
Risk Taker rolled 2
Risk Taker moved to square 25 : Go
currunt round is : 236
Oppotunistic Trader rolled 5
Oppotunistic Trader moved to square 13 : Go
Conservative Banker rolled 3
Conservative Banker moved to square 33 : Go
Aggressive Invester rolled 10
Aggressive Invester moved to square 25 : Go
Risk Taker rolled 12
Risk Taker moved to square 37 : Go
currunt round is : 236
Oppotunistic Trader rolled 2
Oppotunistic Trader moved to square 15 : Go
Conservative Banker rolled 12
Conservative Banker moved to square 6 : Go
Aggressive Invester rolled 11
Aggressive Invester moved to square 36 : Go
Risk Taker rolled 10
Risk Taker moved to square 8 : Go
currunt round is : 236
Oppotunistic Trader rolled 2
Oppotunistic Trader moved to square 17 : Go
Conservative Banker rolled 3
Conservative Banker moved to square 9 : Go
Aggressive Invester rolled 6
Aggressive Invester moved to square 3 : Colombo Fort Railway Station
Risk Taker rolled 4
Risk Taker moved to square 12 : Go
currunt round is : 236
Oppotunistic Trader rolled 10
Oppotunistic Trader moved to square 27 : Go
Conservative Banker rolled 8
Conservative Banker moved to square 17 : Go
Aggressive Invester rolled 5
Aggressive Invester moved to square 8 : Go
Risk Taker rolled 11
Risk Taker moved to square 23 : Go
currunt round is : 236
Oppotunistic Trader rolled 10
Oppotunistic Trader moved to square 37 : Go
Conservative Banker rolled 12
Conservative Banker moved to square 29 : Go
Aggressive Invester rolled 11
Aggressive Invester moved to square 19 : Go
Risk Taker rolled 2
Risk Taker moved to square 25 : Go
currunt round is : 236
Oppotunistic Trader rolled 7
Oppotunistic Trader moved to square 5 : Go
Conservative Banker rolled 10
Conservative Banker moved to square 0 : Go
Aggressive Invester rolled 5
Aggressive Invester moved to square 24 : Go
Risk Taker rolled 4
Risk Taker moved to square 29 : Go
currunt round is : 236
Oppotunistic Trader rolled 6
Oppotunistic Trader moved to square 11 : Go
Conservative Banker rolled 7
Conservative Banker moved to square 7 : Go
Aggressive Invester rolled 9
Aggressive Invester moved to square 33 : Go
Risk Taker rolled 9
Risk Taker moved to square 38 : Go
currunt round is : 237
Oppotunistic Trader rolled 7
Oppotunistic Trader moved to square 18 : Go
Conservative Banker rolled 8
Conservative Banker moved to square 15 : Go
Aggressive Invester rolled 9
Aggressive Invester moved to square 3 : Colombo Fort Railway Station
Risk Taker rolled 10
Risk Taker moved to square 9 : Go
currunt round is : 237
Oppotunistic Trader rolled 10
Oppotunistic Trader moved to square 28 : Go
Conservative Banker rolled 4
Conservative Banker moved to square 19 : Go
Aggressive Invester rolled 7
Aggressive Invester moved to square 10 : Go
Risk Taker rolled 10
Risk Taker moved to square 19 : Go
currunt round is : 237
Oppotunistic Trader rolled 3
Oppotunistic Trader moved to square 31 : Go
Conservative Banker rolled 4
Conservative Banker moved to square 23 : Go
Aggressive Invester rolled 5
Aggressive Invester moved to square 15 : Go
Risk Taker rolled 2
Risk Taker moved to square 21 : Go
currunt round is : 237
Oppotunistic Trader rolled 5
Oppotunistic Trader moved to square 36 : Go
Conservative Banker rolled 7
Conservative Banker moved to square 30 : Go
Aggressive Invester rolled 4
Aggressive Invester moved to square 19 : Go
Risk Taker rolled 12
Risk Taker moved to square 33 : Go
currunt round is : 237
Oppotunistic Trader rolled 2
Oppotunistic Trader moved to square 38 : Go
Conservative Banker rolled 5
Conservative Banker moved to square 35 : Go
Aggressive Invester rolled 8
Aggressive Invester moved to square 27 : Go
Risk Taker rolled 9
Risk Taker moved to square 3 : Colombo Fort Railway Station
currunt round is : 237
Oppotunistic Trader rolled 2
Oppotunistic Trader moved to square 1 : Pettah
Conservative Banker rolled 7
Conservative Banker moved to square 3 : Colombo Fort Railway Station
Aggressive Invester rolled 7
Aggressive Invester moved to square 34 : Go
Risk Taker rolled 7
Risk Taker moved to square 10 : Go
currunt round is : 237
Oppotunistic Trader rolled 2
Oppotunistic Trader moved to square 3 : Colombo Fort Railway Station
Conservative Banker rolled 8
Conservative Banker moved to square 11 : Go
Aggressive Invester rolled 7
Aggressive Invester moved to square 2 : Go
Risk Taker rolled 5
Risk Taker moved to square 15 : Go
currunt round is : 238
Oppotunistic Trader rolled 11
Oppotunistic Trader moved to square 14 : Go
Conservative Banker rolled 3
Conservative Banker moved to square 14 : Go
Aggressive Invester rolled 12
Aggressive Invester moved to square 14 : Go
Risk Taker rolled 5
Risk Taker moved to square 20 : Go
currunt round is : 238
Oppotunistic Trader rolled 8
Oppotunistic Trader moved to square 22 : Go
Conservative Banker rolled 6
Conservative Banker moved to square 20 : Go
Aggressive Invester rolled 12
Aggressive Invester moved to square 26 : Go
Risk Taker rolled 5
Risk Taker moved to square 25 : Go
currunt round is : 238
Oppotunistic Trader rolled 6
Oppotunistic Trader moved to square 28 : Go
Conservative Banker rolled 6
Conservative Banker moved to square 26 : Go
Aggressive Invester rolled 11
Aggressive Invester moved to square 37 : Go
Risk Taker rolled 8
Risk Taker moved to square 33 : Go
currunt round is : 238
Oppotunistic Trader rolled 6
Oppotunistic Trader moved to square 34 : Go
Conservative Banker rolled 3
Conservative Banker moved to square 29 : Go
Aggressive Invester rolled 6
Aggressive Invester moved to square 4 : Go
Risk Taker rolled 10
Risk Taker moved to square 4 : Go
currunt round is : 238
Oppotunistic Trader rolled 8
Oppotunistic Trader moved to square 3 : Colombo Fort Railway Station
Conservative Banker rolled 8
Conservative Banker moved to square 37 : Go
Aggressive Invester rolled 7
Aggressive Invester moved to square 11 : Go
Risk Taker rolled 7
Risk Taker moved to square 11 : Go
currunt round is : 238
Oppotunistic Trader rolled 9
Oppotunistic Trader moved to square 12 : Go
Conservative Banker rolled 2
Conservative Banker moved to square 0 : Go
Aggressive Invester rolled 12
Aggressive Invester moved to square 23 : Go
Risk Taker rolled 9
Risk Taker moved to square 20 : Go
currunt round is : 239
Oppotunistic Trader rolled 5
Oppotunistic Trader moved to square 17 : Go
Conservative Banker rolled 4
Conservative Banker moved to square 4 : Go
Aggressive Invester rolled 12
Aggressive Invester moved to square 35 : Go
Risk Taker rolled 4
Risk Taker moved to square 24 : Go
currunt round is : 239
Oppotunistic Trader rolled 10
Oppotunistic Trader moved to square 27 : Go
Conservative Banker rolled 4
Conservative Banker moved to square 8 : Go
Aggressive Invester rolled 7
Aggressive Invester moved to square 3 : Colombo Fort Railway Station
Risk Taker rolled 9
Risk Taker moved to square 33 : Go
currunt round is : 239
Oppotunistic Trader rolled 4
Oppotunistic Trader moved to square 31 : Go
Conservative Banker rolled 6
Conservative Banker moved to square 14 : Go
Aggressive Invester rolled 10
Aggressive Invester moved to square 13 : Go
Risk Taker rolled 10
Risk Taker moved to square 4 : Go
currunt round is : 239
Oppotunistic Trader rolled 8
Oppotunistic Trader moved to square 0 : Go
Conservative Banker rolled 9
Conservative Banker moved to square 23 : Go
Aggressive Invester rolled 2
Aggressive Invester moved to square 15 : Go
Risk Taker rolled 12
Risk Taker moved to square 16 : Go
currunt round is : 239
Oppotunistic Trader rolled 12
Oppotunistic Trader moved to square 12 : Go
Conservative Banker rolled 11
Conservative Banker moved to square 34 : Go
Aggressive Invester rolled 5
Aggressive Invester moved to square 20 : Go
Risk Taker rolled 5
Risk Taker moved to square 21 : Go
currunt round is : 239
Oppotunistic Trader rolled 10
Oppotunistic Trader moved to square 22 : Go
Conservative Banker rolled 9
Conservative Banker moved to square 4 : Go
Aggressive Invester rolled 11
Aggressive Invester moved to square 31 : Go
Risk Taker rolled 3
Risk Taker moved to square 24 : Go
currunt round is : 240
Oppotunistic Trader rolled 2
Oppotunistic Trader moved to square 24 : Go
Conservative Banker rolled 3
Conservative Banker moved to square 7 : Go
Aggressive Invester rolled 8
Aggressive Invester moved to square 0 : Go
Risk Taker rolled 7
Risk Taker moved to square 31 : Go
currunt round is : 240
Oppotunistic Trader rolled 4
Oppotunistic Trader moved to square 28 : Go
Conservative Banker rolled 7
Conservative Banker moved to square 14 : Go
Aggressive Invester rolled 12
Aggressive Invester moved to square 12 : Go
Risk Taker rolled 5
Risk Taker moved to square 36 : Go
currunt round is : 240
Oppotunistic Trader rolled 7
Oppotunistic Trader moved to square 35 : Go
Conservative Banker rolled 11
Conservative Banker moved to square 25 : Go
Aggressive Invester rolled 7
Aggressive Invester moved to square 19 : Go
Risk Taker rolled 5
Risk Taker moved to square 2 : Go
currunt round is : 240
Oppotunistic Trader rolled 12
Oppotunistic Trader moved to square 8 : Go
Conservative Banker rolled 12
Conservative Banker moved to square 37 : Go
Aggressive Invester rolled 12
Aggressive Invester moved to square 31 : Go
Risk Taker rolled 3
Risk Taker moved to square 5 : Go
currunt round is : 240
Oppotunistic Trader rolled 3
Oppotunistic Trader moved to square 11 : Go
Conservative Banker rolled 9
Conservative Banker moved to square 7 : Go
Aggressive Invester rolled 11
Aggressive Invester moved to square 3 : Colombo Fort Railway Station
Risk Taker rolled 9
Risk Taker moved to square 14 : Go
currunt round is : 241
Oppotunistic Trader rolled 4
Oppotunistic Trader moved to square 15 : Go
Conservative Banker rolled 9
Conservative Banker moved to square 16 : Go
Aggressive Invester rolled 7
Aggressive Invester moved to square 10 : Go
Risk Taker rolled 3
Risk Taker moved to square 17 : Go
currunt round is : 241
Oppotunistic Trader rolled 5
Oppotunistic Trader moved to square 20 : Go
Conservative Banker rolled 10
Conservative Banker moved to square 26 : Go
Aggressive Invester rolled 4
Aggressive Invester moved to square 14 : Go
Risk Taker rolled 2
Risk Taker moved to square 19 : Go
currunt round is : 241
Oppotunistic Trader rolled 5
Oppotunistic Trader moved to square 25 : Go
Conservative Banker rolled 12
Conservative Banker moved to square 38 : Go
Aggressive Invester rolled 3
Aggressive Invester moved to square 17 : Go
Risk Taker rolled 3
Risk Taker moved to square 22 : Go
currunt round is : 241
Oppotunistic Trader rolled 2
Oppotunistic Trader moved to square 27 : Go
Conservative Banker rolled 8
Conservative Banker moved to square 7 : Go
Aggressive Invester rolled 9
Aggressive Invester moved to square 26 : Go
Risk Taker rolled 4
Risk Taker moved to square 26 : Go
currunt round is : 241
Oppotunistic Trader rolled 11
Oppotunistic Trader moved to square 38 : Go
Conservative Banker rolled 8
Conservative Banker moved to square 15 : Go
Aggressive Invester rolled 8
Aggressive Invester moved to square 34 : Go
Risk Taker rolled 6
Risk Taker moved to square 32 : Go
currunt round is : 241
Oppotunistic Trader rolled 5
Oppotunistic Trader moved to square 4 : Go
Conservative Banker rolled 11
Conservative Banker moved to square 26 : Go
Aggressive Invester rolled 9
Aggressive Invester moved to square 4 : Go
Risk Taker rolled 4
Risk Taker moved to square 36 : Go
currunt round is : 241
Oppotunistic Trader rolled 11
Oppotunistic Trader moved to square 15 : Go
Conservative Banker rolled 8
Conservative Banker moved to square 34 : Go
Aggressive Invester rolled 5
Aggressive Invester moved to square 9 : Go
Risk Taker rolled 12
Risk Taker moved to square 9 : Go
currunt round is : 242
Oppotunistic Trader rolled 2
Oppotunistic Trader moved to square 17 : Go
Conservative Banker rolled 12
Conservative Banker moved to square 7 : Go
Aggressive Invester rolled 7
Aggressive Invester moved to square 16 : Go
Risk Taker rolled 4
Risk Taker moved to square 13 : Go
currunt round is : 242
Oppotunistic Trader rolled 8
Oppotunistic Trader moved to square 25 : Go
Conservative Banker rolled 10
Conservative Banker moved to square 17 : Go
Aggressive Invester rolled 3
Aggressive Invester moved to square 19 : Go
Risk Taker rolled 11
Risk Taker moved to square 24 : Go
currunt round is : 242
Oppotunistic Trader rolled 5
Oppotunistic Trader moved to square 30 : Go
Conservative Banker rolled 6
Conservative Banker moved to square 23 : Go
Aggressive Invester rolled 9
Aggressive Invester moved to square 28 : Go
Risk Taker rolled 8
Risk Taker moved to square 32 : Go
currunt round is : 242
Oppotunistic Trader rolled 5
Oppotunistic Trader moved to square 35 : Go
Conservative Banker rolled 8
Conservative Banker moved to square 31 : Go
Aggressive Invester rolled 10
Aggressive Invester moved to square 38 : Go
Risk Taker rolled 5
Risk Taker moved to square 37 : Go
currunt round is : 242
Oppotunistic Trader rolled 3
Oppotunistic Trader moved to square 38 : Go
Conservative Banker rolled 4
Conservative Banker moved to square 35 : Go
Aggressive Invester rolled 6
Aggressive Invester moved to square 5 : Go
Risk Taker rolled 2
Risk Taker moved to square 0 : Go
currunt round is : 242
Oppotunistic Trader rolled 10
Oppotunistic Trader moved to square 9 : Go
Conservative Banker rolled 10
Conservative Banker moved to square 6 : Go
Aggressive Invester rolled 4
Aggressive Invester moved to square 9 : Go
Risk Taker rolled 2
Risk Taker moved to square 2 : Go
currunt round is : 242
Oppotunistic Trader rolled 8
Oppotunistic Trader moved to square 17 : Go
Conservative Banker rolled 11
Conservative Banker moved to square 17 : Go
Aggressive Invester rolled 2
Aggressive Invester moved to square 11 : Go
Risk Taker rolled 6
Risk Taker moved to square 8 : Go
currunt round is : 243
Oppotunistic Trader rolled 4
Oppotunistic Trader moved to square 21 : Go
Conservative Banker rolled 3
Conservative Banker moved to square 20 : Go
Aggressive Invester rolled 4
Aggressive Invester moved to square 15 : Go
Risk Taker rolled 4
Risk Taker moved to square 12 : Go
currunt round is : 243
Oppotunistic Trader rolled 2
Oppotunistic Trader moved to square 23 : Go
Conservative Banker rolled 7
Conservative Banker moved to square 27 : Go
Aggressive Invester rolled 7
Aggressive Invester moved to square 22 : Go
Risk Taker rolled 6
Risk Taker moved to square 18 : Go
currunt round is : 243
Oppotunistic Trader rolled 4
Oppotunistic Trader moved to square 27 : Go
Conservative Banker rolled 8
Conservative Banker moved to square 35 : Go
Aggressive Invester rolled 2
Aggressive Invester moved to square 24 : Go
Risk Taker rolled 7
Risk Taker moved to square 25 : Go
currunt round is : 243
Oppotunistic Trader rolled 10
Oppotunistic Trader moved to square 37 : Go
Conservative Banker rolled 9
Conservative Banker moved to square 5 : Go
Aggressive Invester rolled 12
Aggressive Invester moved to square 36 : Go
Risk Taker rolled 2
Risk Taker moved to square 27 : Go
currunt round is : 243
Oppotunistic Trader rolled 5
Oppotunistic Trader moved to square 3 : Colombo Fort Railway Station
Conservative Banker rolled 7
Conservative Banker moved to square 12 : Go
Aggressive Invester rolled 4
Aggressive Invester moved to square 1 : Pettah
Risk Taker rolled 6
Risk Taker moved to square 33 : Go
currunt round is : 243
Oppotunistic Trader rolled 9
Oppotunistic Trader moved to square 12 : Go
Conservative Banker rolled 8
Conservative Banker moved to square 20 : Go
Aggressive Invester rolled 4
Aggressive Invester moved to square 5 : Go
Risk Taker rolled 4
Risk Taker moved to square 37 : Go
currunt round is : 244
Oppotunistic Trader rolled 3
Oppotunistic Trader moved to square 15 : Go
Conservative Banker rolled 6
Conservative Banker moved to square 26 : Go
Aggressive Invester rolled 3
Aggressive Invester moved to square 8 : Go
Risk Taker rolled 9
Risk Taker moved to square 7 : Go
currunt round is : 244
Oppotunistic Trader rolled 2
Oppotunistic Trader moved to square 17 : Go
Conservative Banker rolled 3
Conservative Banker moved to square 29 : Go
Aggressive Invester rolled 12
Aggressive Invester moved to square 20 : Go
Risk Taker rolled 4
Risk Taker moved to square 11 : Go
currunt round is : 244
Oppotunistic Trader rolled 3
Oppotunistic Trader moved to square 20 : Go
Conservative Banker rolled 3
Conservative Banker moved to square 32 : Go
Aggressive Invester rolled 5
Aggressive Invester moved to square 25 : Go
Risk Taker rolled 12
Risk Taker moved to square 23 : Go
currunt round is : 244
Oppotunistic Trader rolled 6
Oppotunistic Trader moved to square 26 : Go
Conservative Banker rolled 8
Conservative Banker moved to square 1 : Pettah
Aggressive Invester rolled 6
Aggressive Invester moved to square 31 : Go
Risk Taker rolled 6
Risk Taker moved to square 29 : Go
currunt round is : 244
Oppotunistic Trader rolled 12
Oppotunistic Trader moved to square 38 : Go
Conservative Banker rolled 6
Conservative Banker moved to square 7 : Go
Aggressive Invester rolled 9
Aggressive Invester moved to square 1 : Pettah
Risk Taker rolled 10
Risk Taker moved to square 0 : Go
currunt round is : 244
Oppotunistic Trader rolled 12
Oppotunistic Trader moved to square 11 : Go
Conservative Banker rolled 8
Conservative Banker moved to square 15 : Go
Aggressive Invester rolled 8
Aggressive Invester moved to square 9 : Go
Risk Taker rolled 4
Risk Taker moved to square 4 : Go
currunt round is : 244
Oppotunistic Trader rolled 11
Oppotunistic Trader moved to square 22 : Go
Conservative Banker rolled 8
Conservative Banker moved to square 23 : Go
Aggressive Invester rolled 6
Aggressive Invester moved to square 15 : Go
Risk Taker rolled 7
Risk Taker moved to square 11 : Go
currunt round is : 245
Oppotunistic Trader rolled 12
Oppotunistic Trader moved to square 34 : Go
Conservative Banker rolled 7
Conservative Banker moved to square 30 : Go
Aggressive Invester rolled 8
Aggressive Invester moved to square 23 : Go
Risk Taker rolled 2
Risk Taker moved to square 13 : Go
currunt round is : 245
Oppotunistic Trader rolled 11
Oppotunistic Trader moved to square 6 : Go
Conservative Banker rolled 9
Conservative Banker moved to square 0 : Go
Aggressive Invester rolled 10
Aggressive Invester moved to square 33 : Go
Risk Taker rolled 10
Risk Taker moved to square 23 : Go
currunt round is : 245
Oppotunistic Trader rolled 8
Oppotunistic Trader moved to square 14 : Go
Conservative Banker rolled 9
Conservative Banker moved to square 9 : Go
Aggressive Invester rolled 12
Aggressive Invester moved to square 6 : Go
Risk Taker rolled 9
Risk Taker moved to square 32 : Go
currunt round is : 246
Oppotunistic Trader rolled 8
Oppotunistic Trader moved to square 22 : Go
Conservative Banker rolled 2
Conservative Banker moved to square 11 : Go
Aggressive Invester rolled 9
Aggressive Invester moved to square 15 : Go
Risk Taker rolled 10
Risk Taker moved to square 3 : Colombo Fort Railway Station
currunt round is : 246
Oppotunistic Trader rolled 8
Oppotunistic Trader moved to square 30 : Go
Conservative Banker rolled 2
Conservative Banker moved to square 13 : Go
Aggressive Invester rolled 3
Aggressive Invester moved to square 18 : Go
Risk Taker rolled 8
Risk Taker moved to square 11 : Go
currunt round is : 246
Oppotunistic Trader rolled 4
Oppotunistic Trader moved to square 34 : Go
Conservative Banker rolled 10
Conservative Banker moved to square 23 : Go
Aggressive Invester rolled 3
Aggressive Invester moved to square 21 : Go
Risk Taker rolled 3
Risk Taker moved to square 14 : Go
currunt round is : 246
Oppotunistic Trader rolled 4
Oppotunistic Trader moved to square 38 : Go
Conservative Banker rolled 9
Conservative Banker moved to square 32 : Go
Aggressive Invester rolled 5
Aggressive Invester moved to square 26 : Go
Risk Taker rolled 2
Risk Taker moved to square 16 : Go
currunt round is : 246
Oppotunistic Trader rolled 3
Oppotunistic Trader moved to square 2 : Go
Conservative Banker rolled 8
Conservative Banker moved to square 1 : Pettah
Aggressive Invester rolled 6
Aggressive Invester moved to square 32 : Go
Risk Taker rolled 2
Risk Taker moved to square 18 : Go
currunt round is : 246
Oppotunistic Trader rolled 2
Oppotunistic Trader moved to square 4 : Go
Conservative Banker rolled 12
Conservative Banker moved to square 13 : Go
Aggressive Invester rolled 3
Aggressive Invester moved to square 35 : Go
Risk Taker rolled 9
Risk Taker moved to square 27 : Go
currunt round is : 247
Oppotunistic Trader rolled 8
Oppotunistic Trader moved to square 12 : Go
Conservative Banker rolled 9
Conservative Banker moved to square 22 : Go
Aggressive Invester rolled 6
Aggressive Invester moved to square 2 : Go
Risk Taker rolled 3
Risk Taker moved to square 30 : Go
currunt round is : 247
Oppotunistic Trader rolled 3
Oppotunistic Trader moved to square 15 : Go
Conservative Banker rolled 4
Conservative Banker moved to square 26 : Go
Aggressive Invester rolled 11
Aggressive Invester moved to square 13 : Go
Risk Taker rolled 7
Risk Taker moved to square 37 : Go
currunt round is : 247
Oppotunistic Trader rolled 4
Oppotunistic Trader moved to square 19 : Go
Conservative Banker rolled 5
Conservative Banker moved to square 31 : Go
Aggressive Invester rolled 4
Aggressive Invester moved to square 17 : Go
Risk Taker rolled 11
Risk Taker moved to square 9 : Go
currunt round is : 247
Oppotunistic Trader rolled 3
Oppotunistic Trader moved to square 22 : Go
Conservative Banker rolled 5
Conservative Banker moved to square 36 : Go
Aggressive Invester rolled 6
Aggressive Invester moved to square 23 : Go
Risk Taker rolled 5
Risk Taker moved to square 14 : Go
currunt round is : 247
Oppotunistic Trader rolled 11
Oppotunistic Trader moved to square 33 : Go
Conservative Banker rolled 5
Conservative Banker moved to square 2 : Go
Aggressive Invester rolled 5
Aggressive Invester moved to square 28 : Go
Risk Taker rolled 2
Risk Taker moved to square 16 : Go
currunt round is : 247
Oppotunistic Trader rolled 12
Oppotunistic Trader moved to square 6 : Go
Conservative Banker rolled 6
Conservative Banker moved to square 8 : Go
Aggressive Invester rolled 3
Aggressive Invester moved to square 31 : Go
Risk Taker rolled 2
Risk Taker moved to square 18 : Go
currunt round is : 247
Oppotunistic Trader rolled 12
Oppotunistic Trader moved to square 18 : Go
Conservative Banker rolled 7
Conservative Banker moved to square 15 : Go
Aggressive Invester rolled 12
Aggressive Invester moved to square 4 : Go
Risk Taker rolled 10
Risk Taker moved to square 28 : Go
currunt round is : 248
Oppotunistic Trader rolled 6
Oppotunistic Trader moved to square 24 : Go
Conservative Banker rolled 11
Conservative Banker moved to square 26 : Go
Aggressive Invester rolled 7
Aggressive Invester moved to square 11 : Go
Risk Taker rolled 10
Risk Taker moved to square 38 : Go
currunt round is : 248
Oppotunistic Trader rolled 7
Oppotunistic Trader moved to square 31 : Go
Conservative Banker rolled 11
Conservative Banker moved to square 37 : Go
Aggressive Invester rolled 11
Aggressive Invester moved to square 22 : Go
Risk Taker rolled 6
Risk Taker moved to square 5 : Go
currunt round is : 248
Oppotunistic Trader rolled 11
Oppotunistic Trader moved to square 3 : Colombo Fort Railway Station
Conservative Banker rolled 7
Conservative Banker moved to square 5 : Go
Aggressive Invester rolled 11
Aggressive Invester moved to square 33 : Go
Risk Taker rolled 3
Risk Taker moved to square 8 : Go
currunt round is : 248
Oppotunistic Trader rolled 8
Oppotunistic Trader moved to square 11 : Go
Conservative Banker rolled 2
Conservative Banker moved to square 7 : Go
Aggressive Invester rolled 12
Aggressive Invester moved to square 6 : Go
Risk Taker rolled 9
Risk Taker moved to square 17 : Go
currunt round is : 249
Oppotunistic Trader rolled 3
Oppotunistic Trader moved to square 14 : Go
Conservative Banker rolled 3
Conservative Banker moved to square 10 : Go
Aggressive Invester rolled 11
Aggressive Invester moved to square 17 : Go
Risk Taker rolled 12
Risk Taker moved to square 29 : Go
currunt round is : 249
Oppotunistic Trader rolled 6
Oppotunistic Trader moved to square 20 : Go
Conservative Banker rolled 3
Conservative Banker moved to square 13 : Go
Aggressive Invester rolled 11
Aggressive Invester moved to square 28 : Go
Risk Taker rolled 3
Risk Taker moved to square 32 : Go
currunt round is : 249
Oppotunistic Trader rolled 7
Oppotunistic Trader moved to square 27 : Go
Conservative Banker rolled 12
Conservative Banker moved to square 25 : Go
Aggressive Invester rolled 2
Aggressive Invester moved to square 30 : Go
Risk Taker rolled 7
Risk Taker moved to square 0 : Go
currunt round is : 249
Oppotunistic Trader rolled 4
Oppotunistic Trader moved to square 31 : Go
Conservative Banker rolled 12
Conservative Banker moved to square 37 : Go
Aggressive Invester rolled 2
Aggressive Invester moved to square 32 : Go
Risk Taker rolled 8
Risk Taker moved to square 8 : Go
currunt round is : 249
Oppotunistic Trader rolled 8
Oppotunistic Trader moved to square 0 : Go
Conservative Banker rolled 7
Conservative Banker moved to square 5 : Go
Aggressive Invester rolled 5
Aggressive Invester moved to square 37 : Go
Risk Taker rolled 11
Risk Taker moved to square 19 : Go
currunt round is : 249
Oppotunistic Trader rolled 4
Oppotunistic Trader moved to square 4 : Go
Conservative Banker rolled 12
Conservative Banker moved to square 17 : Go
Aggressive Invester rolled 4
Aggressive Invester moved to square 2 : Go
Risk Taker rolled 2
Risk Taker moved to square 21 : Go
currunt round is : 249
Oppotunistic Trader rolled 5
Oppotunistic Trader moved to square 9 : Go
Conservative Banker rolled 2
Conservative Banker moved to square 19 : Go
Aggressive Invester rolled 3
Aggressive Invester moved to square 5 : Go
Risk Taker rolled 11
Risk Taker moved to square 32 : Go
currunt round is : 250
Oppotunistic Trader rolled 11
Oppotunistic Trader moved to square 20 : Go
Conservative Banker rolled 11
Conservative Banker moved to square 30 : Go
Aggressive Invester rolled 8
Aggressive Invester moved to square 13 : Go
Risk Taker rolled 10
Risk Taker moved to square 3 : Colombo Fort Railway Station
currunt round is : 250
Oppotunistic Trader rolled 10
Oppotunistic Trader moved to square 30 : Go
Conservative Banker rolled 6
Conservative Banker moved to square 36 : Go
Aggressive Invester rolled 9
Aggressive Invester moved to square 22 : Go
Risk Taker rolled 3
Risk Taker moved to square 6 : Go
currunt round is : 250
Oppotunistic Trader rolled 7
Oppotunistic Trader moved to square 37 : Go
Conservative Banker rolled 7
Conservative Banker moved to square 4 : Go
Aggressive Invester rolled 3
Aggressive Invester moved to square 25 : Go
Risk Taker rolled 10
Risk Taker moved to square 16 : Go
currunt round is : 250
Oppotunistic Trader rolled 4
Oppotunistic Trader moved to square 2 : Go
Conservative Banker rolled 3
Conservative Banker moved to square 7 : Go
Aggressive Invester rolled 2
Aggressive Invester moved to square 27 : Go
Risk Taker rolled 6
Risk Taker moved to square 22 : Go
currunt round is : 250
Oppotunistic Trader rolled 11
Oppotunistic Trader moved to square 13 : Go
Conservative Banker rolled 3
Conservative Banker moved to square 10 : Go
Aggressive Invester rolled 10
Aggressive Invester moved to square 37 : Go
Risk Taker rolled 4
Risk Taker moved to square 26 : Go
currunt round is : 251
Oppotunistic Trader rolled 8
Oppotunistic Trader moved to square 21 : Go
Conservative Banker rolled 11
Conservative Banker moved to square 21 : Go
Aggressive Invester rolled 2
Aggressive Invester moved to square 0 : Go
Risk Taker rolled 8
Risk Taker moved to square 34 : Go
currunt round is : 251
Oppotunistic Trader rolled 9
Oppotunistic Trader moved to square 30 : Go
Conservative Banker rolled 4
Conservative Banker moved to square 25 : Go
Aggressive Invester rolled 9
Aggressive Invester moved to square 9 : Go
Risk Taker rolled 12
Risk Taker moved to square 7 : Go
currunt round is : 251
Oppotunistic Trader rolled 2
Oppotunistic Trader moved to square 32 : Go
Conservative Banker rolled 8
Conservative Banker moved to square 33 : Go
Aggressive Invester rolled 10
Aggressive Invester moved to square 19 : Go
Risk Taker rolled 11
Risk Taker moved to square 18 : Go
currunt round is : 251
Oppotunistic Trader rolled 5
Oppotunistic Trader moved to square 37 : Go
Conservative Banker rolled 3
Conservative Banker moved to square 36 : Go
Aggressive Invester rolled 8
Aggressive Invester moved to square 27 : Go
Risk Taker rolled 2
Risk Taker moved to square 20 : Go
currunt round is : 251
Oppotunistic Trader rolled 7
Oppotunistic Trader moved to square 5 : Go
Conservative Banker rolled 2
Conservative Banker moved to square 38 : Go
Aggressive Invester rolled 2
Aggressive Invester moved to square 29 : Go
Risk Taker rolled 10
Risk Taker moved to square 30 : Go
currunt round is : 251
Oppotunistic Trader rolled 6
Oppotunistic Trader moved to square 11 : Go
Conservative Banker rolled 3
Conservative Banker moved to square 2 : Go
Aggressive Invester rolled 8
Aggressive Invester moved to square 37 : Go
Risk Taker rolled 6
Risk Taker moved to square 36 : Go
currunt round is : 252
Oppotunistic Trader rolled 2
Oppotunistic Trader moved to square 13 : Go
Conservative Banker rolled 8
Conservative Banker moved to square 10 : Go
Aggressive Invester rolled 11
Aggressive Invester moved to square 9 : Go
Risk Taker rolled 9
Risk Taker moved to square 6 : Go
currunt round is : 252
Oppotunistic Trader rolled 7
Oppotunistic Trader moved to square 20 : Go
Conservative Banker rolled 6
Conservative Banker moved to square 16 : Go
Aggressive Invester rolled 11
Aggressive Invester moved to square 20 : Go
Risk Taker rolled 12
Risk Taker moved to square 18 : Go
currunt round is : 252
Oppotunistic Trader rolled 3
Oppotunistic Trader moved to square 23 : Go
Conservative Banker rolled 9
Conservative Banker moved to square 25 : Go
Aggressive Invester rolled 7
Aggressive Invester moved to square 27 : Go
Risk Taker rolled 10
Risk Taker moved to square 28 : Go
currunt round is : 252
Oppotunistic Trader rolled 11
Oppotunistic Trader moved to square 34 : Go
Conservative Banker rolled 12
Conservative Banker moved to square 37 : Go
Aggressive Invester rolled 9
Aggressive Invester moved to square 36 : Go
Risk Taker rolled 11
Risk Taker moved to square 0 : Go
currunt round is : 252
Oppotunistic Trader rolled 6
Oppotunistic Trader moved to square 1 : Pettah
Conservative Banker rolled 4
Conservative Banker moved to square 2 : Go
Aggressive Invester rolled 7
Aggressive Invester moved to square 4 : Go
Risk Taker rolled 9
Risk Taker moved to square 9 : Go
currunt round is : 252
Oppotunistic Trader rolled 6
Oppotunistic Trader moved to square 7 : Go
Conservative Banker rolled 11
Conservative Banker moved to square 13 : Go
Aggressive Invester rolled 7
Aggressive Invester moved to square 11 : Go
Risk Taker rolled 9
Risk Taker moved to square 18 : Go
currunt round is : 253
Oppotunistic Trader rolled 11
Oppotunistic Trader moved to square 18 : Go
Conservative Banker rolled 5
Conservative Banker moved to square 18 : Go
Aggressive Invester rolled 7
Aggressive Invester moved to square 18 : Go
Risk Taker rolled 2
Risk Taker moved to square 20 : Go
currunt round is : 253
Oppotunistic Trader rolled 6
Oppotunistic Trader moved to square 24 : Go
Conservative Banker rolled 11
Conservative Banker moved to square 29 : Go
Aggressive Invester rolled 7
Aggressive Invester moved to square 25 : Go
Risk Taker rolled 4
Risk Taker moved to square 24 : Go
currunt round is : 253
Oppotunistic Trader rolled 4
Oppotunistic Trader moved to square 28 : Go
Conservative Banker rolled 3
Conservative Banker moved to square 32 : Go
Aggressive Invester rolled 9
Aggressive Invester moved to square 34 : Go
Risk Taker rolled 10
Risk Taker moved to square 34 : Go
currunt round is : 253
Oppotunistic Trader rolled 7
Oppotunistic Trader moved to square 35 : Go
Conservative Banker rolled 5
Conservative Banker moved to square 37 : Go
Aggressive Invester rolled 9
Aggressive Invester moved to square 4 : Go
Risk Taker rolled 8
Risk Taker moved to square 3 : Colombo Fort Railway Station
currunt round is : 253
Oppotunistic Trader rolled 12
Oppotunistic Trader moved to square 8 : Go
Conservative Banker rolled 12
Conservative Banker moved to square 10 : Go
Aggressive Invester rolled 3
Aggressive Invester moved to square 7 : Go
Risk Taker rolled 8
Risk Taker moved to square 11 : Go
currunt round is : 253
Oppotunistic Trader rolled 12
Oppotunistic Trader moved to square 20 : Go
Conservative Banker rolled 10
Conservative Banker moved to square 20 : Go
Aggressive Invester rolled 6
Aggressive Invester moved to square 13 : Go
Risk Taker rolled 5
Risk Taker moved to square 16 : Go
currunt round is : 254
Oppotunistic Trader rolled 2
Oppotunistic Trader moved to square 22 : Go
Conservative Banker rolled 11
Conservative Banker moved to square 31 : Go
Aggressive Invester rolled 10
Aggressive Invester moved to square 23 : Go
Risk Taker rolled 4
Risk Taker moved to square 20 : Go
currunt round is : 254
Oppotunistic Trader rolled 7
Oppotunistic Trader moved to square 29 : Go
Conservative Banker rolled 4
Conservative Banker moved to square 35 : Go
Aggressive Invester rolled 11
Aggressive Invester moved to square 34 : Go
Risk Taker rolled 4
Risk Taker moved to square 24 : Go
currunt round is : 254
Oppotunistic Trader rolled 8
Oppotunistic Trader moved to square 37 : Go
Conservative Banker rolled 3
Conservative Banker moved to square 38 : Go
Aggressive Invester rolled 4
Aggressive Invester moved to square 38 : Go
Risk Taker rolled 10
Risk Taker moved to square 34 : Go
currunt round is : 254
Oppotunistic Trader rolled 12
Oppotunistic Trader moved to square 10 : Go
Conservative Banker rolled 7
Conservative Banker moved to square 6 : Go
Aggressive Invester rolled 11
Aggressive Invester moved to square 10 : Go
Risk Taker rolled 2
Risk Taker moved to square 36 : Go
currunt round is : 254
Oppotunistic Trader rolled 8
Oppotunistic Trader moved to square 18 : Go
Conservative Banker rolled 5
Conservative Banker moved to square 11 : Go
Aggressive Invester rolled 8
Aggressive Invester moved to square 18 : Go
Risk Taker rolled 12
Risk Taker moved to square 9 : Go
currunt round is : 255
Oppotunistic Trader rolled 7
Oppotunistic Trader moved to square 25 : Go
Conservative Banker rolled 4
Conservative Banker moved to square 15 : Go
Aggressive Invester rolled 5
Aggressive Invester moved to square 23 : Go
Risk Taker rolled 6
Risk Taker moved to square 15 : Go
currunt round is : 255
Oppotunistic Trader rolled 3
Oppotunistic Trader moved to square 28 : Go
Conservative Banker rolled 7
Conservative Banker moved to square 22 : Go
Aggressive Invester rolled 2
Aggressive Invester moved to square 25 : Go
Risk Taker rolled 11
Risk Taker moved to square 26 : Go
currunt round is : 255
Oppotunistic Trader rolled 2
Oppotunistic Trader moved to square 30 : Go
Conservative Banker rolled 4
Conservative Banker moved to square 26 : Go
Aggressive Invester rolled 3
Aggressive Invester moved to square 28 : Go
Risk Taker rolled 11
Risk Taker moved to square 37 : Go
currunt round is : 255
Oppotunistic Trader rolled 12
Oppotunistic Trader moved to square 3 : Colombo Fort Railway Station
Conservative Banker rolled 9
Conservative Banker moved to square 35 : Go
Aggressive Invester rolled 11
Aggressive Invester moved to square 0 : Go
Risk Taker rolled 6
Risk Taker moved to square 4 : Go
currunt round is : 255
Oppotunistic Trader rolled 10
Oppotunistic Trader moved to square 13 : Go
Conservative Banker rolled 10
Conservative Banker moved to square 6 : Go
Aggressive Invester rolled 8
Aggressive Invester moved to square 8 : Go
Risk Taker rolled 3
Risk Taker moved to square 7 : Go
currunt round is : 256
Oppotunistic Trader rolled 11
Oppotunistic Trader moved to square 24 : Go
Conservative Banker rolled 9
Conservative Banker moved to square 15 : Go
Aggressive Invester rolled 9
Aggressive Invester moved to square 17 : Go
Risk Taker rolled 9
Risk Taker moved to square 16 : Go
currunt round is : 256
Oppotunistic Trader rolled 12
Oppotunistic Trader moved to square 36 : Go
Conservative Banker rolled 7
Conservative Banker moved to square 22 : Go
Aggressive Invester rolled 7
Aggressive Invester moved to square 24 : Go
Risk Taker rolled 8
Risk Taker moved to square 24 : Go
currunt round is : 256
Oppotunistic Trader rolled 9
Oppotunistic Trader moved to square 6 : Go
Conservative Banker rolled 2
Conservative Banker moved to square 24 : Go
Aggressive Invester rolled 5
Aggressive Invester moved to square 29 : Go
Risk Taker rolled 3
Risk Taker moved to square 27 : Go
currunt round is : 256
Oppotunistic Trader rolled 4
Oppotunistic Trader moved to square 10 : Go
Conservative Banker rolled 6
Conservative Banker moved to square 30 : Go
Aggressive Invester rolled 5
Aggressive Invester moved to square 34 : Go
Risk Taker rolled 3
Risk Taker moved to square 30 : Go
currunt round is : 257
Oppotunistic Trader rolled 9
Oppotunistic Trader moved to square 19 : Go
Conservative Banker rolled 3
Conservative Banker moved to square 33 : Go
Aggressive Invester rolled 2
Aggressive Invester moved to square 36 : Go
Risk Taker rolled 8
Risk Taker moved to square 38 : Go
currunt round is : 257
Oppotunistic Trader rolled 6
Oppotunistic Trader moved to square 25 : Go
Conservative Banker rolled 12
Conservative Banker moved to square 6 : Go
Aggressive Invester rolled 4
Aggressive Invester moved to square 1 : Pettah
Risk Taker rolled 3
Risk Taker moved to square 2 : Go
currunt round is : 257
Oppotunistic Trader rolled 7
Oppotunistic Trader moved to square 32 : Go
Conservative Banker rolled 3
Conservative Banker moved to square 9 : Go
Aggressive Invester rolled 7
Aggressive Invester moved to square 8 : Go
Risk Taker rolled 4
Risk Taker moved to square 6 : Go
currunt round is : 257
Oppotunistic Trader rolled 11
Oppotunistic Trader moved to square 4 : Go
Conservative Banker rolled 12
Conservative Banker moved to square 21 : Go
Aggressive Invester rolled 5
Aggressive Invester moved to square 13 : Go
Risk Taker rolled 7
Risk Taker moved to square 13 : Go
currunt round is : 257
Oppotunistic Trader rolled 6
Oppotunistic Trader moved to square 10 : Go
Conservative Banker rolled 12
Conservative Banker moved to square 33 : Go
Aggressive Invester rolled 12
Aggressive Invester moved to square 25 : Go
Risk Taker rolled 5
Risk Taker moved to square 18 : Go
currunt round is : 258
Oppotunistic Trader rolled 5
Oppotunistic Trader moved to square 15 : Go
Conservative Banker rolled 6
Conservative Banker moved to square 0 : Go
Aggressive Invester rolled 9
Aggressive Invester moved to square 34 : Go
Risk Taker rolled 12
Risk Taker moved to square 30 : Go
currunt round is : 258
Oppotunistic Trader rolled 4
Oppotunistic Trader moved to square 19 : Go
Conservative Banker rolled 10
Conservative Banker moved to square 10 : Go
Aggressive Invester rolled 11
Aggressive Invester moved to square 6 : Go
Risk Taker rolled 4
Risk Taker moved to square 34 : Go
currunt round is : 258
Oppotunistic Trader rolled 4
Oppotunistic Trader moved to square 23 : Go
Conservative Banker rolled 3
Conservative Banker moved to square 13 : Go
Aggressive Invester rolled 6
Aggressive Invester moved to square 12 : Go
Risk Taker rolled 9
Risk Taker moved to square 4 : Go
currunt round is : 258
Oppotunistic Trader rolled 5
Oppotunistic Trader moved to square 28 : Go
Conservative Banker rolled 4
Conservative Banker moved to square 17 : Go
Aggressive Invester rolled 4
Aggressive Invester moved to square 16 : Go
Risk Taker rolled 7
Risk Taker moved to square 11 : Go
currunt round is : 258
Oppotunistic Trader rolled 12
Oppotunistic Trader moved to square 1 : Pettah
Conservative Banker rolled 7
Conservative Banker moved to square 24 : Go
Aggressive Invester rolled 8
Aggressive Invester moved to square 24 : Go
Risk Taker rolled 4
Risk Taker moved to square 15 : Go
currunt round is : 258
Oppotunistic Trader rolled 8
Oppotunistic Trader moved to square 9 : Go
Conservative Banker rolled 11
Conservative Banker moved to square 35 : Go
Aggressive Invester rolled 6
Aggressive Invester moved to square 30 : Go
Risk Taker rolled 4
Risk Taker moved to square 19 : Go
currunt round is : 259
Oppotunistic Trader rolled 8
Oppotunistic Trader moved to square 17 : Go
Conservative Banker rolled 7
Conservative Banker moved to square 3 : Colombo Fort Railway Station
Aggressive Invester rolled 7
Aggressive Invester moved to square 37 : Go
Risk Taker rolled 10
Risk Taker moved to square 29 : Go
currunt round is : 259
Oppotunistic Trader rolled 5
Oppotunistic Trader moved to square 22 : Go
Conservative Banker rolled 5
Conservative Banker moved to square 8 : Go
Aggressive Invester rolled 3
Aggressive Invester moved to square 1 : Pettah
Risk Taker rolled 8
Risk Taker moved to square 37 : Go
currunt round is : 259
Oppotunistic Trader rolled 7
Oppotunistic Trader moved to square 29 : Go
Conservative Banker rolled 8
Conservative Banker moved to square 16 : Go
Aggressive Invester rolled 5
Aggressive Invester moved to square 6 : Go
Risk Taker rolled 10
Risk Taker moved to square 8 : Go
currunt round is : 259
Oppotunistic Trader rolled 6
Oppotunistic Trader moved to square 35 : Go
Conservative Banker rolled 3
Conservative Banker moved to square 19 : Go
Aggressive Invester rolled 12
Aggressive Invester moved to square 18 : Go
Risk Taker rolled 6
Risk Taker moved to square 14 : Go
currunt round is : 259
Oppotunistic Trader rolled 2
Oppotunistic Trader moved to square 37 : Go
Conservative Banker rolled 3
Conservative Banker moved to square 22 : Go
Aggressive Invester rolled 2
Aggressive Invester moved to square 20 : Go
Risk Taker rolled 3
Risk Taker moved to square 17 : Go
currunt round is : 259
Oppotunistic Trader rolled 3
Oppotunistic Trader moved to square 1 : Pettah
Conservative Banker rolled 5
Conservative Banker moved to square 27 : Go
Aggressive Invester rolled 6
Aggressive Invester moved to square 26 : Go
Risk Taker rolled 3
Risk Taker moved to square 20 : Go
currunt round is : 259
Oppotunistic Trader rolled 8
Oppotunistic Trader moved to square 9 : Go
Conservative Banker rolled 12
Conservative Banker moved to square 0 : Go
Aggressive Invester rolled 5
Aggressive Invester moved to square 31 : Go
Risk Taker rolled 12
Risk Taker moved to square 32 : Go
currunt round is : 260
Oppotunistic Trader rolled 9
Oppotunistic Trader moved to square 18 : Go
Conservative Banker rolled 8
Conservative Banker moved to square 8 : Go
Aggressive Invester rolled 12
Aggressive Invester moved to square 4 : Go
Risk Taker rolled 2
Risk Taker moved to square 34 : Go
currunt round is : 260
Oppotunistic Trader rolled 2
Oppotunistic Trader moved to square 20 : Go
Conservative Banker rolled 6
Conservative Banker moved to square 14 : Go
Aggressive Invester rolled 11
Aggressive Invester moved to square 15 : Go
Risk Taker rolled 5
Risk Taker moved to square 0 : Go
currunt round is : 260
Oppotunistic Trader rolled 7
Oppotunistic Trader moved to square 27 : Go
Conservative Banker rolled 10
Conservative Banker moved to square 24 : Go
Aggressive Invester rolled 9
Aggressive Invester moved to square 24 : Go
Risk Taker rolled 2
Risk Taker moved to square 2 : Go
currunt round is : 260
Oppotunistic Trader rolled 5
Oppotunistic Trader moved to square 32 : Go
Conservative Banker rolled 12
Conservative Banker moved to square 36 : Go
Aggressive Invester rolled 10
Aggressive Invester moved to square 34 : Go
Risk Taker rolled 9
Risk Taker moved to square 11 : Go
currunt round is : 260
Oppotunistic Trader rolled 11
Oppotunistic Trader moved to square 4 : Go
Conservative Banker rolled 7
Conservative Banker moved to square 4 : Go
Aggressive Invester rolled 11
Aggressive Invester moved to square 6 : Go
Risk Taker rolled 10
Risk Taker moved to square 21 : Go
currunt round is : 260
Oppotunistic Trader rolled 9
Oppotunistic Trader moved to square 13 : Go
Conservative Banker rolled 12
Conservative Banker moved to square 16 : Go
Aggressive Invester rolled 11
Aggressive Invester moved to square 17 : Go
Risk Taker rolled 10
Risk Taker moved to square 31 : Go
currunt round is : 261
Oppotunistic Trader rolled 2
Oppotunistic Trader moved to square 15 : Go
Conservative Banker rolled 5
Conservative Banker moved to square 21 : Go
Aggressive Invester rolled 9
Aggressive Invester moved to square 26 : Go
Risk Taker rolled 6
Risk Taker moved to square 37 : Go
currunt round is : 261
Oppotunistic Trader rolled 2
Oppotunistic Trader moved to square 17 : Go
Conservative Banker rolled 11
Conservative Banker moved to square 32 : Go
Aggressive Invester rolled 5
Aggressive Invester moved to square 31 : Go
Risk Taker rolled 7
Risk Taker moved to square 5 : Go
currunt round is : 261
Oppotunistic Trader rolled 6
Oppotunistic Trader moved to square 23 : Go
Conservative Banker rolled 4
Conservative Banker moved to square 36 : Go
Aggressive Invester rolled 8
Aggressive Invester moved to square 0 : Go
Risk Taker rolled 4
Risk Taker moved to square 9 : Go
currunt round is : 261
Oppotunistic Trader rolled 6
Oppotunistic Trader moved to square 29 : Go
Conservative Banker rolled 4
Conservative Banker moved to square 1 : Pettah
Aggressive Invester rolled 6
Aggressive Invester moved to square 6 : Go
Risk Taker rolled 12
Risk Taker moved to square 21 : Go
currunt round is : 261
Oppotunistic Trader rolled 10
Oppotunistic Trader moved to square 0 : Go
Conservative Banker rolled 2
Conservative Banker moved to square 3 : Colombo Fort Railway Station
Aggressive Invester rolled 10
Aggressive Invester moved to square 16 : Go
Risk Taker rolled 2
Risk Taker moved to square 23 : Go
currunt round is : 261
Oppotunistic Trader rolled 11
Oppotunistic Trader moved to square 11 : Go
Conservative Banker rolled 7
Conservative Banker moved to square 10 : Go
Aggressive Invester rolled 8
Aggressive Invester moved to square 24 : Go
Risk Taker rolled 9
Risk Taker moved to square 32 : Go
currunt round is : 261
Oppotunistic Trader rolled 12
Oppotunistic Trader moved to square 23 : Go
Conservative Banker rolled 6
Conservative Banker moved to square 16 : Go
Aggressive Invester rolled 6
Aggressive Invester moved to square 30 : Go
Risk Taker rolled 6
Risk Taker moved to square 38 : Go
currunt round is : 262
Oppotunistic Trader rolled 3
Oppotunistic Trader moved to square 26 : Go
Conservative Banker rolled 3
Conservative Banker moved to square 19 : Go
Aggressive Invester rolled 2
Aggressive Invester moved to square 32 : Go
Risk Taker rolled 3
Risk Taker moved to square 2 : Go
currunt round is : 262
Oppotunistic Trader rolled 4
Oppotunistic Trader moved to square 30 : Go
Conservative Banker rolled 9
Conservative Banker moved to square 28 : Go
Aggressive Invester rolled 7
Aggressive Invester moved to square 0 : Go
Risk Taker rolled 4
Risk Taker moved to square 6 : Go
currunt round is : 262
Oppotunistic Trader rolled 7
Oppotunistic Trader moved to square 37 : Go
Conservative Banker rolled 8
Conservative Banker moved to square 36 : Go
Aggressive Invester rolled 8
Aggressive Invester moved to square 8 : Go
Risk Taker rolled 9
Risk Taker moved to square 15 : Go
currunt round is : 262
Oppotunistic Trader rolled 10
Oppotunistic Trader moved to square 8 : Go
Conservative Banker rolled 12
Conservative Banker moved to square 9 : Go
Aggressive Invester rolled 10
Aggressive Invester moved to square 18 : Go
Risk Taker rolled 2
Risk Taker moved to square 17 : Go
currunt round is : 262
Oppotunistic Trader rolled 3
Oppotunistic Trader moved to square 11 : Go
Conservative Banker rolled 3
Conservative Banker moved to square 12 : Go
Aggressive Invester rolled 10
Aggressive Invester moved to square 28 : Go
Risk Taker rolled 11
Risk Taker moved to square 28 : Go
currunt round is : 263
Oppotunistic Trader rolled 12
Oppotunistic Trader moved to square 23 : Go
Conservative Banker rolled 7
Conservative Banker moved to square 19 : Go
Aggressive Invester rolled 9
Aggressive Invester moved to square 37 : Go
Risk Taker rolled 10
Risk Taker moved to square 38 : Go
currunt round is : 263
Oppotunistic Trader rolled 10
Oppotunistic Trader moved to square 33 : Go
Conservative Banker rolled 2
Conservative Banker moved to square 21 : Go
Aggressive Invester rolled 5
Aggressive Invester moved to square 3 : Colombo Fort Railway Station
Risk Taker rolled 9
Risk Taker moved to square 8 : Go
currunt round is : 263
Oppotunistic Trader rolled 5
Oppotunistic Trader moved to square 38 : Go
Conservative Banker rolled 7
Conservative Banker moved to square 28 : Go
Aggressive Invester rolled 12
Aggressive Invester moved to square 15 : Go
Risk Taker rolled 6
Risk Taker moved to square 14 : Go
currunt round is : 263
Oppotunistic Trader rolled 8
Oppotunistic Trader moved to square 7 : Go
Conservative Banker rolled 12
Conservative Banker moved to square 1 : Pettah
Aggressive Invester rolled 8
Aggressive Invester moved to square 23 : Go
Risk Taker rolled 8
Risk Taker moved to square 22 : Go
currunt round is : 263
Oppotunistic Trader rolled 8
Oppotunistic Trader moved to square 15 : Go
Conservative Banker rolled 11
Conservative Banker moved to square 12 : Go
Aggressive Invester rolled 11
Aggressive Invester moved to square 34 : Go
Risk Taker rolled 12
Risk Taker moved to square 34 : Go
currunt round is : 264
Oppotunistic Trader rolled 7
Oppotunistic Trader moved to square 22 : Go
Conservative Banker rolled 4
Conservative Banker moved to square 16 : Go
Aggressive Invester rolled 6
Aggressive Invester moved to square 1 : Pettah
Risk Taker rolled 2
Risk Taker moved to square 36 : Go
currunt round is : 264
Oppotunistic Trader rolled 3
Oppotunistic Trader moved to square 25 : Go
Conservative Banker rolled 3
Conservative Banker moved to square 19 : Go
Aggressive Invester rolled 11
Aggressive Invester moved to square 12 : Go
Risk Taker rolled 2
Risk Taker moved to square 38 : Go
currunt round is : 264
Oppotunistic Trader rolled 2
Oppotunistic Trader moved to square 27 : Go
Conservative Banker rolled 8
Conservative Banker moved to square 27 : Go
Aggressive Invester rolled 9
Aggressive Invester moved to square 21 : Go
Risk Taker rolled 2
Risk Taker moved to square 1 : Pettah
currunt round is : 264
Oppotunistic Trader rolled 2
Oppotunistic Trader moved to square 29 : Go
Conservative Banker rolled 3
Conservative Banker moved to square 30 : Go
Aggressive Invester rolled 10
Aggressive Invester moved to square 31 : Go
Risk Taker rolled 10
Risk Taker moved to square 11 : Go
currunt round is : 264
Oppotunistic Trader rolled 4
Oppotunistic Trader moved to square 33 : Go
Conservative Banker rolled 2
Conservative Banker moved to square 32 : Go
Aggressive Invester rolled 5
Aggressive Invester moved to square 36 : Go
Risk Taker rolled 7
Risk Taker moved to square 18 : Go
currunt round is : 264
Oppotunistic Trader rolled 6
Oppotunistic Trader moved to square 0 : Go
Conservative Banker rolled 4
Conservative Banker moved to square 36 : Go
Aggressive Invester rolled 11
Aggressive Invester moved to square 8 : Go
Risk Taker rolled 10
Risk Taker moved to square 28 : Go
currunt round is : 264
Oppotunistic Trader rolled 12
Oppotunistic Trader moved to square 12 : Go
Conservative Banker rolled 4
Conservative Banker moved to square 1 : Pettah
Aggressive Invester rolled 6
Aggressive Invester moved to square 14 : Go
Risk Taker rolled 5
Risk Taker moved to square 33 : Go
currunt round is : 264
Oppotunistic Trader rolled 12
Oppotunistic Trader moved to square 24 : Go
Conservative Banker rolled 4
Conservative Banker moved to square 5 : Go
Aggressive Invester rolled 2
Aggressive Invester moved to square 16 : Go
Risk Taker rolled 6
Risk Taker moved to square 0 : Go
currunt round is : 265
Oppotunistic Trader rolled 4
Oppotunistic Trader moved to square 28 : Go
Conservative Banker rolled 7
Conservative Banker moved to square 12 : Go
Aggressive Invester rolled 4
Aggressive Invester moved to square 20 : Go
Risk Taker rolled 5
Risk Taker moved to square 5 : Go
currunt round is : 265
Oppotunistic Trader rolled 8
Oppotunistic Trader moved to square 36 : Go
Conservative Banker rolled 3
Conservative Banker moved to square 15 : Go
Aggressive Invester rolled 3
Aggressive Invester moved to square 23 : Go
Risk Taker rolled 9
Risk Taker moved to square 14 : Go
currunt round is : 265
Oppotunistic Trader rolled 9
Oppotunistic Trader moved to square 6 : Go
Conservative Banker rolled 10
Conservative Banker moved to square 25 : Go
Aggressive Invester rolled 7
Aggressive Invester moved to square 30 : Go
Risk Taker rolled 8
Risk Taker moved to square 22 : Go
currunt round is : 265
Oppotunistic Trader rolled 11
Oppotunistic Trader moved to square 17 : Go
Conservative Banker rolled 4
Conservative Banker moved to square 29 : Go
Aggressive Invester rolled 3
Aggressive Invester moved to square 33 : Go
Risk Taker rolled 11
Risk Taker moved to square 33 : Go
currunt round is : 266
Oppotunistic Trader rolled 3
Oppotunistic Trader moved to square 20 : Go
Conservative Banker rolled 6
Conservative Banker moved to square 35 : Go
Aggressive Invester rolled 5
Aggressive Invester moved to square 38 : Go
Risk Taker rolled 7
Risk Taker moved to square 1 : Pettah
currunt round is : 266
Oppotunistic Trader rolled 6
Oppotunistic Trader moved to square 26 : Go
Conservative Banker rolled 2
Conservative Banker moved to square 37 : Go
Aggressive Invester rolled 2
Aggressive Invester moved to square 1 : Pettah
Risk Taker rolled 5
Risk Taker moved to square 6 : Go
currunt round is : 266
Oppotunistic Trader rolled 2
Oppotunistic Trader moved to square 28 : Go
Conservative Banker rolled 6
Conservative Banker moved to square 4 : Go
Aggressive Invester rolled 7
Aggressive Invester moved to square 8 : Go
Risk Taker rolled 12
Risk Taker moved to square 18 : Go
currunt round is : 266
Oppotunistic Trader rolled 6
Oppotunistic Trader moved to square 34 : Go
Conservative Banker rolled 7
Conservative Banker moved to square 11 : Go
Aggressive Invester rolled 5
Aggressive Invester moved to square 13 : Go
Risk Taker rolled 8
Risk Taker moved to square 26 : Go
currunt round is : 266
Oppotunistic Trader rolled 12
Oppotunistic Trader moved to square 7 : Go
Conservative Banker rolled 6
Conservative Banker moved to square 17 : Go
Aggressive Invester rolled 9
Aggressive Invester moved to square 22 : Go
Risk Taker rolled 6
Risk Taker moved to square 32 : Go
currunt round is : 266
Oppotunistic Trader rolled 7
Oppotunistic Trader moved to square 14 : Go
Conservative Banker rolled 10
Conservative Banker moved to square 27 : Go
Aggressive Invester rolled 11
Aggressive Invester moved to square 33 : Go
Risk Taker rolled 12
Risk Taker moved to square 5 : Go
currunt round is : 267
Oppotunistic Trader rolled 5
Oppotunistic Trader moved to square 19 : Go
Conservative Banker rolled 5
Conservative Banker moved to square 32 : Go
Aggressive Invester rolled 5
Aggressive Invester moved to square 38 : Go
Risk Taker rolled 2
Risk Taker moved to square 7 : Go
currunt round is : 267
Oppotunistic Trader rolled 5
Oppotunistic Trader moved to square 24 : Go
Conservative Banker rolled 7
Conservative Banker moved to square 0 : Go
Aggressive Invester rolled 11
Aggressive Invester moved to square 10 : Go
Risk Taker rolled 4
Risk Taker moved to square 11 : Go
currunt round is : 267
Oppotunistic Trader rolled 11
Oppotunistic Trader moved to square 35 : Go
Conservative Banker rolled 2
Conservative Banker moved to square 2 : Go
Aggressive Invester rolled 7
Aggressive Invester moved to square 17 : Go
Risk Taker rolled 3
Risk Taker moved to square 14 : Go
currunt round is : 267
Oppotunistic Trader rolled 2
Oppotunistic Trader moved to square 37 : Go
Conservative Banker rolled 8
Conservative Banker moved to square 10 : Go
Aggressive Invester rolled 4
Aggressive Invester moved to square 21 : Go
Risk Taker rolled 2
Risk Taker moved to square 16 : Go
currunt round is : 267
Oppotunistic Trader rolled 12
Oppotunistic Trader moved to square 10 : Go
Conservative Banker rolled 9
Conservative Banker moved to square 19 : Go
Aggressive Invester rolled 11
Aggressive Invester moved to square 32 : Go
Risk Taker rolled 6
Risk Taker moved to square 22 : Go
currunt round is : 267
Oppotunistic Trader rolled 4
Oppotunistic Trader moved to square 14 : Go
Conservative Banker rolled 3
Conservative Banker moved to square 22 : Go
Aggressive Invester rolled 12
Aggressive Invester moved to square 5 : Go
Risk Taker rolled 3
Risk Taker moved to square 25 : Go
currunt round is : 268
Oppotunistic Trader rolled 5
Oppotunistic Trader moved to square 19 : Go
Conservative Banker rolled 9
Conservative Banker moved to square 31 : Go
Aggressive Invester rolled 5
Aggressive Invester moved to square 10 : Go
Risk Taker rolled 10
Risk Taker moved to square 35 : Go
currunt round is : 268
Oppotunistic Trader rolled 6
Oppotunistic Trader moved to square 25 : Go
Conservative Banker rolled 3
Conservative Banker moved to square 34 : Go
Aggressive Invester rolled 8
Aggressive Invester moved to square 18 : Go
Risk Taker rolled 8
Risk Taker moved to square 4 : Go
currunt round is : 268
Oppotunistic Trader rolled 4
Oppotunistic Trader moved to square 29 : Go
Conservative Banker rolled 11
Conservative Banker moved to square 6 : Go
Aggressive Invester rolled 8
Aggressive Invester moved to square 26 : Go
Risk Taker rolled 8
Risk Taker moved to square 12 : Go
currunt round is : 268
Oppotunistic Trader rolled 3
Oppotunistic Trader moved to square 32 : Go
Conservative Banker rolled 6
Conservative Banker moved to square 12 : Go
Aggressive Invester rolled 10
Aggressive Invester moved to square 36 : Go
Risk Taker rolled 2
Risk Taker moved to square 14 : Go
currunt round is : 268
Oppotunistic Trader rolled 6
Oppotunistic Trader moved to square 38 : Go
Conservative Banker rolled 3
Conservative Banker moved to square 15 : Go
Aggressive Invester rolled 3
Aggressive Invester moved to square 0 : Go
Risk Taker rolled 4
Risk Taker moved to square 18 : Go
currunt round is : 268
Oppotunistic Trader rolled 9
Oppotunistic Trader moved to square 8 : Go
Conservative Banker rolled 3
Conservative Banker moved to square 18 : Go
Aggressive Invester rolled 3
Aggressive Invester moved to square 3 : Colombo Fort Railway Station
Risk Taker rolled 8
Risk Taker moved to square 26 : Go
currunt round is : 268
Oppotunistic Trader rolled 11
Oppotunistic Trader moved to square 19 : Go
Conservative Banker rolled 12
Conservative Banker moved to square 30 : Go
Aggressive Invester rolled 12
Aggressive Invester moved to square 15 : Go
Risk Taker rolled 2
Risk Taker moved to square 28 : Go
currunt round is : 269
Oppotunistic Trader rolled 11
Oppotunistic Trader moved to square 30 : Go
Conservative Banker rolled 10
Conservative Banker moved to square 1 : Pettah
Aggressive Invester rolled 12
Aggressive Invester moved to square 27 : Go
Risk Taker rolled 4
Risk Taker moved to square 32 : Go
currunt round is : 269
Oppotunistic Trader rolled 4
Oppotunistic Trader moved to square 34 : Go
Conservative Banker rolled 3
Conservative Banker moved to square 4 : Go
Aggressive Invester rolled 10
Aggressive Invester moved to square 37 : Go
Risk Taker rolled 6
Risk Taker moved to square 38 : Go
currunt round is : 269
Oppotunistic Trader rolled 4
Oppotunistic Trader moved to square 38 : Go
Conservative Banker rolled 3
Conservative Banker moved to square 7 : Go
Aggressive Invester rolled 12
Aggressive Invester moved to square 10 : Go
Risk Taker rolled 5
Risk Taker moved to square 4 : Go
currunt round is : 269
Oppotunistic Trader rolled 2
Oppotunistic Trader moved to square 1 : Pettah
Conservative Banker rolled 7
Conservative Banker moved to square 14 : Go
Aggressive Invester rolled 9
Aggressive Invester moved to square 19 : Go
Risk Taker rolled 3
Risk Taker moved to square 7 : Go
currunt round is : 269
Oppotunistic Trader rolled 12
Oppotunistic Trader moved to square 13 : Go
Conservative Banker rolled 6
Conservative Banker moved to square 20 : Go
Aggressive Invester rolled 12
Aggressive Invester moved to square 31 : Go
Risk Taker rolled 3
Risk Taker moved to square 10 : Go
currunt round is : 270
Oppotunistic Trader rolled 5
Oppotunistic Trader moved to square 18 : Go
Conservative Banker rolled 11
Conservative Banker moved to square 31 : Go
Aggressive Invester rolled 4
Aggressive Invester moved to square 35 : Go
Risk Taker rolled 12
Risk Taker moved to square 22 : Go
currunt round is : 270
Oppotunistic Trader rolled 2
Oppotunistic Trader moved to square 20 : Go
Conservative Banker rolled 5
Conservative Banker moved to square 36 : Go
Aggressive Invester rolled 8
Aggressive Invester moved to square 4 : Go
Risk Taker rolled 9
Risk Taker moved to square 31 : Go
currunt round is : 270
Oppotunistic Trader rolled 2
Oppotunistic Trader moved to square 22 : Go
Conservative Banker rolled 5
Conservative Banker moved to square 2 : Go
Aggressive Invester rolled 9
Aggressive Invester moved to square 13 : Go
Risk Taker rolled 11
Risk Taker moved to square 3 : Colombo Fort Railway Station
currunt round is : 270
Oppotunistic Trader rolled 11
Oppotunistic Trader moved to square 33 : Go
Conservative Banker rolled 6
Conservative Banker moved to square 8 : Go
Aggressive Invester rolled 11
Aggressive Invester moved to square 24 : Go
Risk Taker rolled 2
Risk Taker moved to square 5 : Go
currunt round is : 270
Oppotunistic Trader rolled 7
Oppotunistic Trader moved to square 1 : Pettah
Conservative Banker rolled 7
Conservative Banker moved to square 15 : Go
Aggressive Invester rolled 7
Aggressive Invester moved to square 31 : Go
Risk Taker rolled 8
Risk Taker moved to square 13 : Go
currunt round is : 270
Oppotunistic Trader rolled 8
Oppotunistic Trader moved to square 9 : Go
Conservative Banker rolled 6
Conservative Banker moved to square 21 : Go
Aggressive Invester rolled 11
Aggressive Invester moved to square 3 : Colombo Fort Railway Station
Risk Taker rolled 6
Risk Taker moved to square 19 : Go
currunt round is : 271
Oppotunistic Trader rolled 12
Oppotunistic Trader moved to square 21 : Go
Conservative Banker rolled 7
Conservative Banker moved to square 28 : Go
Aggressive Invester rolled 6
Aggressive Invester moved to square 9 : Go
Risk Taker rolled 9
Risk Taker moved to square 28 : Go
currunt round is : 271
Oppotunistic Trader rolled 9
Oppotunistic Trader moved to square 30 : Go
Conservative Banker rolled 5
Conservative Banker moved to square 33 : Go
Aggressive Invester rolled 10
Aggressive Invester moved to square 19 : Go
Risk Taker rolled 2
Risk Taker moved to square 30 : Go
currunt round is : 271
Oppotunistic Trader rolled 2
Oppotunistic Trader moved to square 32 : Go
Conservative Banker rolled 12
Conservative Banker moved to square 6 : Go
Aggressive Invester rolled 12
Aggressive Invester moved to square 31 : Go
Risk Taker rolled 11
Risk Taker moved to square 2 : Go
currunt round is : 271
Oppotunistic Trader rolled 2
Oppotunistic Trader moved to square 34 : Go
Conservative Banker rolled 5
Conservative Banker moved to square 11 : Go
Aggressive Invester rolled 7
Aggressive Invester moved to square 38 : Go
Risk Taker rolled 2
Risk Taker moved to square 4 : Go
currunt round is : 271
Oppotunistic Trader rolled 7
Oppotunistic Trader moved to square 2 : Go
Conservative Banker rolled 12
Conservative Banker moved to square 23 : Go
Aggressive Invester rolled 10
Aggressive Invester moved to square 9 : Go
Risk Taker rolled 5
Risk Taker moved to square 9 : Go
currunt round is : 271
Oppotunistic Trader rolled 5
Oppotunistic Trader moved to square 7 : Go
Conservative Banker rolled 6
Conservative Banker moved to square 29 : Go
Aggressive Invester rolled 6
Aggressive Invester moved to square 15 : Go
Risk Taker rolled 9
Risk Taker moved to square 18 : Go
currunt round is : 272
Oppotunistic Trader rolled 11
Oppotunistic Trader moved to square 18 : Go
Conservative Banker rolled 9
Conservative Banker moved to square 38 : Go
Aggressive Invester rolled 4
Aggressive Invester moved to square 19 : Go
Risk Taker rolled 7
Risk Taker moved to square 25 : Go
currunt round is : 272
Oppotunistic Trader rolled 2
Oppotunistic Trader moved to square 20 : Go
Conservative Banker rolled 11
Conservative Banker moved to square 10 : Go
Aggressive Invester rolled 11
Aggressive Invester moved to square 30 : Go
Risk Taker rolled 12
Risk Taker moved to square 37 : Go
currunt round is : 272
Oppotunistic Trader rolled 3
Oppotunistic Trader moved to square 23 : Go
Conservative Banker rolled 4
Conservative Banker moved to square 14 : Go
Aggressive Invester rolled 6
Aggressive Invester moved to square 36 : Go
Risk Taker rolled 10
Risk Taker moved to square 8 : Go
currunt round is : 272
Oppotunistic Trader rolled 6
Oppotunistic Trader moved to square 29 : Go
Conservative Banker rolled 4
Conservative Banker moved to square 18 : Go
Aggressive Invester rolled 8
Aggressive Invester moved to square 5 : Go
Risk Taker rolled 4
Risk Taker moved to square 12 : Go
currunt round is : 272
Oppotunistic Trader rolled 12
Oppotunistic Trader moved to square 2 : Go
Conservative Banker rolled 6
Conservative Banker moved to square 24 : Go
Aggressive Invester rolled 2
Aggressive Invester moved to square 7 : Go
Risk Taker rolled 2
Risk Taker moved to square 14 : Go
currunt round is : 272
Oppotunistic Trader rolled 9
Oppotunistic Trader moved to square 11 : Go
Conservative Banker rolled 5
Conservative Banker moved to square 29 : Go
Aggressive Invester rolled 11
Aggressive Invester moved to square 18 : Go
Risk Taker rolled 12
Risk Taker moved to square 26 : Go
currunt round is : 273
Oppotunistic Trader rolled 4
Oppotunistic Trader moved to square 15 : Go
Conservative Banker rolled 6
Conservative Banker moved to square 35 : Go
Aggressive Invester rolled 5
Aggressive Invester moved to square 23 : Go
Risk Taker rolled 5
Risk Taker moved to square 31 : Go
currunt round is : 273
Oppotunistic Trader rolled 11
Oppotunistic Trader moved to square 26 : Go
Conservative Banker rolled 7
Conservative Banker moved to square 3 : Colombo Fort Railway Station
Aggressive Invester rolled 10
Aggressive Invester moved to square 33 : Go
Risk Taker rolled 9
Risk Taker moved to square 1 : Pettah
currunt round is : 273
Oppotunistic Trader rolled 3
Oppotunistic Trader moved to square 29 : Go
Conservative Banker rolled 10
Conservative Banker moved to square 13 : Go
Aggressive Invester rolled 12
Aggressive Invester moved to square 6 : Go
Risk Taker rolled 12
Risk Taker moved to square 13 : Go
currunt round is : 273
Oppotunistic Trader rolled 8
Oppotunistic Trader moved to square 37 : Go
Conservative Banker rolled 11
Conservative Banker moved to square 24 : Go
Aggressive Invester rolled 10
Aggressive Invester moved to square 16 : Go
Risk Taker rolled 9
Risk Taker moved to square 22 : Go
currunt round is : 273
Oppotunistic Trader rolled 11
Oppotunistic Trader moved to square 9 : Go
Conservative Banker rolled 3
Conservative Banker moved to square 27 : Go
Aggressive Invester rolled 5
Aggressive Invester moved to square 21 : Go
Risk Taker rolled 2
Risk Taker moved to square 24 : Go
currunt round is : 273
Oppotunistic Trader rolled 5
Oppotunistic Trader moved to square 14 : Go
Conservative Banker rolled 11
Conservative Banker moved to square 38 : Go
Aggressive Invester rolled 4
Aggressive Invester moved to square 25 : Go
Risk Taker rolled 3
Risk Taker moved to square 27 : Go
currunt round is : 274
Oppotunistic Trader rolled 4
Oppotunistic Trader moved to square 18 : Go
Conservative Banker rolled 2
Conservative Banker moved to square 1 : Pettah
Aggressive Invester rolled 3
Aggressive Invester moved to square 28 : Go
Risk Taker rolled 10
Risk Taker moved to square 37 : Go
currunt round is : 274
Oppotunistic Trader rolled 5
Oppotunistic Trader moved to square 23 : Go
Conservative Banker rolled 10
Conservative Banker moved to square 11 : Go
Aggressive Invester rolled 7
Aggressive Invester moved to square 35 : Go
Risk Taker rolled 5
Risk Taker moved to square 3 : Colombo Fort Railway Station
currunt round is : 274
Oppotunistic Trader rolled 4
Oppotunistic Trader moved to square 27 : Go
Conservative Banker rolled 8
Conservative Banker moved to square 19 : Go
Aggressive Invester rolled 7
Aggressive Invester moved to square 3 : Colombo Fort Railway Station
Risk Taker rolled 11
Risk Taker moved to square 14 : Go
currunt round is : 274
Oppotunistic Trader rolled 2
Oppotunistic Trader moved to square 29 : Go
Conservative Banker rolled 4
Conservative Banker moved to square 23 : Go
Aggressive Invester rolled 5
Aggressive Invester moved to square 8 : Go
Risk Taker rolled 12
Risk Taker moved to square 26 : Go
currunt round is : 274
Oppotunistic Trader rolled 2
Oppotunistic Trader moved to square 31 : Go
Conservative Banker rolled 5
Conservative Banker moved to square 28 : Go
Aggressive Invester rolled 12
Aggressive Invester moved to square 20 : Go
Risk Taker rolled 8
Risk Taker moved to square 34 : Go
currunt round is : 274
Oppotunistic Trader rolled 12
Oppotunistic Trader moved to square 4 : Go
Conservative Banker rolled 7
Conservative Banker moved to square 35 : Go
Aggressive Invester rolled 3
Aggressive Invester moved to square 23 : Go
Risk Taker rolled 10
Risk Taker moved to square 5 : Go
currunt round is : 274
Oppotunistic Trader rolled 8
Oppotunistic Trader moved to square 12 : Go
Conservative Banker rolled 6
Conservative Banker moved to square 2 : Go
Aggressive Invester rolled 11
Aggressive Invester moved to square 34 : Go
Risk Taker rolled 10
Risk Taker moved to square 15 : Go
currunt round is : 275
Oppotunistic Trader rolled 2
Oppotunistic Trader moved to square 14 : Go
Conservative Banker rolled 11
Conservative Banker moved to square 13 : Go
Aggressive Invester rolled 11
Aggressive Invester moved to square 6 : Go
Risk Taker rolled 3
Risk Taker moved to square 18 : Go
currunt round is : 275
Oppotunistic Trader rolled 12
Oppotunistic Trader moved to square 26 : Go
Conservative Banker rolled 12
Conservative Banker moved to square 25 : Go
Aggressive Invester rolled 9
Aggressive Invester moved to square 15 : Go
Risk Taker rolled 2
Risk Taker moved to square 20 : Go
currunt round is : 275
Oppotunistic Trader rolled 7
Oppotunistic Trader moved to square 33 : Go
Conservative Banker rolled 3
Conservative Banker moved to square 28 : Go
Aggressive Invester rolled 6
Aggressive Invester moved to square 21 : Go
Risk Taker rolled 7
Risk Taker moved to square 27 : Go
currunt round is : 275
Oppotunistic Trader rolled 10
Oppotunistic Trader moved to square 4 : Go
Conservative Banker rolled 11
Conservative Banker moved to square 0 : Go
Aggressive Invester rolled 5
Aggressive Invester moved to square 26 : Go
Risk Taker rolled 8
Risk Taker moved to square 35 : Go
currunt round is : 275
Oppotunistic Trader rolled 2
Oppotunistic Trader moved to square 6 : Go
Conservative Banker rolled 9
Conservative Banker moved to square 9 : Go
Aggressive Invester rolled 6
Aggressive Invester moved to square 32 : Go
Risk Taker rolled 2
Risk Taker moved to square 37 : Go
currunt round is : 276
Oppotunistic Trader rolled 10
Oppotunistic Trader moved to square 16 : Go
Conservative Banker rolled 3
Conservative Banker moved to square 12 : Go
Aggressive Invester rolled 7
Aggressive Invester moved to square 0 : Go
Risk Taker rolled 9
Risk Taker moved to square 7 : Go
currunt round is : 276
Oppotunistic Trader rolled 8
Oppotunistic Trader moved to square 24 : Go
Conservative Banker rolled 6
Conservative Banker moved to square 18 : Go
Aggressive Invester rolled 4
Aggressive Invester moved to square 4 : Go
Risk Taker rolled 3
Risk Taker moved to square 10 : Go
currunt round is : 276
Oppotunistic Trader rolled 10
Oppotunistic Trader moved to square 34 : Go
Conservative Banker rolled 2
Conservative Banker moved to square 20 : Go
Aggressive Invester rolled 11
Aggressive Invester moved to square 15 : Go
Risk Taker rolled 8
Risk Taker moved to square 18 : Go
currunt round is : 276
Oppotunistic Trader rolled 10
Oppotunistic Trader moved to square 5 : Go
Conservative Banker rolled 9
Conservative Banker moved to square 29 : Go
Aggressive Invester rolled 9
Aggressive Invester moved to square 24 : Go
Risk Taker rolled 9
Risk Taker moved to square 27 : Go
currunt round is : 276
Oppotunistic Trader rolled 6
Oppotunistic Trader moved to square 11 : Go
Conservative Banker rolled 5
Conservative Banker moved to square 34 : Go
Aggressive Invester rolled 9
Aggressive Invester moved to square 33 : Go
Risk Taker rolled 10
Risk Taker moved to square 37 : Go
currunt round is : 277
Oppotunistic Trader rolled 5
Oppotunistic Trader moved to square 16 : Go
Conservative Banker rolled 11
Conservative Banker moved to square 6 : Go
Aggressive Invester rolled 4
Aggressive Invester moved to square 37 : Go
Risk Taker rolled 11
Risk Taker moved to square 9 : Go
currunt round is : 277
Oppotunistic Trader rolled 9
Oppotunistic Trader moved to square 25 : Go
Conservative Banker rolled 8
Conservative Banker moved to square 14 : Go
Aggressive Invester rolled 6
Aggressive Invester moved to square 4 : Go
Risk Taker rolled 8
Risk Taker moved to square 17 : Go
currunt round is : 277
Oppotunistic Trader rolled 2
Oppotunistic Trader moved to square 27 : Go
Conservative Banker rolled 8
Conservative Banker moved to square 22 : Go
Aggressive Invester rolled 6
Aggressive Invester moved to square 10 : Go
Risk Taker rolled 10
Risk Taker moved to square 27 : Go
currunt round is : 277
Oppotunistic Trader rolled 9
Oppotunistic Trader moved to square 36 : Go
Conservative Banker rolled 11
Conservative Banker moved to square 33 : Go
Aggressive Invester rolled 4
Aggressive Invester moved to square 14 : Go
Risk Taker rolled 4
Risk Taker moved to square 31 : Go
currunt round is : 277
Oppotunistic Trader rolled 4
Oppotunistic Trader moved to square 1 : Pettah
Conservative Banker rolled 6
Conservative Banker moved to square 0 : Go
Aggressive Invester rolled 4
Aggressive Invester moved to square 18 : Go
Risk Taker rolled 10
Risk Taker moved to square 2 : Go
currunt round is : 277
Oppotunistic Trader rolled 5
Oppotunistic Trader moved to square 6 : Go
Conservative Banker rolled 11
Conservative Banker moved to square 11 : Go
Aggressive Invester rolled 6
Aggressive Invester moved to square 24 : Go
Risk Taker rolled 2
Risk Taker moved to square 4 : Go
currunt round is : 278
Oppotunistic Trader rolled 6
Oppotunistic Trader moved to square 12 : Go
Conservative Banker rolled 11
Conservative Banker moved to square 22 : Go
Aggressive Invester rolled 7
Aggressive Invester moved to square 31 : Go
Risk Taker rolled 10
Risk Taker moved to square 14 : Go
currunt round is : 278
Oppotunistic Trader rolled 2
Oppotunistic Trader moved to square 14 : Go
Conservative Banker rolled 12
Conservative Banker moved to square 34 : Go
Aggressive Invester rolled 7
Aggressive Invester moved to square 38 : Go
Risk Taker rolled 5
Risk Taker moved to square 19 : Go
currunt round is : 278
Oppotunistic Trader rolled 11
Oppotunistic Trader moved to square 25 : Go
Conservative Banker rolled 10
Conservative Banker moved to square 5 : Go
Aggressive Invester rolled 12
Aggressive Invester moved to square 11 : Go
Risk Taker rolled 7
Risk Taker moved to square 26 : Go
currunt round is : 278
Oppotunistic Trader rolled 3
Oppotunistic Trader moved to square 28 : Go
Conservative Banker rolled 5
Conservative Banker moved to square 10 : Go
Aggressive Invester rolled 11
Aggressive Invester moved to square 22 : Go
Risk Taker rolled 12
Risk Taker moved to square 38 : Go
currunt round is : 278
Oppotunistic Trader rolled 10
Oppotunistic Trader moved to square 38 : Go
Conservative Banker rolled 5
Conservative Banker moved to square 15 : Go
Aggressive Invester rolled 7
Aggressive Invester moved to square 29 : Go
Risk Taker rolled 6
Risk Taker moved to square 5 : Go
currunt round is : 278
Oppotunistic Trader rolled 12
Oppotunistic Trader moved to square 11 : Go
Conservative Banker rolled 9
Conservative Banker moved to square 24 : Go
Aggressive Invester rolled 7
Aggressive Invester moved to square 36 : Go
Risk Taker rolled 4
Risk Taker moved to square 9 : Go
currunt round is : 278
Oppotunistic Trader rolled 2
Oppotunistic Trader moved to square 13 : Go
Conservative Banker rolled 7
Conservative Banker moved to square 31 : Go
Aggressive Invester rolled 10
Aggressive Invester moved to square 7 : Go
Risk Taker rolled 3
Risk Taker moved to square 12 : Go
currunt round is : 279
Oppotunistic Trader rolled 5
Oppotunistic Trader moved to square 18 : Go
Conservative Banker rolled 12
Conservative Banker moved to square 4 : Go
Aggressive Invester rolled 3
Aggressive Invester moved to square 10 : Go
Risk Taker rolled 9
Risk Taker moved to square 21 : Go
currunt round is : 279
Oppotunistic Trader rolled 11
Oppotunistic Trader moved to square 29 : Go
Conservative Banker rolled 8
Conservative Banker moved to square 12 : Go
Aggressive Invester rolled 5
Aggressive Invester moved to square 15 : Go
Risk Taker rolled 9
Risk Taker moved to square 30 : Go
currunt round is : 279
Oppotunistic Trader rolled 6
Oppotunistic Trader moved to square 35 : Go
Conservative Banker rolled 8
Conservative Banker moved to square 20 : Go
Aggressive Invester rolled 10
Aggressive Invester moved to square 25 : Go
Risk Taker rolled 4
Risk Taker moved to square 34 : Go
currunt round is : 279
Oppotunistic Trader rolled 3
Oppotunistic Trader moved to square 38 : Go
Conservative Banker rolled 9
Conservative Banker moved to square 29 : Go
Aggressive Invester rolled 7
Aggressive Invester moved to square 32 : Go
Risk Taker rolled 4
Risk Taker moved to square 38 : Go
currunt round is : 279
Oppotunistic Trader rolled 10
Oppotunistic Trader moved to square 9 : Go
Conservative Banker rolled 6
Conservative Banker moved to square 35 : Go
Aggressive Invester rolled 12
Aggressive Invester moved to square 5 : Go
Risk Taker rolled 7
Risk Taker moved to square 6 : Go
currunt round is : 279
Oppotunistic Trader rolled 9
Oppotunistic Trader moved to square 18 : Go
Conservative Banker rolled 6
Conservative Banker moved to square 2 : Go
Aggressive Invester rolled 10
Aggressive Invester moved to square 15 : Go
Risk Taker rolled 8
Risk Taker moved to square 14 : Go
currunt round is : 280
Oppotunistic Trader rolled 11
Oppotunistic Trader moved to square 29 : Go
Conservative Banker rolled 4
Conservative Banker moved to square 6 : Go
Aggressive Invester rolled 8
Aggressive Invester moved to square 23 : Go
Risk Taker rolled 12
Risk Taker moved to square 26 : Go
currunt round is : 280
Oppotunistic Trader rolled 7
Oppotunistic Trader moved to square 36 : Go
Conservative Banker rolled 4
Conservative Banker moved to square 10 : Go
Aggressive Invester rolled 11
Aggressive Invester moved to square 34 : Go
Risk Taker rolled 10
Risk Taker moved to square 36 : Go
currunt round is : 280
Oppotunistic Trader rolled 3
Oppotunistic Trader moved to square 0 : Go
Conservative Banker rolled 2
Conservative Banker moved to square 12 : Go
Aggressive Invester rolled 5
Aggressive Invester moved to square 0 : Go
Risk Taker rolled 10
Risk Taker moved to square 7 : Go
currunt round is : 280
Oppotunistic Trader rolled 6
Oppotunistic Trader moved to square 6 : Go
Conservative Banker rolled 8
Conservative Banker moved to square 20 : Go
Aggressive Invester rolled 6
Aggressive Invester moved to square 6 : Go
Risk Taker rolled 10
Risk Taker moved to square 17 : Go
currunt round is : 280
Oppotunistic Trader rolled 3
Oppotunistic Trader moved to square 9 : Go
Conservative Banker rolled 12
Conservative Banker moved to square 32 : Go
Aggressive Invester rolled 10
Aggressive Invester moved to square 16 : Go
Risk Taker rolled 5
Risk Taker moved to square 22 : Go
currunt round is : 281
Oppotunistic Trader rolled 8
Oppotunistic Trader moved to square 17 : Go
Conservative Banker rolled 5
Conservative Banker moved to square 37 : Go
Aggressive Invester rolled 5
Aggressive Invester moved to square 21 : Go
Risk Taker rolled 4
Risk Taker moved to square 26 : Go
currunt round is : 281
Oppotunistic Trader rolled 7
Oppotunistic Trader moved to square 24 : Go
Conservative Banker rolled 5
Conservative Banker moved to square 3 : Colombo Fort Railway Station
Aggressive Invester rolled 7
Aggressive Invester moved to square 28 : Go
Risk Taker rolled 12
Risk Taker moved to square 38 : Go
currunt round is : 281
Oppotunistic Trader rolled 9
Oppotunistic Trader moved to square 33 : Go
Conservative Banker rolled 4
Conservative Banker moved to square 7 : Go
Aggressive Invester rolled 7
Aggressive Invester moved to square 35 : Go
Risk Taker rolled 8
Risk Taker moved to square 7 : Go
currunt round is : 281
Oppotunistic Trader rolled 4
Oppotunistic Trader moved to square 37 : Go
Conservative Banker rolled 12
Conservative Banker moved to square 19 : Go
Aggressive Invester rolled 5
Aggressive Invester moved to square 1 : Pettah
Risk Taker rolled 9
Risk Taker moved to square 16 : Go
currunt round is : 281
Oppotunistic Trader rolled 3
Oppotunistic Trader moved to square 1 : Pettah
Conservative Banker rolled 3
Conservative Banker moved to square 22 : Go
Aggressive Invester rolled 7
Aggressive Invester moved to square 8 : Go
Risk Taker rolled 2
Risk Taker moved to square 18 : Go
currunt round is : 281
Oppotunistic Trader rolled 12
Oppotunistic Trader moved to square 13 : Go
Conservative Banker rolled 10
Conservative Banker moved to square 32 : Go
Aggressive Invester rolled 9
Aggressive Invester moved to square 17 : Go
Risk Taker rolled 4
Risk Taker moved to square 22 : Go
currunt round is : 282
Oppotunistic Trader rolled 3
Oppotunistic Trader moved to square 16 : Go
Conservative Banker rolled 11
Conservative Banker moved to square 4 : Go
Aggressive Invester rolled 10
Aggressive Invester moved to square 27 : Go
Risk Taker rolled 4
Risk Taker moved to square 26 : Go
currunt round is : 282
Oppotunistic Trader rolled 11
Oppotunistic Trader moved to square 27 : Go
Conservative Banker rolled 8
Conservative Banker moved to square 12 : Go
Aggressive Invester rolled 5
Aggressive Invester moved to square 32 : Go
Risk Taker rolled 4
Risk Taker moved to square 30 : Go
currunt round is : 282
Oppotunistic Trader rolled 11
Oppotunistic Trader moved to square 38 : Go
Conservative Banker rolled 9
Conservative Banker moved to square 21 : Go
Aggressive Invester rolled 6
Aggressive Invester moved to square 38 : Go
Risk Taker rolled 3
Risk Taker moved to square 33 : Go
currunt round is : 282
Oppotunistic Trader rolled 12
Oppotunistic Trader moved to square 11 : Go
Conservative Banker rolled 12
Conservative Banker moved to square 33 : Go
Aggressive Invester rolled 2
Aggressive Invester moved to square 1 : Pettah
Risk Taker rolled 6
Risk Taker moved to square 0 : Go
currunt round is : 282
Oppotunistic Trader rolled 12
Oppotunistic Trader moved to square 23 : Go
Conservative Banker rolled 7
Conservative Banker moved to square 1 : Pettah
Aggressive Invester rolled 10
Aggressive Invester moved to square 11 : Go
Risk Taker rolled 4
Risk Taker moved to square 4 : Go
currunt round is : 283
Oppotunistic Trader rolled 4
Oppotunistic Trader moved to square 27 : Go
Conservative Banker rolled 11
Conservative Banker moved to square 12 : Go
Aggressive Invester rolled 11
Aggressive Invester moved to square 22 : Go
Risk Taker rolled 3
Risk Taker moved to square 7 : Go
currunt round is : 283
Oppotunistic Trader rolled 11
Oppotunistic Trader moved to square 38 : Go
Conservative Banker rolled 3
Conservative Banker moved to square 15 : Go
Aggressive Invester rolled 2
Aggressive Invester moved to square 24 : Go
Risk Taker rolled 10
Risk Taker moved to square 17 : Go
currunt round is : 283
Oppotunistic Trader rolled 9
Oppotunistic Trader moved to square 8 : Go
Conservative Banker rolled 9
Conservative Banker moved to square 24 : Go
Aggressive Invester rolled 10
Aggressive Invester moved to square 34 : Go
Risk Taker rolled 10
Risk Taker moved to square 27 : Go
currunt round is : 283
Oppotunistic Trader rolled 7
Oppotunistic Trader moved to square 15 : Go
Conservative Banker rolled 8
Conservative Banker moved to square 32 : Go
Aggressive Invester rolled 11
Aggressive Invester moved to square 6 : Go
Risk Taker rolled 3
Risk Taker moved to square 30 : Go
currunt round is : 284
Oppotunistic Trader rolled 3
Oppotunistic Trader moved to square 18 : Go
Conservative Banker rolled 3
Conservative Banker moved to square 35 : Go
Aggressive Invester rolled 6
Aggressive Invester moved to square 12 : Go
Risk Taker rolled 10
Risk Taker moved to square 1 : Pettah
currunt round is : 284
Oppotunistic Trader rolled 8
Oppotunistic Trader moved to square 26 : Go
Conservative Banker rolled 8
Conservative Banker moved to square 4 : Go
Aggressive Invester rolled 11
Aggressive Invester moved to square 23 : Go
Risk Taker rolled 5
Risk Taker moved to square 6 : Go
currunt round is : 284
Oppotunistic Trader rolled 5
Oppotunistic Trader moved to square 31 : Go
Conservative Banker rolled 11
Conservative Banker moved to square 15 : Go
Aggressive Invester rolled 10
Aggressive Invester moved to square 33 : Go
Risk Taker rolled 5
Risk Taker moved to square 11 : Go
currunt round is : 284
Oppotunistic Trader rolled 3
Oppotunistic Trader moved to square 34 : Go
Conservative Banker rolled 5
Conservative Banker moved to square 20 : Go
Aggressive Invester rolled 7
Aggressive Invester moved to square 1 : Pettah
Risk Taker rolled 6
Risk Taker moved to square 17 : Go
currunt round is : 284
Oppotunistic Trader rolled 2
Oppotunistic Trader moved to square 36 : Go
Conservative Banker rolled 3
Conservative Banker moved to square 23 : Go
Aggressive Invester rolled 5
Aggressive Invester moved to square 6 : Go
Risk Taker rolled 11
Risk Taker moved to square 28 : Go
currunt round is : 284
Oppotunistic Trader rolled 5
Oppotunistic Trader moved to square 2 : Go
Conservative Banker rolled 5
Conservative Banker moved to square 28 : Go
Aggressive Invester rolled 6
Aggressive Invester moved to square 12 : Go
Risk Taker rolled 10
Risk Taker moved to square 38 : Go
currunt round is : 284
Oppotunistic Trader rolled 10
Oppotunistic Trader moved to square 12 : Go
Conservative Banker rolled 4
Conservative Banker moved to square 32 : Go
Aggressive Invester rolled 6
Aggressive Invester moved to square 18 : Go
Risk Taker rolled 3
Risk Taker moved to square 2 : Go
currunt round is : 285
Oppotunistic Trader rolled 10
Oppotunistic Trader moved to square 22 : Go
Conservative Banker rolled 4
Conservative Banker moved to square 36 : Go
Aggressive Invester rolled 4
Aggressive Invester moved to square 22 : Go
Risk Taker rolled 11
Risk Taker moved to square 13 : Go
currunt round is : 285
Oppotunistic Trader rolled 3
Oppotunistic Trader moved to square 25 : Go
Conservative Banker rolled 6
Conservative Banker moved to square 3 : Colombo Fort Railway Station
Aggressive Invester rolled 8
Aggressive Invester moved to square 30 : Go
Risk Taker rolled 10
Risk Taker moved to square 23 : Go
currunt round is : 285
Oppotunistic Trader rolled 2
Oppotunistic Trader moved to square 27 : Go
Conservative Banker rolled 4
Conservative Banker moved to square 7 : Go
Aggressive Invester rolled 2
Aggressive Invester moved to square 32 : Go
Risk Taker rolled 5
Risk Taker moved to square 28 : Go
currunt round is : 285
Oppotunistic Trader rolled 2
Oppotunistic Trader moved to square 29 : Go
Conservative Banker rolled 8
Conservative Banker moved to square 15 : Go
Aggressive Invester rolled 6
Aggressive Invester moved to square 38 : Go
Risk Taker rolled 3
Risk Taker moved to square 31 : Go
currunt round is : 285
Oppotunistic Trader rolled 10
Oppotunistic Trader moved to square 0 : Go
Conservative Banker rolled 11
Conservative Banker moved to square 26 : Go
Aggressive Invester rolled 5
Aggressive Invester moved to square 4 : Go
Risk Taker rolled 10
Risk Taker moved to square 2 : Go
currunt round is : 285
Oppotunistic Trader rolled 11
Oppotunistic Trader moved to square 11 : Go
Conservative Banker rolled 7
Conservative Banker moved to square 33 : Go
Aggressive Invester rolled 8
Aggressive Invester moved to square 12 : Go
Risk Taker rolled 12
Risk Taker moved to square 14 : Go
currunt round is : 285
Oppotunistic Trader rolled 8
Oppotunistic Trader moved to square 19 : Go
Conservative Banker rolled 10
Conservative Banker moved to square 4 : Go
Aggressive Invester rolled 9
Aggressive Invester moved to square 21 : Go
Risk Taker rolled 6
Risk Taker moved to square 20 : Go
currunt round is : 286
Oppotunistic Trader rolled 12
Oppotunistic Trader moved to square 31 : Go
Conservative Banker rolled 2
Conservative Banker moved to square 6 : Go
Aggressive Invester rolled 5
Aggressive Invester moved to square 26 : Go
Risk Taker rolled 9
Risk Taker moved to square 29 : Go
currunt round is : 286
Oppotunistic Trader rolled 2
Oppotunistic Trader moved to square 33 : Go
Conservative Banker rolled 7
Conservative Banker moved to square 13 : Go
Aggressive Invester rolled 5
Aggressive Invester moved to square 31 : Go
Risk Taker rolled 4
Risk Taker moved to square 33 : Go
currunt round is : 286
Oppotunistic Trader rolled 10
Oppotunistic Trader moved to square 4 : Go
Conservative Banker rolled 9
Conservative Banker moved to square 22 : Go
Aggressive Invester rolled 10
Aggressive Invester moved to square 2 : Go
Risk Taker rolled 10
Risk Taker moved to square 4 : Go
currunt round is : 286
Oppotunistic Trader rolled 11
Oppotunistic Trader moved to square 15 : Go
Conservative Banker rolled 8
Conservative Banker moved to square 30 : Go
Aggressive Invester rolled 11
Aggressive Invester moved to square 13 : Go
Risk Taker rolled 9
Risk Taker moved to square 13 : Go
currunt round is : 287
Oppotunistic Trader rolled 2
Oppotunistic Trader moved to square 17 : Go
Conservative Banker rolled 3
Conservative Banker moved to square 33 : Go
Aggressive Invester rolled 9
Aggressive Invester moved to square 22 : Go
Risk Taker rolled 10
Risk Taker moved to square 23 : Go
currunt round is : 287
Oppotunistic Trader rolled 10
Oppotunistic Trader moved to square 27 : Go
Conservative Banker rolled 10
Conservative Banker moved to square 4 : Go
Aggressive Invester rolled 7
Aggressive Invester moved to square 29 : Go
Risk Taker rolled 8
Risk Taker moved to square 31 : Go
currunt round is : 287
Oppotunistic Trader rolled 4
Oppotunistic Trader moved to square 31 : Go
Conservative Banker rolled 11
Conservative Banker moved to square 15 : Go
Aggressive Invester rolled 7
Aggressive Invester moved to square 36 : Go
Risk Taker rolled 9
Risk Taker moved to square 1 : Pettah
currunt round is : 287
Oppotunistic Trader rolled 8
Oppotunistic Trader moved to square 0 : Go
Conservative Banker rolled 4
Conservative Banker moved to square 19 : Go
Aggressive Invester rolled 11
Aggressive Invester moved to square 8 : Go
Risk Taker rolled 6
Risk Taker moved to square 7 : Go
currunt round is : 287
Oppotunistic Trader rolled 2
Oppotunistic Trader moved to square 2 : Go
Conservative Banker rolled 3
Conservative Banker moved to square 22 : Go
Aggressive Invester rolled 11
Aggressive Invester moved to square 19 : Go
Risk Taker rolled 3
Risk Taker moved to square 10 : Go
currunt round is : 287
Oppotunistic Trader rolled 6
Oppotunistic Trader moved to square 8 : Go
Conservative Banker rolled 2
Conservative Banker moved to square 24 : Go
Aggressive Invester rolled 5
Aggressive Invester moved to square 24 : Go
Risk Taker rolled 3
Risk Taker moved to square 13 : Go
currunt round is : 288
Oppotunistic Trader rolled 9
Oppotunistic Trader moved to square 17 : Go
Conservative Banker rolled 11
Conservative Banker moved to square 35 : Go
Aggressive Invester rolled 9
Aggressive Invester moved to square 33 : Go
Risk Taker rolled 6
Risk Taker moved to square 19 : Go
currunt round is : 288
Oppotunistic Trader rolled 6
Oppotunistic Trader moved to square 23 : Go
Conservative Banker rolled 6
Conservative Banker moved to square 2 : Go
Aggressive Invester rolled 11
Aggressive Invester moved to square 5 : Go
Risk Taker rolled 6
Risk Taker moved to square 25 : Go
currunt round is : 288
Oppotunistic Trader rolled 7
Oppotunistic Trader moved to square 30 : Go
Conservative Banker rolled 5
Conservative Banker moved to square 7 : Go
Aggressive Invester rolled 12
Aggressive Invester moved to square 17 : Go
Risk Taker rolled 4
Risk Taker moved to square 29 : Go
currunt round is : 288
Oppotunistic Trader rolled 3
Oppotunistic Trader moved to square 33 : Go
Conservative Banker rolled 4
Conservative Banker moved to square 11 : Go
Aggressive Invester rolled 11
Aggressive Invester moved to square 28 : Go
Risk Taker rolled 3
Risk Taker moved to square 32 : Go
currunt round is : 288
Oppotunistic Trader rolled 2
Oppotunistic Trader moved to square 35 : Go
Conservative Banker rolled 3
Conservative Banker moved to square 14 : Go
Aggressive Invester rolled 10
Aggressive Invester moved to square 38 : Go
Risk Taker rolled 7
Risk Taker moved to square 0 : Go
currunt round is : 288
Oppotunistic Trader rolled 5
Oppotunistic Trader moved to square 1 : Pettah
Conservative Banker rolled 6
Conservative Banker moved to square 20 : Go
Aggressive Invester rolled 9
Aggressive Invester moved to square 8 : Go
Risk Taker rolled 6
Risk Taker moved to square 6 : Go
currunt round is : 288
Oppotunistic Trader rolled 7
Oppotunistic Trader moved to square 8 : Go
Conservative Banker rolled 7
Conservative Banker moved to square 27 : Go
Aggressive Invester rolled 5
Aggressive Invester moved to square 13 : Go
Risk Taker rolled 10
Risk Taker moved to square 16 : Go
currunt round is : 289
Oppotunistic Trader rolled 5
Oppotunistic Trader moved to square 13 : Go
Conservative Banker rolled 6
Conservative Banker moved to square 33 : Go
Aggressive Invester rolled 11
Aggressive Invester moved to square 24 : Go
Risk Taker rolled 11
Risk Taker moved to square 27 : Go
currunt round is : 289
Oppotunistic Trader rolled 4
Oppotunistic Trader moved to square 17 : Go
Conservative Banker rolled 6
Conservative Banker moved to square 0 : Go
Aggressive Invester rolled 2
Aggressive Invester moved to square 26 : Go
Risk Taker rolled 6
Risk Taker moved to square 33 : Go
currunt round is : 289
Oppotunistic Trader rolled 10
Oppotunistic Trader moved to square 27 : Go
Conservative Banker rolled 11
Conservative Banker moved to square 11 : Go
Aggressive Invester rolled 11
Aggressive Invester moved to square 37 : Go
Risk Taker rolled 4
Risk Taker moved to square 37 : Go
currunt round is : 289
Oppotunistic Trader rolled 4
Oppotunistic Trader moved to square 31 : Go
Conservative Banker rolled 8
Conservative Banker moved to square 19 : Go
Aggressive Invester rolled 4
Aggressive Invester moved to square 2 : Go
Risk Taker rolled 3
Risk Taker moved to square 1 : Pettah
currunt round is : 289
Oppotunistic Trader rolled 11
Oppotunistic Trader moved to square 3 : Colombo Fort Railway Station
Conservative Banker rolled 2
Conservative Banker moved to square 21 : Go
Aggressive Invester rolled 4
Aggressive Invester moved to square 6 : Go
Risk Taker rolled 9
Risk Taker moved to square 10 : Go
currunt round is : 289
Oppotunistic Trader rolled 4
Oppotunistic Trader moved to square 7 : Go
Conservative Banker rolled 11
Conservative Banker moved to square 32 : Go
Aggressive Invester rolled 3
Aggressive Invester moved to square 9 : Go
Risk Taker rolled 5
Risk Taker moved to square 15 : Go
currunt round is : 290
Oppotunistic Trader rolled 4
Oppotunistic Trader moved to square 11 : Go
Conservative Banker rolled 8
Conservative Banker moved to square 1 : Pettah
Aggressive Invester rolled 7
Aggressive Invester moved to square 16 : Go
Risk Taker rolled 8
Risk Taker moved to square 23 : Go
currunt round is : 290
Oppotunistic Trader rolled 12
Oppotunistic Trader moved to square 23 : Go
Conservative Banker rolled 8
Conservative Banker moved to square 9 : Go
Aggressive Invester rolled 5
Aggressive Invester moved to square 21 : Go
Risk Taker rolled 4
Risk Taker moved to square 27 : Go
currunt round is : 290
Oppotunistic Trader rolled 12
Oppotunistic Trader moved to square 35 : Go
Conservative Banker rolled 12
Conservative Banker moved to square 21 : Go
Aggressive Invester rolled 2
Aggressive Invester moved to square 23 : Go
Risk Taker rolled 3
Risk Taker moved to square 30 : Go
currunt round is : 290
Oppotunistic Trader rolled 5
Oppotunistic Trader moved to square 1 : Pettah
Conservative Banker rolled 2
Conservative Banker moved to square 23 : Go
Aggressive Invester rolled 8
Aggressive Invester moved to square 31 : Go
Risk Taker rolled 2
Risk Taker moved to square 32 : Go
currunt round is : 290
Oppotunistic Trader rolled 10
Oppotunistic Trader moved to square 11 : Go
Conservative Banker rolled 4
Conservative Banker moved to square 27 : Go
Aggressive Invester rolled 2
Aggressive Invester moved to square 33 : Go
Risk Taker rolled 10
Risk Taker moved to square 3 : Colombo Fort Railway Station
currunt round is : 291
Oppotunistic Trader rolled 10
Oppotunistic Trader moved to square 21 : Go
Conservative Banker rolled 5
Conservative Banker moved to square 32 : Go
Aggressive Invester rolled 11
Aggressive Invester moved to square 5 : Go
Risk Taker rolled 8
Risk Taker moved to square 11 : Go
currunt round is : 291
Oppotunistic Trader rolled 5
Oppotunistic Trader moved to square 26 : Go
Conservative Banker rolled 2
Conservative Banker moved to square 34 : Go
Aggressive Invester rolled 5
Aggressive Invester moved to square 10 : Go
Risk Taker rolled 5
Risk Taker moved to square 16 : Go
currunt round is : 291
Oppotunistic Trader rolled 11
Oppotunistic Trader moved to square 37 : Go
Conservative Banker rolled 4
Conservative Banker moved to square 38 : Go
Aggressive Invester rolled 7
Aggressive Invester moved to square 17 : Go
Risk Taker rolled 3
Risk Taker moved to square 19 : Go
currunt round is : 291
Oppotunistic Trader rolled 9
Oppotunistic Trader moved to square 7 : Go
Conservative Banker rolled 10
Conservative Banker moved to square 9 : Go
Aggressive Invester rolled 9
Aggressive Invester moved to square 26 : Go
Risk Taker rolled 8
Risk Taker moved to square 27 : Go
currunt round is : 291
Oppotunistic Trader rolled 6
Oppotunistic Trader moved to square 13 : Go
Conservative Banker rolled 10
Conservative Banker moved to square 19 : Go
Aggressive Invester rolled 8
Aggressive Invester moved to square 34 : Go
Risk Taker rolled 5
Risk Taker moved to square 32 : Go
currunt round is : 292
Oppotunistic Trader rolled 9
Oppotunistic Trader moved to square 22 : Go
Conservative Banker rolled 9
Conservative Banker moved to square 28 : Go
Aggressive Invester rolled 5
Aggressive Invester moved to square 0 : Go
Risk Taker rolled 2
Risk Taker moved to square 34 : Go
currunt round is : 292
Oppotunistic Trader rolled 7
Oppotunistic Trader moved to square 29 : Go
Conservative Banker rolled 9
Conservative Banker moved to square 37 : Go
Aggressive Invester rolled 2
Aggressive Invester moved to square 2 : Go
Risk Taker rolled 4
Risk Taker moved to square 38 : Go
currunt round is : 292
Oppotunistic Trader rolled 11
Oppotunistic Trader moved to square 1 : Pettah
Conservative Banker rolled 12
Conservative Banker moved to square 10 : Go
Aggressive Invester rolled 12
Aggressive Invester moved to square 14 : Go
Risk Taker rolled 6
Risk Taker moved to square 5 : Go
currunt round is : 292
Oppotunistic Trader rolled 4
Oppotunistic Trader moved to square 5 : Go
Conservative Banker rolled 10
Conservative Banker moved to square 20 : Go
Aggressive Invester rolled 11
Aggressive Invester moved to square 25 : Go
Risk Taker rolled 5
Risk Taker moved to square 10 : Go
currunt round is : 293
Oppotunistic Trader rolled 9
Oppotunistic Trader moved to square 14 : Go
Conservative Banker rolled 12
Conservative Banker moved to square 32 : Go
Aggressive Invester rolled 7
Aggressive Invester moved to square 32 : Go
Risk Taker rolled 7
Risk Taker moved to square 17 : Go
currunt round is : 293
Oppotunistic Trader rolled 12
Oppotunistic Trader moved to square 26 : Go
Conservative Banker rolled 12
Conservative Banker moved to square 5 : Go
Aggressive Invester rolled 6
Aggressive Invester moved to square 38 : Go
Risk Taker rolled 8
Risk Taker moved to square 25 : Go
currunt round is : 293
Oppotunistic Trader rolled 7
Oppotunistic Trader moved to square 33 : Go
Conservative Banker rolled 11
Conservative Banker moved to square 16 : Go
Aggressive Invester rolled 12
Aggressive Invester moved to square 11 : Go
Risk Taker rolled 9
Risk Taker moved to square 34 : Go
currunt round is : 293
Oppotunistic Trader rolled 8
Oppotunistic Trader moved to square 2 : Go
Conservative Banker rolled 8
Conservative Banker moved to square 24 : Go
Aggressive Invester rolled 11
Aggressive Invester moved to square 22 : Go
Risk Taker rolled 5
Risk Taker moved to square 0 : Go
currunt round is : 293
Oppotunistic Trader rolled 4
Oppotunistic Trader moved to square 6 : Go
Conservative Banker rolled 3
Conservative Banker moved to square 27 : Go
Aggressive Invester rolled 3
Aggressive Invester moved to square 25 : Go
Risk Taker rolled 7
Risk Taker moved to square 7 : Go
currunt round is : 294
Oppotunistic Trader rolled 10
Oppotunistic Trader moved to square 16 : Go
Conservative Banker rolled 12
Conservative Banker moved to square 0 : Go
Aggressive Invester rolled 10
Aggressive Invester moved to square 35 : Go
Risk Taker rolled 6
Risk Taker moved to square 13 : Go
currunt round is : 294
Oppotunistic Trader rolled 11
Oppotunistic Trader moved to square 27 : Go
Conservative Banker rolled 7
Conservative Banker moved to square 7 : Go
Aggressive Invester rolled 8
Aggressive Invester moved to square 4 : Go
Risk Taker rolled 2
Risk Taker moved to square 15 : Go
currunt round is : 294
Oppotunistic Trader rolled 3
Oppotunistic Trader moved to square 30 : Go
Conservative Banker rolled 6
Conservative Banker moved to square 13 : Go
Aggressive Invester rolled 6
Aggressive Invester moved to square 10 : Go
Risk Taker rolled 10
Risk Taker moved to square 25 : Go
currunt round is : 294
Oppotunistic Trader rolled 5
Oppotunistic Trader moved to square 35 : Go
Conservative Banker rolled 11
Conservative Banker moved to square 24 : Go
Aggressive Invester rolled 2
Aggressive Invester moved to square 12 : Go
Risk Taker rolled 5
Risk Taker moved to square 30 : Go
currunt round is : 294
Oppotunistic Trader rolled 8
Oppotunistic Trader moved to square 4 : Go
Conservative Banker rolled 7
Conservative Banker moved to square 31 : Go
Aggressive Invester rolled 9
Aggressive Invester moved to square 21 : Go
Risk Taker rolled 11
Risk Taker moved to square 2 : Go
currunt round is : 294
Oppotunistic Trader rolled 3
Oppotunistic Trader moved to square 7 : Go
Conservative Banker rolled 9
Conservative Banker moved to square 1 : Pettah
Aggressive Invester rolled 8
Aggressive Invester moved to square 29 : Go
Risk Taker rolled 10
Risk Taker moved to square 12 : Go
currunt round is : 295
Oppotunistic Trader rolled 4
Oppotunistic Trader moved to square 11 : Go
Conservative Banker rolled 6
Conservative Banker moved to square 7 : Go
Aggressive Invester rolled 11
Aggressive Invester moved to square 1 : Pettah
Risk Taker rolled 4
Risk Taker moved to square 16 : Go
currunt round is : 295
Oppotunistic Trader rolled 7
Oppotunistic Trader moved to square 18 : Go
Conservative Banker rolled 12
Conservative Banker moved to square 19 : Go
Aggressive Invester rolled 9
Aggressive Invester moved to square 10 : Go
Risk Taker rolled 2
Risk Taker moved to square 18 : Go
currunt round is : 295
Oppotunistic Trader rolled 11
Oppotunistic Trader moved to square 29 : Go
Conservative Banker rolled 4
Conservative Banker moved to square 23 : Go
Aggressive Invester rolled 4
Aggressive Invester moved to square 14 : Go
Risk Taker rolled 10
Risk Taker moved to square 28 : Go
currunt round is : 295
Oppotunistic Trader rolled 10
Oppotunistic Trader moved to square 0 : Go
Conservative Banker rolled 10
Conservative Banker moved to square 33 : Go
Aggressive Invester rolled 8
Aggressive Invester moved to square 22 : Go
Risk Taker rolled 9
Risk Taker moved to square 37 : Go
currunt round is : 295
Oppotunistic Trader rolled 4
Oppotunistic Trader moved to square 4 : Go
Conservative Banker rolled 12
Conservative Banker moved to square 6 : Go
Aggressive Invester rolled 6
Aggressive Invester moved to square 28 : Go
Risk Taker rolled 5
Risk Taker moved to square 3 : Colombo Fort Railway Station
currunt round is : 295
Oppotunistic Trader rolled 8
Oppotunistic Trader moved to square 12 : Go
Conservative Banker rolled 6
Conservative Banker moved to square 12 : Go
Aggressive Invester rolled 6
Aggressive Invester moved to square 34 : Go
Risk Taker rolled 12
Risk Taker moved to square 15 : Go
currunt round is : 296
Oppotunistic Trader rolled 9
Oppotunistic Trader moved to square 21 : Go
Conservative Banker rolled 3
Conservative Banker moved to square 15 : Go
Aggressive Invester rolled 11
Aggressive Invester moved to square 6 : Go
Risk Taker rolled 9
Risk Taker moved to square 24 : Go
currunt round is : 296
Oppotunistic Trader rolled 8
Oppotunistic Trader moved to square 29 : Go
Conservative Banker rolled 6
Conservative Banker moved to square 21 : Go
Aggressive Invester rolled 6
Aggressive Invester moved to square 12 : Go
Risk Taker rolled 8
Risk Taker moved to square 32 : Go
currunt round is : 296
Oppotunistic Trader rolled 10
Oppotunistic Trader moved to square 0 : Go
Conservative Banker rolled 2
Conservative Banker moved to square 23 : Go
Aggressive Invester rolled 10
Aggressive Invester moved to square 22 : Go
Risk Taker rolled 2
Risk Taker moved to square 34 : Go
currunt round is : 296
Oppotunistic Trader rolled 10
Oppotunistic Trader moved to square 10 : Go
Conservative Banker rolled 4
Conservative Banker moved to square 27 : Go
Aggressive Invester rolled 11
Aggressive Invester moved to square 33 : Go
Risk Taker rolled 8
Risk Taker moved to square 3 : Colombo Fort Railway Station
currunt round is : 296
Oppotunistic Trader rolled 5
Oppotunistic Trader moved to square 15 : Go
Conservative Banker rolled 2
Conservative Banker moved to square 29 : Go
Aggressive Invester rolled 3
Aggressive Invester moved to square 36 : Go
Risk Taker rolled 11
Risk Taker moved to square 14 : Go
currunt round is : 297
Oppotunistic Trader rolled 10
Oppotunistic Trader moved to square 25 : Go
Conservative Banker rolled 10
Conservative Banker moved to square 0 : Go
Aggressive Invester rolled 7
Aggressive Invester moved to square 4 : Go
Risk Taker rolled 12
Risk Taker moved to square 26 : Go
currunt round is : 297
Oppotunistic Trader rolled 7
Oppotunistic Trader moved to square 32 : Go
Conservative Banker rolled 11
Conservative Banker moved to square 11 : Go
Aggressive Invester rolled 5
Aggressive Invester moved to square 9 : Go
Risk Taker rolled 12
Risk Taker moved to square 38 : Go
currunt round is : 297
Oppotunistic Trader rolled 2
Oppotunistic Trader moved to square 34 : Go
Conservative Banker rolled 9
Conservative Banker moved to square 20 : Go
Aggressive Invester rolled 11
Aggressive Invester moved to square 20 : Go
Risk Taker rolled 8
Risk Taker moved to square 7 : Go
currunt round is : 297
Oppotunistic Trader rolled 8
Oppotunistic Trader moved to square 3 : Colombo Fort Railway Station
Conservative Banker rolled 9
Conservative Banker moved to square 29 : Go
Aggressive Invester rolled 4
Aggressive Invester moved to square 24 : Go
Risk Taker rolled 3
Risk Taker moved to square 10 : Go
currunt round is : 297
Oppotunistic Trader rolled 11
Oppotunistic Trader moved to square 14 : Go
Conservative Banker rolled 6
Conservative Banker moved to square 35 : Go
Aggressive Invester rolled 7
Aggressive Invester moved to square 31 : Go
Risk Taker rolled 6
Risk Taker moved to square 16 : Go
currunt round is : 298
Oppotunistic Trader rolled 4
Oppotunistic Trader moved to square 18 : Go
Conservative Banker rolled 2
Conservative Banker moved to square 37 : Go
Aggressive Invester rolled 4
Aggressive Invester moved to square 35 : Go
Risk Taker rolled 12
Risk Taker moved to square 28 : Go
currunt round is : 298
Oppotunistic Trader rolled 3
Oppotunistic Trader moved to square 21 : Go
Conservative Banker rolled 2
Conservative Banker moved to square 0 : Go
Aggressive Invester rolled 5
Aggressive Invester moved to square 1 : Pettah
Risk Taker rolled 6
Risk Taker moved to square 34 : Go
currunt round is : 298
Oppotunistic Trader rolled 2
Oppotunistic Trader moved to square 23 : Go
Conservative Banker rolled 7
Conservative Banker moved to square 7 : Go
Aggressive Invester rolled 4
Aggressive Invester moved to square 5 : Go
Risk Taker rolled 11
Risk Taker moved to square 6 : Go
currunt round is : 298
Oppotunistic Trader rolled 2
Oppotunistic Trader moved to square 25 : Go
Conservative Banker rolled 9
Conservative Banker moved to square 16 : Go
Aggressive Invester rolled 8
Aggressive Invester moved to square 13 : Go
Risk Taker rolled 7
Risk Taker moved to square 13 : Go
currunt round is : 298
Oppotunistic Trader rolled 5
Oppotunistic Trader moved to square 30 : Go
Conservative Banker rolled 9
Conservative Banker moved to square 25 : Go
Aggressive Invester rolled 6
Aggressive Invester moved to square 19 : Go
Risk Taker rolled 3
Risk Taker moved to square 16 : Go
currunt round is : 298
Oppotunistic Trader rolled 4
Oppotunistic Trader moved to square 34 : Go
Conservative Banker rolled 3
Conservative Banker moved to square 28 : Go
Aggressive Invester rolled 7
Aggressive Invester moved to square 26 : Go
Risk Taker rolled 10
Risk Taker moved to square 26 : Go
currunt round is : 298
Oppotunistic Trader rolled 10
Oppotunistic Trader moved to square 5 : Go
Conservative Banker rolled 7
Conservative Banker moved to square 35 : Go
Aggressive Invester rolled 10
Aggressive Invester moved to square 36 : Go
Risk Taker rolled 7
Risk Taker moved to square 33 : Go
currunt round is : 298
Oppotunistic Trader rolled 9
Oppotunistic Trader moved to square 14 : Go
Conservative Banker rolled 2
Conservative Banker moved to square 37 : Go
Aggressive Invester rolled 11
Aggressive Invester moved to square 8 : Go
Risk Taker rolled 11
Risk Taker moved to square 5 : Go
currunt round is : 299
Oppotunistic Trader rolled 3
Oppotunistic Trader moved to square 17 : Go
Conservative Banker rolled 3
Conservative Banker moved to square 1 : Pettah
Aggressive Invester rolled 10
Aggressive Invester moved to square 18 : Go
Risk Taker rolled 4
Risk Taker moved to square 9 : Go
currunt round is : 299
Oppotunistic Trader rolled 3
Oppotunistic Trader moved to square 20 : Go
Conservative Banker rolled 12
Conservative Banker moved to square 13 : Go
Aggressive Invester rolled 8
Aggressive Invester moved to square 26 : Go
Risk Taker rolled 2
Risk Taker moved to square 11 : Go
currunt round is : 299
Oppotunistic Trader rolled 6
Oppotunistic Trader moved to square 26 : Go
Conservative Banker rolled 8
Conservative Banker moved to square 21 : Go
Aggressive Invester rolled 9
Aggressive Invester moved to square 35 : Go
Risk Taker rolled 4
Risk Taker moved to square 15 : Go
currunt round is : 299
Oppotunistic Trader rolled 4
Oppotunistic Trader moved to square 30 : Go
Conservative Banker rolled 2
Conservative Banker moved to square 23 : Go
Aggressive Invester rolled 9
Aggressive Invester moved to square 5 : Go
Risk Taker rolled 5
Risk Taker moved to square 20 : Go
currunt round is : 299
Oppotunistic Trader rolled 10
Oppotunistic Trader moved to square 1 : Pettah
Conservative Banker rolled 12
Conservative Banker moved to square 35 : Go
Aggressive Invester rolled 4
Aggressive Invester moved to square 9 : Go
Risk Taker rolled 12
Risk Taker moved to square 32 : Go
currunt round is : 299
Oppotunistic Trader rolled 11
Oppotunistic Trader moved to square 12 : Go
Conservative Banker rolled 10
Conservative Banker moved to square 6 : Go
Aggressive Invester rolled 7
Aggressive Invester moved to square 16 : Go
Risk Taker rolled 8
Risk Taker moved to square 1 : Pettah
currunt round is : 300
Oppotunistic Trader rolled 2
Oppotunistic Trader moved to square 14 : Go
Conservative Banker rolled 2
Conservative Banker moved to square 8 : Go
Aggressive Invester rolled 11
Aggressive Invester moved to square 27 : Go
Risk Taker rolled 10
Risk Taker moved to square 11 : Go
currunt round is : 300
Oppotunistic Trader rolled 3
Oppotunistic Trader moved to square 17 : Go
Conservative Banker rolled 10
Conservative Banker moved to square 18 : Go
Aggressive Invester rolled 8
Aggressive Invester moved to square 35 : Go
Risk Taker rolled 2
Risk Taker moved to square 13 : Go
currunt round is : 300
Oppotunistic Trader rolled 11
Oppotunistic Trader moved to square 28 : Go
Conservative Banker rolled 4
Conservative Banker moved to square 22 : Go
Aggressive Invester rolled 4
Aggressive Invester moved to square 0 : Go
Risk Taker rolled 10
Risk Taker moved to square 23 : Go
currunt round is : 300
Oppotunistic Trader rolled 3
Oppotunistic Trader moved to square 31 : Go
Conservative Banker rolled 8
Conservative Banker moved to square 30 : Go
Aggressive Invester rolled 8
Aggressive Invester moved to square 8 : Go
Risk Taker rolled 5
Risk Taker moved to square 28 : Go
currunt round is : 300
Oppotunistic Trader rolled 3
Oppotunistic Trader moved to square 34 : Go
Conservative Banker rolled 4
Conservative Banker moved to square 34 : Go
Aggressive Invester rolled 7
Aggressive Invester moved to square 15 : Go
Risk Taker rolled 3
Risk Taker moved to square 31 : Go
currunt round is : 300
Oppotunistic Trader rolled 5
Oppotunistic Trader moved to square 0 : Go
Conservative Banker rolled 12
Conservative Banker moved to square 7 : Go
Aggressive Invester rolled 6
Aggressive Invester moved to square 21 : Go
Risk Taker rolled 2
Risk Taker moved to square 33 : Go
currunt round is : 300
Oppotunistic Trader rolled 9
Oppotunistic Trader moved to square 9 : Go
Conservative Banker rolled 6
Conservative Banker moved to square 13 : Go
Aggressive Invester rolled 10
Aggressive Invester moved to square 31 : Go
Risk Taker rolled 7
Risk Taker moved to square 1 : Pettah
currunt round is : 300
Oppotunistic Trader rolled 12
Oppotunistic Trader moved to square 21 : Go
Conservative Banker rolled 2
Conservative Banker moved to square 15 : Go
Aggressive Invester rolled 12
Aggressive Invester moved to square 4 : Go
Risk Taker rolled 2
Risk Taker moved to square 3 : Colombo Fort Railway Station
currunt round is : 301
Oppotunistic Trader rolled 12
Oppotunistic Trader moved to square 33 : Go
Conservative Banker rolled 10
Conservative Banker moved to square 25 : Go
Aggressive Invester rolled 10
Aggressive Invester moved to square 14 : Go
Risk Taker rolled 2
Risk Taker moved to square 5 : Go
currunt round is : 301
Oppotunistic Trader rolled 7
Oppotunistic Trader moved to square 1 : Pettah
Conservative Banker rolled 3
Conservative Banker moved to square 28 : Go
Aggressive Invester rolled 2
Aggressive Invester moved to square 16 : Go
Risk Taker rolled 3
Risk Taker moved to square 8 : Go
currunt round is : 301
Oppotunistic Trader rolled 5
Oppotunistic Trader moved to square 6 : Go
Conservative Banker rolled 2
Conservative Banker moved to square 30 : Go
Aggressive Invester rolled 10
Aggressive Invester moved to square 26 : Go
Risk Taker rolled 4
Risk Taker moved to square 12 : Go
currunt round is : 302
Oppotunistic Trader rolled 8
Oppotunistic Trader moved to square 14 : Go
Conservative Banker rolled 5
Conservative Banker moved to square 35 : Go
Aggressive Invester rolled 5
Aggressive Invester moved to square 31 : Go
Risk Taker rolled 9
Risk Taker moved to square 21 : Go
currunt round is : 302
Oppotunistic Trader rolled 8
Oppotunistic Trader moved to square 22 : Go
Conservative Banker rolled 8
Conservative Banker moved to square 4 : Go
Aggressive Invester rolled 10
Aggressive Invester moved to square 2 : Go
Risk Taker rolled 9
Risk Taker moved to square 30 : Go
currunt round is : 302
Oppotunistic Trader rolled 8
Oppotunistic Trader moved to square 30 : Go
Conservative Banker rolled 12
Conservative Banker moved to square 16 : Go
Aggressive Invester rolled 7
Aggressive Invester moved to square 9 : Go
Risk Taker rolled 2
Risk Taker moved to square 32 : Go
currunt round is : 302
Oppotunistic Trader rolled 5
Oppotunistic Trader moved to square 35 : Go
Conservative Banker rolled 4
Conservative Banker moved to square 20 : Go
Aggressive Invester rolled 8
Aggressive Invester moved to square 17 : Go
Risk Taker rolled 5
Risk Taker moved to square 37 : Go
currunt round is : 302
Oppotunistic Trader rolled 2
Oppotunistic Trader moved to square 37 : Go
Conservative Banker rolled 5
Conservative Banker moved to square 25 : Go
Aggressive Invester rolled 3
Aggressive Invester moved to square 20 : Go
Risk Taker rolled 12
Risk Taker moved to square 10 : Go
currunt round is : 302
Oppotunistic Trader rolled 2
Oppotunistic Trader moved to square 0 : Go
Conservative Banker rolled 11
Conservative Banker moved to square 36 : Go
Aggressive Invester rolled 10
Aggressive Invester moved to square 30 : Go
Risk Taker rolled 6
Risk Taker moved to square 16 : Go
currunt round is : 302
Oppotunistic Trader rolled 12
Oppotunistic Trader moved to square 12 : Go
Conservative Banker rolled 8
Conservative Banker moved to square 5 : Go
Aggressive Invester rolled 7
Aggressive Invester moved to square 37 : Go
Risk Taker rolled 3
Risk Taker moved to square 19 : Go
currunt round is : 302
Oppotunistic Trader rolled 8
Oppotunistic Trader moved to square 20 : Go
Conservative Banker rolled 2
Conservative Banker moved to square 7 : Go
Aggressive Invester rolled 3
Aggressive Invester moved to square 1 : Pettah
Risk Taker rolled 3
Risk Taker moved to square 22 : Go
currunt round is : 303
Oppotunistic Trader rolled 6
Oppotunistic Trader moved to square 26 : Go
Conservative Banker rolled 7
Conservative Banker moved to square 14 : Go
Aggressive Invester rolled 8
Aggressive Invester moved to square 9 : Go
Risk Taker rolled 10
Risk Taker moved to square 32 : Go
currunt round is : 303
Oppotunistic Trader rolled 11
Oppotunistic Trader moved to square 37 : Go
Conservative Banker rolled 3
Conservative Banker moved to square 17 : Go
Aggressive Invester rolled 6
Aggressive Invester moved to square 15 : Go
Risk Taker rolled 6
Risk Taker moved to square 38 : Go
currunt round is : 303
Oppotunistic Trader rolled 2
Oppotunistic Trader moved to square 0 : Go
Conservative Banker rolled 9
Conservative Banker moved to square 26 : Go
Aggressive Invester rolled 5
Aggressive Invester moved to square 20 : Go
Risk Taker rolled 4
Risk Taker moved to square 3 : Colombo Fort Railway Station
currunt round is : 303
Oppotunistic Trader rolled 9
Oppotunistic Trader moved to square 9 : Go
Conservative Banker rolled 11
Conservative Banker moved to square 37 : Go
Aggressive Invester rolled 5
Aggressive Invester moved to square 25 : Go
Risk Taker rolled 9
Risk Taker moved to square 12 : Go
currunt round is : 303
Oppotunistic Trader rolled 3
Oppotunistic Trader moved to square 12 : Go
Conservative Banker rolled 6
Conservative Banker moved to square 4 : Go
Aggressive Invester rolled 7
Aggressive Invester moved to square 32 : Go
Risk Taker rolled 12
Risk Taker moved to square 24 : Go
currunt round is : 304
Oppotunistic Trader rolled 2
Oppotunistic Trader moved to square 14 : Go
Conservative Banker rolled 4
Conservative Banker moved to square 8 : Go
Aggressive Invester rolled 5
Aggressive Invester moved to square 37 : Go
Risk Taker rolled 12
Risk Taker moved to square 36 : Go
currunt round is : 304
Oppotunistic Trader rolled 11
Oppotunistic Trader moved to square 25 : Go
Conservative Banker rolled 9
Conservative Banker moved to square 17 : Go
Aggressive Invester rolled 11
Aggressive Invester moved to square 9 : Go
Risk Taker rolled 4
Risk Taker moved to square 1 : Pettah
currunt round is : 304
Oppotunistic Trader rolled 9
Oppotunistic Trader moved to square 34 : Go
Conservative Banker rolled 2
Conservative Banker moved to square 19 : Go
Aggressive Invester rolled 4
Aggressive Invester moved to square 13 : Go
Risk Taker rolled 11
Risk Taker moved to square 12 : Go
currunt round is : 304
Oppotunistic Trader rolled 5
Oppotunistic Trader moved to square 0 : Go
Conservative Banker rolled 8
Conservative Banker moved to square 27 : Go
Aggressive Invester rolled 8
Aggressive Invester moved to square 21 : Go
Risk Taker rolled 3
Risk Taker moved to square 15 : Go
currunt round is : 304
Oppotunistic Trader rolled 10
Oppotunistic Trader moved to square 10 : Go
Conservative Banker rolled 10
Conservative Banker moved to square 37 : Go
Aggressive Invester rolled 6
Aggressive Invester moved to square 27 : Go
Risk Taker rolled 8
Risk Taker moved to square 23 : Go
currunt round is : 304
Oppotunistic Trader rolled 6
Oppotunistic Trader moved to square 16 : Go
Conservative Banker rolled 9
Conservative Banker moved to square 7 : Go
Aggressive Invester rolled 8
Aggressive Invester moved to square 35 : Go
Risk Taker rolled 2
Risk Taker moved to square 25 : Go
currunt round is : 305
Oppotunistic Trader rolled 5
Oppotunistic Trader moved to square 21 : Go
Conservative Banker rolled 11
Conservative Banker moved to square 18 : Go
Aggressive Invester rolled 8
Aggressive Invester moved to square 4 : Go
Risk Taker rolled 4
Risk Taker moved to square 29 : Go
currunt round is : 305
Oppotunistic Trader rolled 2
Oppotunistic Trader moved to square 23 : Go
Conservative Banker rolled 2
Conservative Banker moved to square 20 : Go
Aggressive Invester rolled 3
Aggressive Invester moved to square 7 : Go
Risk Taker rolled 2
Risk Taker moved to square 31 : Go
currunt round is : 305
Oppotunistic Trader rolled 4
Oppotunistic Trader moved to square 27 : Go
Conservative Banker rolled 7
Conservative Banker moved to square 27 : Go
Aggressive Invester rolled 11
Aggressive Invester moved to square 18 : Go
Risk Taker rolled 11
Risk Taker moved to square 3 : Colombo Fort Railway Station
currunt round is : 305
Oppotunistic Trader rolled 12
Oppotunistic Trader moved to square 0 : Go
Conservative Banker rolled 9
Conservative Banker moved to square 36 : Go
Aggressive Invester rolled 12
Aggressive Invester moved to square 30 : Go
Risk Taker rolled 8
Risk Taker moved to square 11 : Go
currunt round is : 305
Oppotunistic Trader rolled 7
Oppotunistic Trader moved to square 7 : Go
Conservative Banker rolled 3
Conservative Banker moved to square 0 : Go
Aggressive Invester rolled 7
Aggressive Invester moved to square 37 : Go
Risk Taker rolled 8
Risk Taker moved to square 19 : Go
currunt round is : 305
Oppotunistic Trader rolled 9
Oppotunistic Trader moved to square 16 : Go
Conservative Banker rolled 11
Conservative Banker moved to square 11 : Go
Aggressive Invester rolled 10
Aggressive Invester moved to square 8 : Go
Risk Taker rolled 4
Risk Taker moved to square 23 : Go
currunt round is : 306
Oppotunistic Trader rolled 7
Oppotunistic Trader moved to square 23 : Go
Conservative Banker rolled 12
Conservative Banker moved to square 23 : Go
Aggressive Invester rolled 11
Aggressive Invester moved to square 19 : Go
Risk Taker rolled 11
Risk Taker moved to square 34 : Go
currunt round is : 306
Oppotunistic Trader rolled 6
Oppotunistic Trader moved to square 29 : Go
Conservative Banker rolled 6
Conservative Banker moved to square 29 : Go
Aggressive Invester rolled 10
Aggressive Invester moved to square 29 : Go
Risk Taker rolled 9
Risk Taker moved to square 4 : Go
currunt round is : 306
Oppotunistic Trader rolled 3
Oppotunistic Trader moved to square 32 : Go
Conservative Banker rolled 5
Conservative Banker moved to square 34 : Go
Aggressive Invester rolled 11
Aggressive Invester moved to square 1 : Pettah
Risk Taker rolled 3
Risk Taker moved to square 7 : Go
currunt round is : 306
Oppotunistic Trader rolled 5
Oppotunistic Trader moved to square 37 : Go
Conservative Banker rolled 10
Conservative Banker moved to square 5 : Go
Aggressive Invester rolled 2
Aggressive Invester moved to square 3 : Colombo Fort Railway Station
Risk Taker rolled 5
Risk Taker moved to square 12 : Go
currunt round is : 306
Oppotunistic Trader rolled 4
Oppotunistic Trader moved to square 2 : Go
Conservative Banker rolled 9
Conservative Banker moved to square 14 : Go
Aggressive Invester rolled 2
Aggressive Invester moved to square 5 : Go
Risk Taker rolled 3
Risk Taker moved to square 15 : Go
currunt round is : 306
Oppotunistic Trader rolled 3
Oppotunistic Trader moved to square 5 : Go
Conservative Banker rolled 12
Conservative Banker moved to square 26 : Go
Aggressive Invester rolled 8
Aggressive Invester moved to square 13 : Go
Risk Taker rolled 9
Risk Taker moved to square 24 : Go
currunt round is : 307
Oppotunistic Trader rolled 11
Oppotunistic Trader moved to square 16 : Go
Conservative Banker rolled 11
Conservative Banker moved to square 37 : Go
Aggressive Invester rolled 2
Aggressive Invester moved to square 15 : Go
Risk Taker rolled 5
Risk Taker moved to square 29 : Go
currunt round is : 307
Oppotunistic Trader rolled 9
Oppotunistic Trader moved to square 25 : Go
Conservative Banker rolled 8
Conservative Banker moved to square 6 : Go
Aggressive Invester rolled 8
Aggressive Invester moved to square 23 : Go
Risk Taker rolled 3
Risk Taker moved to square 32 : Go
currunt round is : 307
Oppotunistic Trader rolled 7
Oppotunistic Trader moved to square 32 : Go
Conservative Banker rolled 4
Conservative Banker moved to square 10 : Go
Aggressive Invester rolled 11
Aggressive Invester moved to square 34 : Go
Risk Taker rolled 11
Risk Taker moved to square 4 : Go
currunt round is : 307
Oppotunistic Trader rolled 8
Oppotunistic Trader moved to square 1 : Pettah
Conservative Banker rolled 8
Conservative Banker moved to square 18 : Go
Aggressive Invester rolled 5
Aggressive Invester moved to square 0 : Go
Risk Taker rolled 7
Risk Taker moved to square 11 : Go
currunt round is : 307
Oppotunistic Trader rolled 9
Oppotunistic Trader moved to square 10 : Go
Conservative Banker rolled 3
Conservative Banker moved to square 21 : Go
Aggressive Invester rolled 9
Aggressive Invester moved to square 9 : Go
Risk Taker rolled 12
Risk Taker moved to square 23 : Go
currunt round is : 308
Oppotunistic Trader rolled 10
Oppotunistic Trader moved to square 20 : Go
Conservative Banker rolled 7
Conservative Banker moved to square 28 : Go
Aggressive Invester rolled 4
Aggressive Invester moved to square 13 : Go
Risk Taker rolled 10
Risk Taker moved to square 33 : Go
currunt round is : 308
Oppotunistic Trader rolled 3
Oppotunistic Trader moved to square 23 : Go
Conservative Banker rolled 2
Conservative Banker moved to square 30 : Go
Aggressive Invester rolled 12
Aggressive Invester moved to square 25 : Go
Risk Taker rolled 4
Risk Taker moved to square 37 : Go
currunt round is : 308
Oppotunistic Trader rolled 12
Oppotunistic Trader moved to square 35 : Go
Conservative Banker rolled 5
Conservative Banker moved to square 35 : Go
Aggressive Invester rolled 9
Aggressive Invester moved to square 34 : Go
Risk Taker rolled 8
Risk Taker moved to square 6 : Go
currunt round is : 308
Oppotunistic Trader rolled 3
Oppotunistic Trader moved to square 38 : Go
Conservative Banker rolled 10
Conservative Banker moved to square 6 : Go
Aggressive Invester rolled 12
Aggressive Invester moved to square 7 : Go
Risk Taker rolled 8
Risk Taker moved to square 14 : Go
currunt round is : 308
Oppotunistic Trader rolled 5
Oppotunistic Trader moved to square 4 : Go
Conservative Banker rolled 5
Conservative Banker moved to square 11 : Go
Aggressive Invester rolled 8
Aggressive Invester moved to square 15 : Go
Risk Taker rolled 9
Risk Taker moved to square 23 : Go
currunt round is : 308
Oppotunistic Trader rolled 7
Oppotunistic Trader moved to square 11 : Go
Conservative Banker rolled 4
Conservative Banker moved to square 15 : Go
Aggressive Invester rolled 7
Aggressive Invester moved to square 22 : Go
Risk Taker rolled 11
Risk Taker moved to square 34 : Go
currunt round is : 309
Oppotunistic Trader rolled 10
Oppotunistic Trader moved to square 21 : Go
Conservative Banker rolled 9
Conservative Banker moved to square 24 : Go
Aggressive Invester rolled 6
Aggressive Invester moved to square 28 : Go
Risk Taker rolled 4
Risk Taker moved to square 38 : Go
currunt round is : 309
Oppotunistic Trader rolled 8
Oppotunistic Trader moved to square 29 : Go
Conservative Banker rolled 2
Conservative Banker moved to square 26 : Go
Aggressive Invester rolled 3
Aggressive Invester moved to square 31 : Go
Risk Taker rolled 5
Risk Taker moved to square 4 : Go
currunt round is : 309
Oppotunistic Trader rolled 5
Oppotunistic Trader moved to square 34 : Go
Conservative Banker rolled 3
Conservative Banker moved to square 29 : Go
Aggressive Invester rolled 3
Aggressive Invester moved to square 34 : Go
Risk Taker rolled 4
Risk Taker moved to square 8 : Go
currunt round is : 309
Oppotunistic Trader rolled 4
Oppotunistic Trader moved to square 38 : Go
Conservative Banker rolled 11
Conservative Banker moved to square 1 : Pettah
Aggressive Invester rolled 6
Aggressive Invester moved to square 1 : Pettah
Risk Taker rolled 12
Risk Taker moved to square 20 : Go
currunt round is : 309
Oppotunistic Trader rolled 3
Oppotunistic Trader moved to square 2 : Go
Conservative Banker rolled 12
Conservative Banker moved to square 13 : Go
Aggressive Invester rolled 8
Aggressive Invester moved to square 9 : Go
Risk Taker rolled 2
Risk Taker moved to square 22 : Go
currunt round is : 309
Oppotunistic Trader rolled 7
Oppotunistic Trader moved to square 9 : Go
Conservative Banker rolled 7
Conservative Banker moved to square 20 : Go
Aggressive Invester rolled 6
Aggressive Invester moved to square 15 : Go
Risk Taker rolled 8
Risk Taker moved to square 30 : Go
currunt round is : 310
Oppotunistic Trader rolled 10
Oppotunistic Trader moved to square 19 : Go
Conservative Banker rolled 12
Conservative Banker moved to square 32 : Go
Aggressive Invester rolled 4
Aggressive Invester moved to square 19 : Go
Risk Taker rolled 2
Risk Taker moved to square 32 : Go
currunt round is : 310
Oppotunistic Trader rolled 3
Oppotunistic Trader moved to square 22 : Go
Conservative Banker rolled 8
Conservative Banker moved to square 1 : Pettah
Aggressive Invester rolled 11
Aggressive Invester moved to square 30 : Go
Risk Taker rolled 9
Risk Taker moved to square 2 : Go
currunt round is : 310
Oppotunistic Trader rolled 4
Oppotunistic Trader moved to square 26 : Go
Conservative Banker rolled 4
Conservative Banker moved to square 5 : Go
Aggressive Invester rolled 11
Aggressive Invester moved to square 2 : Go
Risk Taker rolled 10
Risk Taker moved to square 12 : Go
currunt round is : 310
Oppotunistic Trader rolled 2
Oppotunistic Trader moved to square 28 : Go
Conservative Banker rolled 10
Conservative Banker moved to square 15 : Go
Aggressive Invester rolled 3
Aggressive Invester moved to square 5 : Go
Risk Taker rolled 5
Risk Taker moved to square 17 : Go
currunt round is : 310
Oppotunistic Trader rolled 10
Oppotunistic Trader moved to square 38 : Go
Conservative Banker rolled 2
Conservative Banker moved to square 17 : Go
Aggressive Invester rolled 7
Aggressive Invester moved to square 12 : Go
Risk Taker rolled 12
Risk Taker moved to square 29 : Go
currunt round is : 310
Oppotunistic Trader rolled 11
Oppotunistic Trader moved to square 10 : Go
Conservative Banker rolled 10
Conservative Banker moved to square 27 : Go
Aggressive Invester rolled 9
Aggressive Invester moved to square 21 : Go
Risk Taker rolled 12
Risk Taker moved to square 2 : Go
currunt round is : 310
Oppotunistic Trader rolled 7
Oppotunistic Trader moved to square 17 : Go
Conservative Banker rolled 4
Conservative Banker moved to square 31 : Go
Aggressive Invester rolled 10
Aggressive Invester moved to square 31 : Go
Risk Taker rolled 12
Risk Taker moved to square 14 : Go
currunt round is : 311
Oppotunistic Trader rolled 7
Oppotunistic Trader moved to square 24 : Go
Conservative Banker rolled 3
Conservative Banker moved to square 34 : Go
Aggressive Invester rolled 7
Aggressive Invester moved to square 38 : Go
Risk Taker rolled 2
Risk Taker moved to square 16 : Go
currunt round is : 311
Oppotunistic Trader rolled 12
Oppotunistic Trader moved to square 36 : Go
Conservative Banker rolled 10
Conservative Banker moved to square 5 : Go
Aggressive Invester rolled 2
Aggressive Invester moved to square 1 : Pettah
Risk Taker rolled 11
Risk Taker moved to square 27 : Go
currunt round is : 311
Oppotunistic Trader rolled 5
Oppotunistic Trader moved to square 2 : Go
Conservative Banker rolled 12
Conservative Banker moved to square 17 : Go
Aggressive Invester rolled 8
Aggressive Invester moved to square 9 : Go
Risk Taker rolled 5
Risk Taker moved to square 32 : Go
currunt round is : 311
Oppotunistic Trader rolled 12
Oppotunistic Trader moved to square 14 : Go
Conservative Banker rolled 4
Conservative Banker moved to square 21 : Go
Aggressive Invester rolled 2
Aggressive Invester moved to square 11 : Go
Risk Taker rolled 2
Risk Taker moved to square 34 : Go
currunt round is : 312
Oppotunistic Trader rolled 11
Oppotunistic Trader moved to square 25 : Go
Conservative Banker rolled 12
Conservative Banker moved to square 33 : Go
Aggressive Invester rolled 3
Aggressive Invester moved to square 14 : Go
Risk Taker rolled 8
Risk Taker moved to square 3 : Colombo Fort Railway Station
currunt round is : 312
Oppotunistic Trader rolled 12
Oppotunistic Trader moved to square 37 : Go
Conservative Banker rolled 9
Conservative Banker moved to square 3 : Colombo Fort Railway Station
Aggressive Invester rolled 7
Aggressive Invester moved to square 21 : Go
Risk Taker rolled 10
Risk Taker moved to square 13 : Go
currunt round is : 312
Oppotunistic Trader rolled 4
Oppotunistic Trader moved to square 2 : Go
Conservative Banker rolled 12
Conservative Banker moved to square 15 : Go
Aggressive Invester rolled 7
Aggressive Invester moved to square 28 : Go
Risk Taker rolled 9
Risk Taker moved to square 22 : Go
currunt round is : 312
Oppotunistic Trader rolled 4
Oppotunistic Trader moved to square 6 : Go
Conservative Banker rolled 2
Conservative Banker moved to square 17 : Go
Aggressive Invester rolled 8
Aggressive Invester moved to square 36 : Go
Risk Taker rolled 7
Risk Taker moved to square 29 : Go
currunt round is : 313
Oppotunistic Trader rolled 4
Oppotunistic Trader moved to square 10 : Go
Conservative Banker rolled 2
Conservative Banker moved to square 19 : Go
Aggressive Invester rolled 8
Aggressive Invester moved to square 5 : Go
Risk Taker rolled 12
Risk Taker moved to square 2 : Go
currunt round is : 313
Oppotunistic Trader rolled 8
Oppotunistic Trader moved to square 18 : Go
Conservative Banker rolled 6
Conservative Banker moved to square 25 : Go
Aggressive Invester rolled 10
Aggressive Invester moved to square 15 : Go
Risk Taker rolled 9
Risk Taker moved to square 11 : Go
currunt round is : 313
Oppotunistic Trader rolled 3
Oppotunistic Trader moved to square 21 : Go
Conservative Banker rolled 5
Conservative Banker moved to square 30 : Go
Aggressive Invester rolled 12
Aggressive Invester moved to square 27 : Go
Risk Taker rolled 3
Risk Taker moved to square 14 : Go
currunt round is : 313
Oppotunistic Trader rolled 6
Oppotunistic Trader moved to square 27 : Go
Conservative Banker rolled 11
Conservative Banker moved to square 2 : Go
Aggressive Invester rolled 3
Aggressive Invester moved to square 30 : Go
Risk Taker rolled 4
Risk Taker moved to square 18 : Go
currunt round is : 313
Oppotunistic Trader rolled 8
Oppotunistic Trader moved to square 35 : Go
Conservative Banker rolled 4
Conservative Banker moved to square 6 : Go
Aggressive Invester rolled 10
Aggressive Invester moved to square 1 : Pettah
Risk Taker rolled 8
Risk Taker moved to square 26 : Go
currunt round is : 313
Oppotunistic Trader rolled 9
Oppotunistic Trader moved to square 5 : Go
Conservative Banker rolled 2
Conservative Banker moved to square 8 : Go
Aggressive Invester rolled 3
Aggressive Invester moved to square 4 : Go
Risk Taker rolled 11
Risk Taker moved to square 37 : Go
currunt round is : 313
Oppotunistic Trader rolled 12
Oppotunistic Trader moved to square 17 : Go
Conservative Banker rolled 7
Conservative Banker moved to square 15 : Go
Aggressive Invester rolled 7
Aggressive Invester moved to square 11 : Go
Risk Taker rolled 12
Risk Taker moved to square 10 : Go
currunt round is : 314
Oppotunistic Trader rolled 7
Oppotunistic Trader moved to square 24 : Go
Conservative Banker rolled 11
Conservative Banker moved to square 26 : Go
Aggressive Invester rolled 7
Aggressive Invester moved to square 18 : Go
Risk Taker rolled 7
Risk Taker moved to square 17 : Go
currunt round is : 314
Oppotunistic Trader rolled 10
Oppotunistic Trader moved to square 34 : Go
Conservative Banker rolled 11
Conservative Banker moved to square 37 : Go
Aggressive Invester rolled 6
Aggressive Invester moved to square 24 : Go
Risk Taker rolled 3
Risk Taker moved to square 20 : Go
currunt round is : 314
Oppotunistic Trader rolled 4
Oppotunistic Trader moved to square 38 : Go
Conservative Banker rolled 4
Conservative Banker moved to square 2 : Go
Aggressive Invester rolled 11
Aggressive Invester moved to square 35 : Go
Risk Taker rolled 6
Risk Taker moved to square 26 : Go
currunt round is : 314
Oppotunistic Trader rolled 5
Oppotunistic Trader moved to square 4 : Go
Conservative Banker rolled 8
Conservative Banker moved to square 10 : Go
Aggressive Invester rolled 7
Aggressive Invester moved to square 3 : Colombo Fort Railway Station
Risk Taker rolled 9
Risk Taker moved to square 35 : Go
currunt round is : 314
Oppotunistic Trader rolled 4
Oppotunistic Trader moved to square 8 : Go
Conservative Banker rolled 6
Conservative Banker moved to square 16 : Go
Aggressive Invester rolled 9
Aggressive Invester moved to square 12 : Go
Risk Taker rolled 11
Risk Taker moved to square 7 : Go
currunt round is : 315
Oppotunistic Trader rolled 8
Oppotunistic Trader moved to square 16 : Go
Conservative Banker rolled 6
Conservative Banker moved to square 22 : Go
Aggressive Invester rolled 4
Aggressive Invester moved to square 16 : Go
Risk Taker rolled 3
Risk Taker moved to square 10 : Go
currunt round is : 315
Oppotunistic Trader rolled 4
Oppotunistic Trader moved to square 20 : Go
Conservative Banker rolled 5
Conservative Banker moved to square 27 : Go
Aggressive Invester rolled 12
Aggressive Invester moved to square 28 : Go
Risk Taker rolled 4
Risk Taker moved to square 14 : Go
currunt round is : 315
Oppotunistic Trader rolled 8
Oppotunistic Trader moved to square 28 : Go
Conservative Banker rolled 5
Conservative Banker moved to square 32 : Go
Aggressive Invester rolled 12
Aggressive Invester moved to square 1 : Pettah
Risk Taker rolled 3
Risk Taker moved to square 17 : Go
currunt round is : 315
Oppotunistic Trader rolled 12
Oppotunistic Trader moved to square 1 : Pettah
Conservative Banker rolled 6
Conservative Banker moved to square 38 : Go
Aggressive Invester rolled 6
Aggressive Invester moved to square 7 : Go
Risk Taker rolled 9
Risk Taker moved to square 26 : Go
currunt round is : 315
Oppotunistic Trader rolled 2
Oppotunistic Trader moved to square 3 : Colombo Fort Railway Station
Conservative Banker rolled 9
Conservative Banker moved to square 8 : Go
Aggressive Invester rolled 11
Aggressive Invester moved to square 18 : Go
Risk Taker rolled 5
Risk Taker moved to square 31 : Go
currunt round is : 316
Oppotunistic Trader rolled 11
Oppotunistic Trader moved to square 14 : Go
Conservative Banker rolled 7
Conservative Banker moved to square 15 : Go
Aggressive Invester rolled 7
Aggressive Invester moved to square 25 : Go
Risk Taker rolled 12
Risk Taker moved to square 4 : Go
currunt round is : 316
Oppotunistic Trader rolled 2
Oppotunistic Trader moved to square 16 : Go
Conservative Banker rolled 12
Conservative Banker moved to square 27 : Go
Aggressive Invester rolled 7
Aggressive Invester moved to square 32 : Go
Risk Taker rolled 3
Risk Taker moved to square 7 : Go
currunt round is : 316
Oppotunistic Trader rolled 3
Oppotunistic Trader moved to square 19 : Go
Conservative Banker rolled 3
Conservative Banker moved to square 30 : Go
Aggressive Invester rolled 12
Aggressive Invester moved to square 5 : Go
Risk Taker rolled 7
Risk Taker moved to square 14 : Go
currunt round is : 316
Oppotunistic Trader rolled 8
Oppotunistic Trader moved to square 27 : Go
Conservative Banker rolled 3
Conservative Banker moved to square 33 : Go
Aggressive Invester rolled 8
Aggressive Invester moved to square 13 : Go
Risk Taker rolled 10
Risk Taker moved to square 24 : Go
currunt round is : 316
Oppotunistic Trader rolled 4
Oppotunistic Trader moved to square 31 : Go
Conservative Banker rolled 6
Conservative Banker moved to square 0 : Go
Aggressive Invester rolled 10
Aggressive Invester moved to square 23 : Go
Risk Taker rolled 11
Risk Taker moved to square 35 : Go
currunt round is : 316
Oppotunistic Trader rolled 7
Oppotunistic Trader moved to square 38 : Go
Conservative Banker rolled 10
Conservative Banker moved to square 10 : Go
Aggressive Invester rolled 10
Aggressive Invester moved to square 33 : Go
Risk Taker rolled 6
Risk Taker moved to square 2 : Go
currunt round is : 316
Oppotunistic Trader rolled 12
Oppotunistic Trader moved to square 11 : Go
Conservative Banker rolled 3
Conservative Banker moved to square 13 : Go
Aggressive Invester rolled 3
Aggressive Invester moved to square 36 : Go
Risk Taker rolled 2
Risk Taker moved to square 4 : Go
currunt round is : 316
Oppotunistic Trader rolled 10
Oppotunistic Trader moved to square 21 : Go
Conservative Banker rolled 10
Conservative Banker moved to square 23 : Go
Aggressive Invester rolled 3
Aggressive Invester moved to square 0 : Go
Risk Taker rolled 6
Risk Taker moved to square 10 : Go
currunt round is : 317
Oppotunistic Trader rolled 4
Oppotunistic Trader moved to square 25 : Go
Conservative Banker rolled 8
Conservative Banker moved to square 31 : Go
Aggressive Invester rolled 6
Aggressive Invester moved to square 6 : Go
Risk Taker rolled 2
Risk Taker moved to square 12 : Go
currunt round is : 317
Oppotunistic Trader rolled 5
Oppotunistic Trader moved to square 30 : Go
Conservative Banker rolled 11
Conservative Banker moved to square 3 : Colombo Fort Railway Station
Aggressive Invester rolled 3
Aggressive Invester moved to square 9 : Go
Risk Taker rolled 6
Risk Taker moved to square 18 : Go
currunt round is : 317
Oppotunistic Trader rolled 10
Oppotunistic Trader moved to square 1 : Pettah
Conservative Banker rolled 11
Conservative Banker moved to square 14 : Go
Aggressive Invester rolled 11
Aggressive Invester moved to square 20 : Go
Risk Taker rolled 5
Risk Taker moved to square 23 : Go
currunt round is : 317
Oppotunistic Trader rolled 12
Oppotunistic Trader moved to square 13 : Go
Conservative Banker rolled 5
Conservative Banker moved to square 19 : Go
Aggressive Invester rolled 12
Aggressive Invester moved to square 32 : Go
Risk Taker rolled 2
Risk Taker moved to square 25 : Go
currunt round is : 318
Oppotunistic Trader rolled 9
Oppotunistic Trader moved to square 22 : Go
Conservative Banker rolled 7
Conservative Banker moved to square 26 : Go
Aggressive Invester rolled 11
Aggressive Invester moved to square 4 : Go
Risk Taker rolled 3
Risk Taker moved to square 28 : Go
currunt round is : 318
Oppotunistic Trader rolled 2
Oppotunistic Trader moved to square 24 : Go
Conservative Banker rolled 8
Conservative Banker moved to square 34 : Go
Aggressive Invester rolled 7
Aggressive Invester moved to square 11 : Go
Risk Taker rolled 2
Risk Taker moved to square 30 : Go
currunt round is : 318
Oppotunistic Trader rolled 7
Oppotunistic Trader moved to square 31 : Go
Conservative Banker rolled 6
Conservative Banker moved to square 1 : Pettah
Aggressive Invester rolled 11
Aggressive Invester moved to square 22 : Go
Risk Taker rolled 3
Risk Taker moved to square 33 : Go
currunt round is : 318
Oppotunistic Trader rolled 3
Oppotunistic Trader moved to square 34 : Go
Conservative Banker rolled 12
Conservative Banker moved to square 13 : Go
Aggressive Invester rolled 5
Aggressive Invester moved to square 27 : Go
Risk Taker rolled 3
Risk Taker moved to square 36 : Go
currunt round is : 318
Oppotunistic Trader rolled 7
Oppotunistic Trader moved to square 2 : Go
Conservative Banker rolled 7
Conservative Banker moved to square 20 : Go
Aggressive Invester rolled 2
Aggressive Invester moved to square 29 : Go
Risk Taker rolled 10
Risk Taker moved to square 7 : Go
currunt round is : 318
Oppotunistic Trader rolled 3
Oppotunistic Trader moved to square 5 : Go
Conservative Banker rolled 12
Conservative Banker moved to square 32 : Go
Aggressive Invester rolled 12
Aggressive Invester moved to square 2 : Go
Risk Taker rolled 12
Risk Taker moved to square 19 : Go
currunt round is : 319
Oppotunistic Trader rolled 11
Oppotunistic Trader moved to square 16 : Go
Conservative Banker rolled 10
Conservative Banker moved to square 3 : Colombo Fort Railway Station
Aggressive Invester rolled 2
Aggressive Invester moved to square 4 : Go
Risk Taker rolled 8
Risk Taker moved to square 27 : Go
currunt round is : 319
Oppotunistic Trader rolled 2
Oppotunistic Trader moved to square 18 : Go
Conservative Banker rolled 10
Conservative Banker moved to square 13 : Go
Aggressive Invester rolled 8
Aggressive Invester moved to square 12 : Go
Risk Taker rolled 9
Risk Taker moved to square 36 : Go
currunt round is : 319
Oppotunistic Trader rolled 5
Oppotunistic Trader moved to square 23 : Go
Conservative Banker rolled 4
Conservative Banker moved to square 17 : Go
Aggressive Invester rolled 8
Aggressive Invester moved to square 20 : Go
Risk Taker rolled 5
Risk Taker moved to square 2 : Go
currunt round is : 319
Oppotunistic Trader rolled 8
Oppotunistic Trader moved to square 31 : Go
Conservative Banker rolled 3
Conservative Banker moved to square 20 : Go
Aggressive Invester rolled 3
Aggressive Invester moved to square 23 : Go
Risk Taker rolled 3
Risk Taker moved to square 5 : Go
currunt round is : 319
Oppotunistic Trader rolled 5
Oppotunistic Trader moved to square 36 : Go
Conservative Banker rolled 12
Conservative Banker moved to square 32 : Go
Aggressive Invester rolled 2
Aggressive Invester moved to square 25 : Go
Risk Taker rolled 5
Risk Taker moved to square 10 : Go
currunt round is : 319
Oppotunistic Trader rolled 11
Oppotunistic Trader moved to square 8 : Go
Conservative Banker rolled 5
Conservative Banker moved to square 37 : Go
Aggressive Invester rolled 4
Aggressive Invester moved to square 29 : Go
Risk Taker rolled 3
Risk Taker moved to square 13 : Go
currunt round is : 319
Oppotunistic Trader rolled 9
Oppotunistic Trader moved to square 17 : Go
Conservative Banker rolled 4
Conservative Banker moved to square 2 : Go
Aggressive Invester rolled 11
Aggressive Invester moved to square 1 : Pettah
Risk Taker rolled 10
Risk Taker moved to square 23 : Go
currunt round is : 320
Oppotunistic Trader rolled 2
Oppotunistic Trader moved to square 19 : Go
Conservative Banker rolled 10
Conservative Banker moved to square 12 : Go
Aggressive Invester rolled 9
Aggressive Invester moved to square 10 : Go
Risk Taker rolled 11
Risk Taker moved to square 34 : Go
currunt round is : 320
Oppotunistic Trader rolled 6
Oppotunistic Trader moved to square 25 : Go
Conservative Banker rolled 10
Conservative Banker moved to square 22 : Go
Aggressive Invester rolled 4
Aggressive Invester moved to square 14 : Go
Risk Taker rolled 4
Risk Taker moved to square 38 : Go
currunt round is : 320
Oppotunistic Trader rolled 7
Oppotunistic Trader moved to square 32 : Go
Conservative Banker rolled 9
Conservative Banker moved to square 31 : Go
Aggressive Invester rolled 10
Aggressive Invester moved to square 24 : Go
Risk Taker rolled 10
Risk Taker moved to square 9 : Go
currunt round is : 320
Oppotunistic Trader rolled 11
Oppotunistic Trader moved to square 4 : Go
Conservative Banker rolled 5
Conservative Banker moved to square 36 : Go
Aggressive Invester rolled 12
Aggressive Invester moved to square 36 : Go
Risk Taker rolled 7
Risk Taker moved to square 16 : Go
currunt round is : 320
Oppotunistic Trader rolled 4
Oppotunistic Trader moved to square 8 : Go
Conservative Banker rolled 2
Conservative Banker moved to square 38 : Go
Aggressive Invester rolled 6
Aggressive Invester moved to square 3 : Colombo Fort Railway Station
Risk Taker rolled 8
Risk Taker moved to square 24 : Go
currunt round is : 321
Oppotunistic Trader rolled 11
Oppotunistic Trader moved to square 19 : Go
Conservative Banker rolled 6
Conservative Banker moved to square 5 : Go
Aggressive Invester rolled 11
Aggressive Invester moved to square 14 : Go
Risk Taker rolled 7
Risk Taker moved to square 31 : Go
currunt round is : 321
Oppotunistic Trader rolled 7
Oppotunistic Trader moved to square 26 : Go
Conservative Banker rolled 11
Conservative Banker moved to square 16 : Go
Aggressive Invester rolled 9
Aggressive Invester moved to square 23 : Go
Risk Taker rolled 3
Risk Taker moved to square 34 : Go
currunt round is : 321
Oppotunistic Trader rolled 3
Oppotunistic Trader moved to square 29 : Go
Conservative Banker rolled 7
Conservative Banker moved to square 23 : Go
Aggressive Invester rolled 12
Aggressive Invester moved to square 35 : Go
Risk Taker rolled 12
Risk Taker moved to square 7 : Go
currunt round is : 321
Oppotunistic Trader rolled 3
Oppotunistic Trader moved to square 32 : Go
Conservative Banker rolled 6
Conservative Banker moved to square 29 : Go
Aggressive Invester rolled 8
Aggressive Invester moved to square 4 : Go
Risk Taker rolled 5
Risk Taker moved to square 12 : Go
currunt round is : 321
Oppotunistic Trader rolled 3
Oppotunistic Trader moved to square 35 : Go
Conservative Banker rolled 10
Conservative Banker moved to square 0 : Go
Aggressive Invester rolled 7
Aggressive Invester moved to square 11 : Go
Risk Taker rolled 7
Risk Taker moved to square 19 : Go
currunt round is : 321
Oppotunistic Trader rolled 6
Oppotunistic Trader moved to square 2 : Go
Conservative Banker rolled 4
Conservative Banker moved to square 4 : Go
Aggressive Invester rolled 2
Aggressive Invester moved to square 13 : Go
Risk Taker rolled 3
Risk Taker moved to square 22 : Go
currunt round is : 321
Oppotunistic Trader rolled 6
Oppotunistic Trader moved to square 8 : Go
Conservative Banker rolled 12
Conservative Banker moved to square 16 : Go
Aggressive Invester rolled 8
Aggressive Invester moved to square 21 : Go
Risk Taker rolled 8
Risk Taker moved to square 30 : Go
currunt round is : 322
Oppotunistic Trader rolled 11
Oppotunistic Trader moved to square 19 : Go
Conservative Banker rolled 12
Conservative Banker moved to square 28 : Go
Aggressive Invester rolled 12
Aggressive Invester moved to square 33 : Go
Risk Taker rolled 7
Risk Taker moved to square 37 : Go
currunt round is : 322
Oppotunistic Trader rolled 3
Oppotunistic Trader moved to square 22 : Go
Conservative Banker rolled 8
Conservative Banker moved to square 36 : Go
Aggressive Invester rolled 12
Aggressive Invester moved to square 6 : Go
Risk Taker rolled 6
Risk Taker moved to square 4 : Go
currunt round is : 322
Oppotunistic Trader rolled 7
Oppotunistic Trader moved to square 29 : Go
Conservative Banker rolled 8
Conservative Banker moved to square 5 : Go
Aggressive Invester rolled 8
Aggressive Invester moved to square 14 : Go
Risk Taker rolled 6
Risk Taker moved to square 10 : Go
currunt round is : 322
Oppotunistic Trader rolled 12
Oppotunistic Trader moved to square 2 : Go
Conservative Banker rolled 5
Conservative Banker moved to square 10 : Go
Aggressive Invester rolled 5
Aggressive Invester moved to square 19 : Go
Risk Taker rolled 11
Risk Taker moved to square 21 : Go
currunt round is : 322
Oppotunistic Trader rolled 9
Oppotunistic Trader moved to square 11 : Go
Conservative Banker rolled 11
Conservative Banker moved to square 21 : Go
Aggressive Invester rolled 3
Aggressive Invester moved to square 22 : Go
Risk Taker rolled 9
Risk Taker moved to square 30 : Go
currunt round is : 323
Oppotunistic Trader rolled 6
Oppotunistic Trader moved to square 17 : Go
Conservative Banker rolled 6
Conservative Banker moved to square 27 : Go
Aggressive Invester rolled 3
Aggressive Invester moved to square 25 : Go
Risk Taker rolled 11
Risk Taker moved to square 2 : Go
currunt round is : 323
Oppotunistic Trader rolled 9
Oppotunistic Trader moved to square 26 : Go
Conservative Banker rolled 3
Conservative Banker moved to square 30 : Go
Aggressive Invester rolled 12
Aggressive Invester moved to square 37 : Go
Risk Taker rolled 11
Risk Taker moved to square 13 : Go
currunt round is : 323
Oppotunistic Trader rolled 12
Oppotunistic Trader moved to square 38 : Go
Conservative Banker rolled 5
Conservative Banker moved to square 35 : Go
Aggressive Invester rolled 4
Aggressive Invester moved to square 2 : Go
Risk Taker rolled 8
Risk Taker moved to square 21 : Go
currunt round is : 323
Oppotunistic Trader rolled 2
Oppotunistic Trader moved to square 1 : Pettah
Conservative Banker rolled 4
Conservative Banker moved to square 0 : Go
Aggressive Invester rolled 2
Aggressive Invester moved to square 4 : Go
Risk Taker rolled 3
Risk Taker moved to square 24 : Go
currunt round is : 323
Oppotunistic Trader rolled 8
Oppotunistic Trader moved to square 9 : Go
Conservative Banker rolled 12
Conservative Banker moved to square 12 : Go
Aggressive Invester rolled 7
Aggressive Invester moved to square 11 : Go
Risk Taker rolled 11
Risk Taker moved to square 35 : Go
currunt round is : 324
Oppotunistic Trader rolled 8
Oppotunistic Trader moved to square 17 : Go
Conservative Banker rolled 11
Conservative Banker moved to square 23 : Go
Aggressive Invester rolled 4
Aggressive Invester moved to square 15 : Go
Risk Taker rolled 5
Risk Taker moved to square 1 : Pettah
currunt round is : 324
Oppotunistic Trader rolled 3
Oppotunistic Trader moved to square 20 : Go
Conservative Banker rolled 5
Conservative Banker moved to square 28 : Go
Aggressive Invester rolled 3
Aggressive Invester moved to square 18 : Go
Risk Taker rolled 9
Risk Taker moved to square 10 : Go
currunt round is : 324
Oppotunistic Trader rolled 3
Oppotunistic Trader moved to square 23 : Go
Conservative Banker rolled 4
Conservative Banker moved to square 32 : Go
Aggressive Invester rolled 3
Aggressive Invester moved to square 21 : Go
Risk Taker rolled 8
Risk Taker moved to square 18 : Go
currunt round is : 324
Oppotunistic Trader rolled 8
Oppotunistic Trader moved to square 31 : Go
Conservative Banker rolled 2
Conservative Banker moved to square 34 : Go
Aggressive Invester rolled 4
Aggressive Invester moved to square 25 : Go
Risk Taker rolled 2
Risk Taker moved to square 20 : Go
currunt round is : 324
Oppotunistic Trader rolled 3
Oppotunistic Trader moved to square 34 : Go
Conservative Banker rolled 12
Conservative Banker moved to square 7 : Go
Aggressive Invester rolled 9
Aggressive Invester moved to square 34 : Go
Risk Taker rolled 11
Risk Taker moved to square 31 : Go
currunt round is : 324
Oppotunistic Trader rolled 2
Oppotunistic Trader moved to square 36 : Go
Conservative Banker rolled 12
Conservative Banker moved to square 19 : Go
Aggressive Invester rolled 6
Aggressive Invester moved to square 1 : Pettah
Risk Taker rolled 2
Risk Taker moved to square 33 : Go
currunt round is : 324
Oppotunistic Trader rolled 12
Oppotunistic Trader moved to square 9 : Go
Conservative Banker rolled 4
Conservative Banker moved to square 23 : Go
Aggressive Invester rolled 3
Aggressive Invester moved to square 4 : Go
Risk Taker rolled 7
Risk Taker moved to square 1 : Pettah
currunt round is : 324
Oppotunistic Trader rolled 4
Oppotunistic Trader moved to square 13 : Go
Conservative Banker rolled 6
Conservative Banker moved to square 29 : Go
Aggressive Invester rolled 4
Aggressive Invester moved to square 8 : Go
Risk Taker rolled 8
Risk Taker moved to square 9 : Go
currunt round is : 325
Oppotunistic Trader rolled 5
Oppotunistic Trader moved to square 18 : Go
Conservative Banker rolled 6
Conservative Banker moved to square 35 : Go
Aggressive Invester rolled 11
Aggressive Invester moved to square 19 : Go
Risk Taker rolled 4
Risk Taker moved to square 13 : Go
currunt round is : 325
Oppotunistic Trader rolled 8
Oppotunistic Trader moved to square 26 : Go
Conservative Banker rolled 12
Conservative Banker moved to square 8 : Go
Aggressive Invester rolled 11
Aggressive Invester moved to square 30 : Go
Risk Taker rolled 7
Risk Taker moved to square 20 : Go
currunt round is : 325
Oppotunistic Trader rolled 12
Oppotunistic Trader moved to square 38 : Go
Conservative Banker rolled 10
Conservative Banker moved to square 18 : Go
Aggressive Invester rolled 2
Aggressive Invester moved to square 32 : Go
Risk Taker rolled 5
Risk Taker moved to square 25 : Go
currunt round is : 325
Oppotunistic Trader rolled 10
Oppotunistic Trader moved to square 9 : Go
Conservative Banker rolled 2
Conservative Banker moved to square 20 : Go
Aggressive Invester rolled 6
Aggressive Invester moved to square 38 : Go
Risk Taker rolled 10
Risk Taker moved to square 35 : Go
currunt round is : 325
Oppotunistic Trader rolled 10
Oppotunistic Trader moved to square 19 : Go
Conservative Banker rolled 2
Conservative Banker moved to square 22 : Go
Aggressive Invester rolled 8
Aggressive Invester moved to square 7 : Go
Risk Taker rolled 10
Risk Taker moved to square 6 : Go
currunt round is : 326
Oppotunistic Trader rolled 12
Oppotunistic Trader moved to square 31 : Go
Conservative Banker rolled 11
Conservative Banker moved to square 33 : Go
Aggressive Invester rolled 10
Aggressive Invester moved to square 17 : Go
Risk Taker rolled 9
Risk Taker moved to square 15 : Go
currunt round is : 326
Oppotunistic Trader rolled 2
Oppotunistic Trader moved to square 33 : Go
Conservative Banker rolled 9
Conservative Banker moved to square 3 : Colombo Fort Railway Station
Aggressive Invester rolled 2
Aggressive Invester moved to square 19 : Go
Risk Taker rolled 2
Risk Taker moved to square 17 : Go
currunt round is : 326
Oppotunistic Trader rolled 3
Oppotunistic Trader moved to square 36 : Go
Conservative Banker rolled 4
Conservative Banker moved to square 7 : Go
Aggressive Invester rolled 6
Aggressive Invester moved to square 25 : Go
Risk Taker rolled 6
Risk Taker moved to square 23 : Go
currunt round is : 326
Oppotunistic Trader rolled 6
Oppotunistic Trader moved to square 3 : Colombo Fort Railway Station
Conservative Banker rolled 2
Conservative Banker moved to square 9 : Go
Aggressive Invester rolled 8
Aggressive Invester moved to square 33 : Go
Risk Taker rolled 12
Risk Taker moved to square 35 : Go
currunt round is : 326
Oppotunistic Trader rolled 10
Oppotunistic Trader moved to square 13 : Go
Conservative Banker rolled 5
Conservative Banker moved to square 14 : Go
Aggressive Invester rolled 7
Aggressive Invester moved to square 1 : Pettah
Risk Taker rolled 9
Risk Taker moved to square 5 : Go
currunt round is : 327
Oppotunistic Trader rolled 2
Oppotunistic Trader moved to square 15 : Go
Conservative Banker rolled 5
Conservative Banker moved to square 19 : Go
Aggressive Invester rolled 2
Aggressive Invester moved to square 3 : Colombo Fort Railway Station
Risk Taker rolled 11
Risk Taker moved to square 16 : Go
currunt round is : 327
Oppotunistic Trader rolled 4
Oppotunistic Trader moved to square 19 : Go
Conservative Banker rolled 4
Conservative Banker moved to square 23 : Go
Aggressive Invester rolled 6
Aggressive Invester moved to square 9 : Go
Risk Taker rolled 12
Risk Taker moved to square 28 : Go
currunt round is : 327
Oppotunistic Trader rolled 4
Oppotunistic Trader moved to square 23 : Go
Conservative Banker rolled 12
Conservative Banker moved to square 35 : Go
Aggressive Invester rolled 8
Aggressive Invester moved to square 17 : Go
Risk Taker rolled 2
Risk Taker moved to square 30 : Go
currunt round is : 327
Oppotunistic Trader rolled 8
Oppotunistic Trader moved to square 31 : Go
Conservative Banker rolled 3
Conservative Banker moved to square 38 : Go
Aggressive Invester rolled 7
Aggressive Invester moved to square 24 : Go
Risk Taker rolled 9
Risk Taker moved to square 0 : Go
currunt round is : 327
Oppotunistic Trader rolled 11
Oppotunistic Trader moved to square 3 : Colombo Fort Railway Station
Conservative Banker rolled 7
Conservative Banker moved to square 6 : Go
Aggressive Invester rolled 7
Aggressive Invester moved to square 31 : Go
Risk Taker rolled 10
Risk Taker moved to square 10 : Go
currunt round is : 327
Oppotunistic Trader rolled 9
Oppotunistic Trader moved to square 12 : Go
Conservative Banker rolled 12
Conservative Banker moved to square 18 : Go
Aggressive Invester rolled 12
Aggressive Invester moved to square 4 : Go
Risk Taker rolled 12
Risk Taker moved to square 22 : Go
currunt round is : 328
Oppotunistic Trader rolled 10
Oppotunistic Trader moved to square 22 : Go
Conservative Banker rolled 7
Conservative Banker moved to square 25 : Go
Aggressive Invester rolled 11
Aggressive Invester moved to square 15 : Go
Risk Taker rolled 8
Risk Taker moved to square 30 : Go
currunt round is : 328
Oppotunistic Trader rolled 8
Oppotunistic Trader moved to square 30 : Go
Conservative Banker rolled 3
Conservative Banker moved to square 28 : Go
Aggressive Invester rolled 2
Aggressive Invester moved to square 17 : Go
Risk Taker rolled 7
Risk Taker moved to square 37 : Go
currunt round is : 328
Oppotunistic Trader rolled 7
Oppotunistic Trader moved to square 37 : Go
Conservative Banker rolled 2
Conservative Banker moved to square 30 : Go
Aggressive Invester rolled 3
Aggressive Invester moved to square 20 : Go
Risk Taker rolled 7
Risk Taker moved to square 5 : Go
currunt round is : 328
Oppotunistic Trader rolled 4
Oppotunistic Trader moved to square 2 : Go
Conservative Banker rolled 7
Conservative Banker moved to square 37 : Go
Aggressive Invester rolled 4
Aggressive Invester moved to square 24 : Go
Risk Taker rolled 5
Risk Taker moved to square 10 : Go
currunt round is : 328
Oppotunistic Trader rolled 6
Oppotunistic Trader moved to square 8 : Go
Conservative Banker rolled 10
Conservative Banker moved to square 8 : Go
Aggressive Invester rolled 3
Aggressive Invester moved to square 27 : Go
Risk Taker rolled 2
Risk Taker moved to square 12 : Go
currunt round is : 329
Oppotunistic Trader rolled 10
Oppotunistic Trader moved to square 18 : Go
Conservative Banker rolled 8
Conservative Banker moved to square 16 : Go
Aggressive Invester rolled 7
Aggressive Invester moved to square 34 : Go
Risk Taker rolled 6
Risk Taker moved to square 18 : Go
currunt round is : 329
Oppotunistic Trader rolled 12
Oppotunistic Trader moved to square 30 : Go
Conservative Banker rolled 10
Conservative Banker moved to square 26 : Go
Aggressive Invester rolled 3
Aggressive Invester moved to square 37 : Go
Risk Taker rolled 6
Risk Taker moved to square 24 : Go
currunt round is : 329
Oppotunistic Trader rolled 7
Oppotunistic Trader moved to square 37 : Go
Conservative Banker rolled 2
Conservative Banker moved to square 28 : Go
Aggressive Invester rolled 5
Aggressive Invester moved to square 3 : Colombo Fort Railway Station
Risk Taker rolled 5
Risk Taker moved to square 29 : Go
currunt round is : 329
Oppotunistic Trader rolled 5
Oppotunistic Trader moved to square 3 : Colombo Fort Railway Station
Conservative Banker rolled 4
Conservative Banker moved to square 32 : Go
Aggressive Invester rolled 11
Aggressive Invester moved to square 14 : Go
Risk Taker rolled 10
Risk Taker moved to square 0 : Go
currunt round is : 329
Oppotunistic Trader rolled 3
Oppotunistic Trader moved to square 6 : Go
Conservative Banker rolled 11
Conservative Banker moved to square 4 : Go
Aggressive Invester rolled 4
Aggressive Invester moved to square 18 : Go
Risk Taker rolled 8
Risk Taker moved to square 8 : Go
currunt round is : 330
Oppotunistic Trader rolled 10
Oppotunistic Trader moved to square 16 : Go
Conservative Banker rolled 5
Conservative Banker moved to square 9 : Go
Aggressive Invester rolled 11
Aggressive Invester moved to square 29 : Go
Risk Taker rolled 10
Risk Taker moved to square 18 : Go
currunt round is : 330
Oppotunistic Trader rolled 8
Oppotunistic Trader moved to square 24 : Go
Conservative Banker rolled 3
Conservative Banker moved to square 12 : Go
Aggressive Invester rolled 11
Aggressive Invester moved to square 1 : Pettah
Risk Taker rolled 12
Risk Taker moved to square 30 : Go
currunt round is : 330
Oppotunistic Trader rolled 9
Oppotunistic Trader moved to square 33 : Go
Conservative Banker rolled 12
Conservative Banker moved to square 24 : Go
Aggressive Invester rolled 10
Aggressive Invester moved to square 11 : Go
Risk Taker rolled 6
Risk Taker moved to square 36 : Go
currunt round is : 330
Oppotunistic Trader rolled 6
Oppotunistic Trader moved to square 0 : Go
Conservative Banker rolled 2
Conservative Banker moved to square 26 : Go
Aggressive Invester rolled 10
Aggressive Invester moved to square 21 : Go
Risk Taker rolled 5
Risk Taker moved to square 2 : Go
currunt round is : 330
Oppotunistic Trader rolled 11
Oppotunistic Trader moved to square 11 : Go
Conservative Banker rolled 9
Conservative Banker moved to square 35 : Go
Aggressive Invester rolled 9
Aggressive Invester moved to square 30 : Go
Risk Taker rolled 3
Risk Taker moved to square 5 : Go
currunt round is : 330
Oppotunistic Trader rolled 9
Oppotunistic Trader moved to square 20 : Go
Conservative Banker rolled 2
Conservative Banker moved to square 37 : Go
Aggressive Invester rolled 6
Aggressive Invester moved to square 36 : Go
Risk Taker rolled 11
Risk Taker moved to square 16 : Go
currunt round is : 331
Oppotunistic Trader rolled 2
Oppotunistic Trader moved to square 22 : Go
Conservative Banker rolled 4
Conservative Banker moved to square 2 : Go
Aggressive Invester rolled 8
Aggressive Invester moved to square 5 : Go
Risk Taker rolled 3
Risk Taker moved to square 19 : Go
currunt round is : 331
Oppotunistic Trader rolled 12
Oppotunistic Trader moved to square 34 : Go
Conservative Banker rolled 10
Conservative Banker moved to square 12 : Go
Aggressive Invester rolled 8
Aggressive Invester moved to square 13 : Go
Risk Taker rolled 9
Risk Taker moved to square 28 : Go
currunt round is : 331
Oppotunistic Trader rolled 11
Oppotunistic Trader moved to square 6 : Go
Conservative Banker rolled 4
Conservative Banker moved to square 16 : Go
Aggressive Invester rolled 4
Aggressive Invester moved to square 17 : Go
Risk Taker rolled 6
Risk Taker moved to square 34 : Go
currunt round is : 331
Oppotunistic Trader rolled 5
Oppotunistic Trader moved to square 11 : Go
Conservative Banker rolled 3
Conservative Banker moved to square 19 : Go
Aggressive Invester rolled 3
Aggressive Invester moved to square 20 : Go
Risk Taker rolled 2
Risk Taker moved to square 36 : Go
currunt round is : 332
Oppotunistic Trader rolled 2
Oppotunistic Trader moved to square 13 : Go
Conservative Banker rolled 10
Conservative Banker moved to square 29 : Go
Aggressive Invester rolled 4
Aggressive Invester moved to square 24 : Go
Risk Taker rolled 4
Risk Taker moved to square 1 : Pettah
currunt round is : 332
Oppotunistic Trader rolled 8
Oppotunistic Trader moved to square 21 : Go
Conservative Banker rolled 2
Conservative Banker moved to square 31 : Go
Aggressive Invester rolled 7
Aggressive Invester moved to square 31 : Go
Risk Taker rolled 4
Risk Taker moved to square 5 : Go
currunt round is : 332
Oppotunistic Trader rolled 9
Oppotunistic Trader moved to square 30 : Go
Conservative Banker rolled 2
Conservative Banker moved to square 33 : Go
Aggressive Invester rolled 6
Aggressive Invester moved to square 37 : Go
Risk Taker rolled 4
Risk Taker moved to square 9 : Go
currunt round is : 332
Oppotunistic Trader rolled 11
Oppotunistic Trader moved to square 2 : Go
Conservative Banker rolled 10
Conservative Banker moved to square 4 : Go
Aggressive Invester rolled 2
Aggressive Invester moved to square 0 : Go
Risk Taker rolled 9
Risk Taker moved to square 18 : Go
currunt round is : 332
Oppotunistic Trader rolled 11
Oppotunistic Trader moved to square 13 : Go
Conservative Banker rolled 6
Conservative Banker moved to square 10 : Go
Aggressive Invester rolled 8
Aggressive Invester moved to square 8 : Go
Risk Taker rolled 8
Risk Taker moved to square 26 : Go
currunt round is : 333
Oppotunistic Trader rolled 3
Oppotunistic Trader moved to square 16 : Go
Conservative Banker rolled 3
Conservative Banker moved to square 13 : Go
Aggressive Invester rolled 2
Aggressive Invester moved to square 10 : Go
Risk Taker rolled 10
Risk Taker moved to square 36 : Go
currunt round is : 333
Oppotunistic Trader rolled 6
Oppotunistic Trader moved to square 22 : Go
Conservative Banker rolled 4
Conservative Banker moved to square 17 : Go
Aggressive Invester rolled 12
Aggressive Invester moved to square 22 : Go
Risk Taker rolled 7
Risk Taker moved to square 4 : Go
currunt round is : 333
Oppotunistic Trader rolled 5
Oppotunistic Trader moved to square 27 : Go
Conservative Banker rolled 11
Conservative Banker moved to square 28 : Go
Aggressive Invester rolled 5
Aggressive Invester moved to square 27 : Go
Risk Taker rolled 4
Risk Taker moved to square 8 : Go
currunt round is : 333
Oppotunistic Trader rolled 8
Oppotunistic Trader moved to square 35 : Go
Conservative Banker rolled 8
Conservative Banker moved to square 36 : Go
Aggressive Invester rolled 6
Aggressive Invester moved to square 33 : Go
Risk Taker rolled 2
Risk Taker moved to square 10 : Go
currunt round is : 333
Oppotunistic Trader rolled 6
Oppotunistic Trader moved to square 2 : Go
Conservative Banker rolled 10
Conservative Banker moved to square 7 : Go
Aggressive Invester rolled 4
Aggressive Invester moved to square 37 : Go
Risk Taker rolled 11
Risk Taker moved to square 21 : Go
currunt round is : 333
Oppotunistic Trader rolled 8
Oppotunistic Trader moved to square 10 : Go
Conservative Banker rolled 6
Conservative Banker moved to square 13 : Go
Aggressive Invester rolled 2
Aggressive Invester moved to square 0 : Go
Risk Taker rolled 6
Risk Taker moved to square 27 : Go
currunt round is : 334
Oppotunistic Trader rolled 2
Oppotunistic Trader moved to square 12 : Go
Conservative Banker rolled 11
Conservative Banker moved to square 24 : Go
Aggressive Invester rolled 2
Aggressive Invester moved to square 2 : Go
Risk Taker rolled 11
Risk Taker moved to square 38 : Go
currunt round is : 334
Oppotunistic Trader rolled 4
Oppotunistic Trader moved to square 16 : Go
Conservative Banker rolled 8
Conservative Banker moved to square 32 : Go
Aggressive Invester rolled 4
Aggressive Invester moved to square 6 : Go
Risk Taker rolled 3
Risk Taker moved to square 2 : Go
currunt round is : 334
Oppotunistic Trader rolled 8
Oppotunistic Trader moved to square 24 : Go
Conservative Banker rolled 4
Conservative Banker moved to square 36 : Go
Aggressive Invester rolled 11
Aggressive Invester moved to square 17 : Go
Risk Taker rolled 10
Risk Taker moved to square 12 : Go
currunt round is : 334
Oppotunistic Trader rolled 6
Oppotunistic Trader moved to square 30 : Go
Conservative Banker rolled 8
Conservative Banker moved to square 5 : Go
Aggressive Invester rolled 2
Aggressive Invester moved to square 19 : Go
Risk Taker rolled 8
Risk Taker moved to square 20 : Go
currunt round is : 334
Oppotunistic Trader rolled 7
Oppotunistic Trader moved to square 37 : Go
Conservative Banker rolled 6
Conservative Banker moved to square 11 : Go
Aggressive Invester rolled 10
Aggressive Invester moved to square 29 : Go
Risk Taker rolled 11
Risk Taker moved to square 31 : Go
currunt round is : 334
Oppotunistic Trader rolled 12
Oppotunistic Trader moved to square 10 : Go
Conservative Banker rolled 12
Conservative Banker moved to square 23 : Go
Aggressive Invester rolled 11
Aggressive Invester moved to square 1 : Pettah
Risk Taker rolled 5
Risk Taker moved to square 36 : Go
currunt round is : 334
Oppotunistic Trader rolled 9
Oppotunistic Trader moved to square 19 : Go
Conservative Banker rolled 12
Conservative Banker moved to square 35 : Go
Aggressive Invester rolled 3
Aggressive Invester moved to square 4 : Go
Risk Taker rolled 4
Risk Taker moved to square 1 : Pettah
currunt round is : 335
Oppotunistic Trader rolled 5
Oppotunistic Trader moved to square 24 : Go
Conservative Banker rolled 2
Conservative Banker moved to square 37 : Go
Aggressive Invester rolled 6
Aggressive Invester moved to square 10 : Go
Risk Taker rolled 5
Risk Taker moved to square 6 : Go
currunt round is : 335
Oppotunistic Trader rolled 11
Oppotunistic Trader moved to square 35 : Go
Conservative Banker rolled 4
Conservative Banker moved to square 2 : Go
Aggressive Invester rolled 12
Aggressive Invester moved to square 22 : Go
Risk Taker rolled 3
Risk Taker moved to square 9 : Go
currunt round is : 335
Oppotunistic Trader rolled 9
Oppotunistic Trader moved to square 5 : Go
Conservative Banker rolled 3
Conservative Banker moved to square 5 : Go
Aggressive Invester rolled 4
Aggressive Invester moved to square 26 : Go
Risk Taker rolled 2
Risk Taker moved to square 11 : Go
currunt round is : 335
Oppotunistic Trader rolled 5
Oppotunistic Trader moved to square 10 : Go
Conservative Banker rolled 12
Conservative Banker moved to square 17 : Go
Aggressive Invester rolled 10
Aggressive Invester moved to square 36 : Go
Risk Taker rolled 8
Risk Taker moved to square 19 : Go
currunt round is : 336
Oppotunistic Trader rolled 5
Oppotunistic Trader moved to square 15 : Go
Conservative Banker rolled 10
Conservative Banker moved to square 27 : Go
Aggressive Invester rolled 3
Aggressive Invester moved to square 0 : Go
Risk Taker rolled 10
Risk Taker moved to square 29 : Go
currunt round is : 336
Oppotunistic Trader rolled 12
Oppotunistic Trader moved to square 27 : Go
Conservative Banker rolled 9
Conservative Banker moved to square 36 : Go
Aggressive Invester rolled 7
Aggressive Invester moved to square 7 : Go
Risk Taker rolled 11
Risk Taker moved to square 1 : Pettah
currunt round is : 336
Oppotunistic Trader rolled 8
Oppotunistic Trader moved to square 35 : Go
Conservative Banker rolled 5
Conservative Banker moved to square 2 : Go
Aggressive Invester rolled 12
Aggressive Invester moved to square 19 : Go
Risk Taker rolled 5
Risk Taker moved to square 6 : Go
currunt round is : 336
Oppotunistic Trader rolled 2
Oppotunistic Trader moved to square 37 : Go
Conservative Banker rolled 12
Conservative Banker moved to square 14 : Go
Aggressive Invester rolled 5
Aggressive Invester moved to square 24 : Go
Risk Taker rolled 4
Risk Taker moved to square 10 : Go
currunt round is : 336
Oppotunistic Trader rolled 10
Oppotunistic Trader moved to square 8 : Go
Conservative Banker rolled 8
Conservative Banker moved to square 22 : Go
Aggressive Invester rolled 5
Aggressive Invester moved to square 29 : Go
Risk Taker rolled 8
Risk Taker moved to square 18 : Go
currunt round is : 336
Oppotunistic Trader rolled 10
Oppotunistic Trader moved to square 18 : Go
Conservative Banker rolled 3
Conservative Banker moved to square 25 : Go
Aggressive Invester rolled 7
Aggressive Invester moved to square 36 : Go
Risk Taker rolled 4
Risk Taker moved to square 22 : Go
currunt round is : 337
Oppotunistic Trader rolled 4
Oppotunistic Trader moved to square 22 : Go
Conservative Banker rolled 8
Conservative Banker moved to square 33 : Go
Aggressive Invester rolled 4
Aggressive Invester moved to square 1 : Pettah
Risk Taker rolled 6
Risk Taker moved to square 28 : Go
currunt round is : 337
Oppotunistic Trader rolled 7
Oppotunistic Trader moved to square 29 : Go
Conservative Banker rolled 12
Conservative Banker moved to square 6 : Go
Aggressive Invester rolled 10
Aggressive Invester moved to square 11 : Go
Risk Taker rolled 10
Risk Taker moved to square 38 : Go
currunt round is : 337
Oppotunistic Trader rolled 8
Oppotunistic Trader moved to square 37 : Go
Conservative Banker rolled 9
Conservative Banker moved to square 15 : Go
Aggressive Invester rolled 6
Aggressive Invester moved to square 17 : Go
Risk Taker rolled 7
Risk Taker moved to square 6 : Go
currunt round is : 337
Oppotunistic Trader rolled 5
Oppotunistic Trader moved to square 3 : Colombo Fort Railway Station
Conservative Banker rolled 11
Conservative Banker moved to square 26 : Go
Aggressive Invester rolled 4
Aggressive Invester moved to square 21 : Go
Risk Taker rolled 11
Risk Taker moved to square 17 : Go
currunt round is : 337
Oppotunistic Trader rolled 12
Oppotunistic Trader moved to square 15 : Go
Conservative Banker rolled 12
Conservative Banker moved to square 38 : Go
Aggressive Invester rolled 12
Aggressive Invester moved to square 33 : Go
Risk Taker rolled 2
Risk Taker moved to square 19 : Go
currunt round is : 338
Oppotunistic Trader rolled 9
Oppotunistic Trader moved to square 24 : Go
Conservative Banker rolled 5
Conservative Banker moved to square 4 : Go
Aggressive Invester rolled 2
Aggressive Invester moved to square 35 : Go
Risk Taker rolled 6
Risk Taker moved to square 25 : Go
currunt round is : 338
Oppotunistic Trader rolled 9
Oppotunistic Trader moved to square 33 : Go
Conservative Banker rolled 3
Conservative Banker moved to square 7 : Go
Aggressive Invester rolled 2
Aggressive Invester moved to square 37 : Go
Risk Taker rolled 6
Risk Taker moved to square 31 : Go
currunt round is : 338
Oppotunistic Trader rolled 4
Oppotunistic Trader moved to square 37 : Go
Conservative Banker rolled 5
Conservative Banker moved to square 12 : Go
Aggressive Invester rolled 9
Aggressive Invester moved to square 7 : Go
Risk Taker rolled 5
Risk Taker moved to square 36 : Go
currunt round is : 338
Oppotunistic Trader rolled 11
Oppotunistic Trader moved to square 9 : Go
Conservative Banker rolled 11
Conservative Banker moved to square 23 : Go
Aggressive Invester rolled 7
Aggressive Invester moved to square 14 : Go
Risk Taker rolled 3
Risk Taker moved to square 0 : Go
currunt round is : 338
Oppotunistic Trader rolled 9
Oppotunistic Trader moved to square 18 : Go
Conservative Banker rolled 4
Conservative Banker moved to square 27 : Go
Aggressive Invester rolled 10
Aggressive Invester moved to square 24 : Go
Risk Taker rolled 2
Risk Taker moved to square 2 : Go
currunt round is : 339
Oppotunistic Trader rolled 9
Oppotunistic Trader moved to square 27 : Go
Conservative Banker rolled 3
Conservative Banker moved to square 30 : Go
Aggressive Invester rolled 7
Aggressive Invester moved to square 31 : Go
Risk Taker rolled 12
Risk Taker moved to square 14 : Go
currunt round is : 339
Oppotunistic Trader rolled 10
Oppotunistic Trader moved to square 37 : Go
Conservative Banker rolled 7
Conservative Banker moved to square 37 : Go
Aggressive Invester rolled 10
Aggressive Invester moved to square 2 : Go
Risk Taker rolled 9
Risk Taker moved to square 23 : Go
currunt round is : 339
Oppotunistic Trader rolled 5
Oppotunistic Trader moved to square 3 : Colombo Fort Railway Station
Conservative Banker rolled 10
Conservative Banker moved to square 8 : Go
Aggressive Invester rolled 7
Aggressive Invester moved to square 9 : Go
Risk Taker rolled 12
Risk Taker moved to square 35 : Go
currunt round is : 339
Oppotunistic Trader rolled 11
Oppotunistic Trader moved to square 14 : Go
Conservative Banker rolled 5
Conservative Banker moved to square 13 : Go
Aggressive Invester rolled 6
Aggressive Invester moved to square 15 : Go
Risk Taker rolled 7
Risk Taker moved to square 3 : Colombo Fort Railway Station
currunt round is : 340
Oppotunistic Trader rolled 7
Oppotunistic Trader moved to square 21 : Go
Conservative Banker rolled 4
Conservative Banker moved to square 17 : Go
Aggressive Invester rolled 9
Aggressive Invester moved to square 24 : Go
Risk Taker rolled 9
Risk Taker moved to square 12 : Go
currunt round is : 340
Oppotunistic Trader rolled 7
Oppotunistic Trader moved to square 28 : Go
Conservative Banker rolled 3
Conservative Banker moved to square 20 : Go
Aggressive Invester rolled 12
Aggressive Invester moved to square 36 : Go
Risk Taker rolled 4
Risk Taker moved to square 16 : Go
currunt round is : 340
Oppotunistic Trader rolled 2
Oppotunistic Trader moved to square 30 : Go
Conservative Banker rolled 6
Conservative Banker moved to square 26 : Go
Aggressive Invester rolled 5
Aggressive Invester moved to square 2 : Go
Risk Taker rolled 7
Risk Taker moved to square 23 : Go
currunt round is : 340
Oppotunistic Trader rolled 6
Oppotunistic Trader moved to square 36 : Go
Conservative Banker rolled 2
Conservative Banker moved to square 28 : Go
Aggressive Invester rolled 7
Aggressive Invester moved to square 9 : Go
Risk Taker rolled 2
Risk Taker moved to square 25 : Go
currunt round is : 340
Oppotunistic Trader rolled 12
Oppotunistic Trader moved to square 9 : Go
Conservative Banker rolled 10
Conservative Banker moved to square 38 : Go
Aggressive Invester rolled 10
Aggressive Invester moved to square 19 : Go
Risk Taker rolled 9
Risk Taker moved to square 34 : Go
currunt round is : 340
Oppotunistic Trader rolled 3
Oppotunistic Trader moved to square 12 : Go
Conservative Banker rolled 8
Conservative Banker moved to square 7 : Go
Aggressive Invester rolled 6
Aggressive Invester moved to square 25 : Go
Risk Taker rolled 6
Risk Taker moved to square 1 : Pettah
currunt round is : 341
Oppotunistic Trader rolled 3
Oppotunistic Trader moved to square 15 : Go
Conservative Banker rolled 9
Conservative Banker moved to square 16 : Go
Aggressive Invester rolled 5
Aggressive Invester moved to square 30 : Go
Risk Taker rolled 10
Risk Taker moved to square 11 : Go
currunt round is : 341
Oppotunistic Trader rolled 2
Oppotunistic Trader moved to square 17 : Go
Conservative Banker rolled 9
Conservative Banker moved to square 25 : Go
Aggressive Invester rolled 2
Aggressive Invester moved to square 32 : Go
Risk Taker rolled 7
Risk Taker moved to square 18 : Go
currunt round is : 341
Oppotunistic Trader rolled 9
Oppotunistic Trader moved to square 26 : Go
Conservative Banker rolled 7
Conservative Banker moved to square 32 : Go
Aggressive Invester rolled 12
Aggressive Invester moved to square 5 : Go
Risk Taker rolled 2
Risk Taker moved to square 20 : Go
currunt round is : 341
Oppotunistic Trader rolled 9
Oppotunistic Trader moved to square 35 : Go
Conservative Banker rolled 12
Conservative Banker moved to square 5 : Go
Aggressive Invester rolled 4
Aggressive Invester moved to square 9 : Go
Risk Taker rolled 7
Risk Taker moved to square 27 : Go
currunt round is : 341
Oppotunistic Trader rolled 3
Oppotunistic Trader moved to square 38 : Go
Conservative Banker rolled 7
Conservative Banker moved to square 12 : Go
Aggressive Invester rolled 12
Aggressive Invester moved to square 21 : Go
Risk Taker rolled 6
Risk Taker moved to square 33 : Go
currunt round is : 341
Oppotunistic Trader rolled 8
Oppotunistic Trader moved to square 7 : Go
Conservative Banker rolled 4
Conservative Banker moved to square 16 : Go
Aggressive Invester rolled 4
Aggressive Invester moved to square 25 : Go
Risk Taker rolled 5
Risk Taker moved to square 38 : Go
currunt round is : 341
Oppotunistic Trader rolled 10
Oppotunistic Trader moved to square 17 : Go
Conservative Banker rolled 2
Conservative Banker moved to square 18 : Go
Aggressive Invester rolled 2
Aggressive Invester moved to square 27 : Go
Risk Taker rolled 11
Risk Taker moved to square 10 : Go
currunt round is : 342
Oppotunistic Trader rolled 6
Oppotunistic Trader moved to square 23 : Go
Conservative Banker rolled 4
Conservative Banker moved to square 22 : Go
Aggressive Invester rolled 4
Aggressive Invester moved to square 31 : Go
Risk Taker rolled 5
Risk Taker moved to square 15 : Go
currunt round is : 342
Oppotunistic Trader rolled 11
Oppotunistic Trader moved to square 34 : Go
Conservative Banker rolled 6
Conservative Banker moved to square 28 : Go
Aggressive Invester rolled 2
Aggressive Invester moved to square 33 : Go
Risk Taker rolled 9
Risk Taker moved to square 24 : Go
currunt round is : 342
Oppotunistic Trader rolled 11
Oppotunistic Trader moved to square 6 : Go
Conservative Banker rolled 11
Conservative Banker moved to square 0 : Go
Aggressive Invester rolled 3
Aggressive Invester moved to square 36 : Go
Risk Taker rolled 8
Risk Taker moved to square 32 : Go
currunt round is : 342
Oppotunistic Trader rolled 5
Oppotunistic Trader moved to square 11 : Go
Conservative Banker rolled 12
Conservative Banker moved to square 12 : Go
Aggressive Invester rolled 8
Aggressive Invester moved to square 5 : Go
Risk Taker rolled 12
Risk Taker moved to square 5 : Go
currunt round is : 343
Oppotunistic Trader rolled 11
Oppotunistic Trader moved to square 22 : Go
Conservative Banker rolled 10
Conservative Banker moved to square 22 : Go
Aggressive Invester rolled 6
Aggressive Invester moved to square 11 : Go
Risk Taker rolled 10
Risk Taker moved to square 15 : Go
currunt round is : 343
Oppotunistic Trader rolled 2
Oppotunistic Trader moved to square 24 : Go
Conservative Banker rolled 3
Conservative Banker moved to square 25 : Go
Aggressive Invester rolled 12
Aggressive Invester moved to square 23 : Go
Risk Taker rolled 6
Risk Taker moved to square 21 : Go
currunt round is : 343
Oppotunistic Trader rolled 5
Oppotunistic Trader moved to square 29 : Go
Conservative Banker rolled 4
Conservative Banker moved to square 29 : Go
Aggressive Invester rolled 10
Aggressive Invester moved to square 33 : Go
Risk Taker rolled 3
Risk Taker moved to square 24 : Go
currunt round is : 343
Oppotunistic Trader rolled 4
Oppotunistic Trader moved to square 33 : Go
Conservative Banker rolled 10
Conservative Banker moved to square 0 : Go
Aggressive Invester rolled 12
Aggressive Invester moved to square 6 : Go
Risk Taker rolled 8
Risk Taker moved to square 32 : Go
currunt round is : 343
Oppotunistic Trader rolled 10
Oppotunistic Trader moved to square 4 : Go
Conservative Banker rolled 2
Conservative Banker moved to square 2 : Go
Aggressive Invester rolled 11
Aggressive Invester moved to square 17 : Go
Risk Taker rolled 6
Risk Taker moved to square 38 : Go
currunt round is : 343
Oppotunistic Trader rolled 6
Oppotunistic Trader moved to square 10 : Go
Conservative Banker rolled 9
Conservative Banker moved to square 11 : Go
Aggressive Invester rolled 3
Aggressive Invester moved to square 20 : Go
Risk Taker rolled 2
Risk Taker moved to square 1 : Pettah
currunt round is : 344
Oppotunistic Trader rolled 5
Oppotunistic Trader moved to square 15 : Go
Conservative Banker rolled 2
Conservative Banker moved to square 13 : Go
Aggressive Invester rolled 8
Aggressive Invester moved to square 28 : Go
Risk Taker rolled 8
Risk Taker moved to square 9 : Go
currunt round is : 344
Oppotunistic Trader rolled 12
Oppotunistic Trader moved to square 27 : Go
Conservative Banker rolled 12
Conservative Banker moved to square 25 : Go
Aggressive Invester rolled 8
Aggressive Invester moved to square 36 : Go
Risk Taker rolled 8
Risk Taker moved to square 17 : Go
currunt round is : 344
Oppotunistic Trader rolled 7
Oppotunistic Trader moved to square 34 : Go
Conservative Banker rolled 10
Conservative Banker moved to square 35 : Go
Aggressive Invester rolled 6
Aggressive Invester moved to square 3 : Colombo Fort Railway Station
Risk Taker rolled 8
Risk Taker moved to square 25 : Go
currunt round is : 344
Oppotunistic Trader rolled 12
Oppotunistic Trader moved to square 7 : Go
Conservative Banker rolled 5
Conservative Banker moved to square 1 : Pettah
Aggressive Invester rolled 12
Aggressive Invester moved to square 15 : Go
Risk Taker rolled 4
Risk Taker moved to square 29 : Go
currunt round is : 344
Oppotunistic Trader rolled 5
Oppotunistic Trader moved to square 12 : Go
Conservative Banker rolled 9
Conservative Banker moved to square 10 : Go
Aggressive Invester rolled 3
Aggressive Invester moved to square 18 : Go
Risk Taker rolled 7
Risk Taker moved to square 36 : Go
currunt round is : 345
Oppotunistic Trader rolled 4
Oppotunistic Trader moved to square 16 : Go
Conservative Banker rolled 12
Conservative Banker moved to square 22 : Go
Aggressive Invester rolled 11
Aggressive Invester moved to square 29 : Go
Risk Taker rolled 12
Risk Taker moved to square 9 : Go
currunt round is : 345
Oppotunistic Trader rolled 10
Oppotunistic Trader moved to square 26 : Go
Conservative Banker rolled 7
Conservative Banker moved to square 29 : Go
Aggressive Invester rolled 6
Aggressive Invester moved to square 35 : Go
Risk Taker rolled 3
Risk Taker moved to square 12 : Go
currunt round is : 345
Oppotunistic Trader rolled 12
Oppotunistic Trader moved to square 38 : Go
Conservative Banker rolled 5
Conservative Banker moved to square 34 : Go
Aggressive Invester rolled 12
Aggressive Invester moved to square 8 : Go
Risk Taker rolled 4
Risk Taker moved to square 16 : Go
currunt round is : 345
Oppotunistic Trader rolled 5
Oppotunistic Trader moved to square 4 : Go
Conservative Banker rolled 8
Conservative Banker moved to square 3 : Colombo Fort Railway Station
Aggressive Invester rolled 11
Aggressive Invester moved to square 19 : Go
Risk Taker rolled 5
Risk Taker moved to square 21 : Go
currunt round is : 345
Oppotunistic Trader rolled 5
Oppotunistic Trader moved to square 9 : Go
Conservative Banker rolled 4
Conservative Banker moved to square 7 : Go
Aggressive Invester rolled 9
Aggressive Invester moved to square 28 : Go
Risk Taker rolled 11
Risk Taker moved to square 32 : Go
currunt round is : 346
Oppotunistic Trader rolled 12
Oppotunistic Trader moved to square 21 : Go
Conservative Banker rolled 11
Conservative Banker moved to square 18 : Go
Aggressive Invester rolled 6
Aggressive Invester moved to square 34 : Go
Risk Taker rolled 9
Risk Taker moved to square 2 : Go
currunt round is : 346
Oppotunistic Trader rolled 2
Oppotunistic Trader moved to square 23 : Go
Conservative Banker rolled 3
Conservative Banker moved to square 21 : Go
Aggressive Invester rolled 10
Aggressive Invester moved to square 5 : Go
Risk Taker rolled 5
Risk Taker moved to square 7 : Go
currunt round is : 346
Oppotunistic Trader rolled 9
Oppotunistic Trader moved to square 32 : Go
Conservative Banker rolled 11
Conservative Banker moved to square 32 : Go
Aggressive Invester rolled 9
Aggressive Invester moved to square 14 : Go
Risk Taker rolled 11
Risk Taker moved to square 18 : Go
currunt round is : 346
Oppotunistic Trader rolled 10
Oppotunistic Trader moved to square 3 : Colombo Fort Railway Station
Conservative Banker rolled 5
Conservative Banker moved to square 37 : Go
Aggressive Invester rolled 9
Aggressive Invester moved to square 23 : Go
Risk Taker rolled 7
Risk Taker moved to square 25 : Go
currunt round is : 346
Oppotunistic Trader rolled 11
Oppotunistic Trader moved to square 14 : Go
Conservative Banker rolled 11
Conservative Banker moved to square 9 : Go
Aggressive Invester rolled 6
Aggressive Invester moved to square 29 : Go
Risk Taker rolled 8
Risk Taker moved to square 33 : Go
currunt round is : 347
Oppotunistic Trader rolled 3
Oppotunistic Trader moved to square 17 : Go
Conservative Banker rolled 6
Conservative Banker moved to square 15 : Go
Aggressive Invester rolled 11
Aggressive Invester moved to square 1 : Pettah
Risk Taker rolled 4
Risk Taker moved to square 37 : Go
currunt round is : 347
Oppotunistic Trader rolled 10
Oppotunistic Trader moved to square 27 : Go
Conservative Banker rolled 7
Conservative Banker moved to square 22 : Go
Aggressive Invester rolled 5
Aggressive Invester moved to square 6 : Go
Risk Taker rolled 11
Risk Taker moved to square 9 : Go
currunt round is : 347
Oppotunistic Trader rolled 9
Oppotunistic Trader moved to square 36 : Go
Conservative Banker rolled 2
Conservative Banker moved to square 24 : Go
Aggressive Invester rolled 9
Aggressive Invester moved to square 15 : Go
Risk Taker rolled 6
Risk Taker moved to square 15 : Go
currunt round is : 347
Oppotunistic Trader rolled 11
Oppotunistic Trader moved to square 8 : Go
Conservative Banker rolled 11
Conservative Banker moved to square 35 : Go
Aggressive Invester rolled 12
Aggressive Invester moved to square 27 : Go
Risk Taker rolled 11
Risk Taker moved to square 26 : Go
currunt round is : 347
Oppotunistic Trader rolled 2
Oppotunistic Trader moved to square 10 : Go
Conservative Banker rolled 9
Conservative Banker moved to square 5 : Go
Aggressive Invester rolled 4
Aggressive Invester moved to square 31 : Go
Risk Taker rolled 9
Risk Taker moved to square 35 : Go
currunt round is : 348
Oppotunistic Trader rolled 7
Oppotunistic Trader moved to square 17 : Go
Conservative Banker rolled 9
Conservative Banker moved to square 14 : Go
Aggressive Invester rolled 5
Aggressive Invester moved to square 36 : Go
Risk Taker rolled 3
Risk Taker moved to square 38 : Go
currunt round is : 348
Oppotunistic Trader rolled 12
Oppotunistic Trader moved to square 29 : Go
Conservative Banker rolled 12
Conservative Banker moved to square 26 : Go
Aggressive Invester rolled 6
Aggressive Invester moved to square 3 : Colombo Fort Railway Station
Risk Taker rolled 10
Risk Taker moved to square 9 : Go
currunt round is : 348
Oppotunistic Trader rolled 8
Oppotunistic Trader moved to square 37 : Go
Conservative Banker rolled 9
Conservative Banker moved to square 35 : Go
Aggressive Invester rolled 6
Aggressive Invester moved to square 9 : Go
Risk Taker rolled 7
Risk Taker moved to square 16 : Go
currunt round is : 348
Oppotunistic Trader rolled 11
Oppotunistic Trader moved to square 9 : Go
Conservative Banker rolled 2
Conservative Banker moved to square 37 : Go
Aggressive Invester rolled 10
Aggressive Invester moved to square 19 : Go
Risk Taker rolled 6
Risk Taker moved to square 22 : Go
currunt round is : 348
Oppotunistic Trader rolled 7
Oppotunistic Trader moved to square 16 : Go
Conservative Banker rolled 2
Conservative Banker moved to square 0 : Go
Aggressive Invester rolled 4
Aggressive Invester moved to square 23 : Go
Risk Taker rolled 12
Risk Taker moved to square 34 : Go
currunt round is : 349
Oppotunistic Trader rolled 11
Oppotunistic Trader moved to square 27 : Go
Conservative Banker rolled 12
Conservative Banker moved to square 12 : Go
Aggressive Invester rolled 3
Aggressive Invester moved to square 26 : Go
Risk Taker rolled 10
Risk Taker moved to square 5 : Go
currunt round is : 349
Oppotunistic Trader rolled 8
Oppotunistic Trader moved to square 35 : Go
Conservative Banker rolled 2
Conservative Banker moved to square 14 : Go
Aggressive Invester rolled 6
Aggressive Invester moved to square 32 : Go
Risk Taker rolled 8
Risk Taker moved to square 13 : Go
currunt round is : 349
Oppotunistic Trader rolled 9
Oppotunistic Trader moved to square 5 : Go
Conservative Banker rolled 8
Conservative Banker moved to square 22 : Go
Aggressive Invester rolled 2
Aggressive Invester moved to square 34 : Go
Risk Taker rolled 2
Risk Taker moved to square 15 : Go
currunt round is : 349
Oppotunistic Trader rolled 4
Oppotunistic Trader moved to square 9 : Go
Conservative Banker rolled 6
Conservative Banker moved to square 28 : Go
Aggressive Invester rolled 12
Aggressive Invester moved to square 7 : Go
Risk Taker rolled 2
Risk Taker moved to square 17 : Go
currunt round is : 350
Oppotunistic Trader rolled 3
Oppotunistic Trader moved to square 12 : Go
Conservative Banker rolled 5
Conservative Banker moved to square 33 : Go
Aggressive Invester rolled 10
Aggressive Invester moved to square 17 : Go
Risk Taker rolled 10
Risk Taker moved to square 27 : Go
currunt round is : 350
Oppotunistic Trader rolled 10
Oppotunistic Trader moved to square 22 : Go
Conservative Banker rolled 12
Conservative Banker moved to square 6 : Go
Aggressive Invester rolled 4
Aggressive Invester moved to square 21 : Go
Risk Taker rolled 6
Risk Taker moved to square 33 : Go
currunt round is : 350
Oppotunistic Trader rolled 10
Oppotunistic Trader moved to square 32 : Go
Conservative Banker rolled 10
Conservative Banker moved to square 16 : Go
Aggressive Invester rolled 10
Aggressive Invester moved to square 31 : Go
Risk Taker rolled 4
Risk Taker moved to square 37 : Go
currunt round is : 350
Oppotunistic Trader rolled 9
Oppotunistic Trader moved to square 2 : Go
Conservative Banker rolled 2
Conservative Banker moved to square 18 : Go
Aggressive Invester rolled 12
Aggressive Invester moved to square 4 : Go
Risk Taker rolled 7
Risk Taker moved to square 5 : Go
currunt round is : 350
Oppotunistic Trader rolled 10
Oppotunistic Trader moved to square 12 : Go
Conservative Banker rolled 12
Conservative Banker moved to square 30 : Go
Aggressive Invester rolled 2
Aggressive Invester moved to square 6 : Go
Risk Taker rolled 5
Risk Taker moved to square 10 : Go
currunt round is : 351
Oppotunistic Trader rolled 12
Oppotunistic Trader moved to square 24 : Go
Conservative Banker rolled 7
Conservative Banker moved to square 37 : Go
Aggressive Invester rolled 10
Aggressive Invester moved to square 16 : Go
Risk Taker rolled 7
Risk Taker moved to square 17 : Go
currunt round is : 351
Oppotunistic Trader rolled 11
Oppotunistic Trader moved to square 35 : Go
Conservative Banker rolled 10
Conservative Banker moved to square 8 : Go
Aggressive Invester rolled 7
Aggressive Invester moved to square 23 : Go
Risk Taker rolled 12
Risk Taker moved to square 29 : Go
currunt round is : 351
Oppotunistic Trader rolled 3
Oppotunistic Trader moved to square 38 : Go
Conservative Banker rolled 6
Conservative Banker moved to square 14 : Go
Aggressive Invester rolled 12
Aggressive Invester moved to square 35 : Go
Risk Taker rolled 5
Risk Taker moved to square 34 : Go
currunt round is : 351
Oppotunistic Trader rolled 7
Oppotunistic Trader moved to square 6 : Go
Conservative Banker rolled 7
Conservative Banker moved to square 21 : Go
Aggressive Invester rolled 11
Aggressive Invester moved to square 7 : Go
Risk Taker rolled 3
Risk Taker moved to square 37 : Go
currunt round is : 351
Oppotunistic Trader rolled 5
Oppotunistic Trader moved to square 11 : Go
Conservative Banker rolled 11
Conservative Banker moved to square 32 : Go
Aggressive Invester rolled 7
Aggressive Invester moved to square 14 : Go
Risk Taker rolled 2
Risk Taker moved to square 0 : Go
currunt round is : 352
Oppotunistic Trader rolled 7
Oppotunistic Trader moved to square 18 : Go
Conservative Banker rolled 5
Conservative Banker moved to square 37 : Go
Aggressive Invester rolled 3
Aggressive Invester moved to square 17 : Go
Risk Taker rolled 3
Risk Taker moved to square 3 : Colombo Fort Railway Station
currunt round is : 352
Oppotunistic Trader rolled 3
Oppotunistic Trader moved to square 21 : Go
Conservative Banker rolled 2
Conservative Banker moved to square 0 : Go
Aggressive Invester rolled 6
Aggressive Invester moved to square 23 : Go
Risk Taker rolled 9
Risk Taker moved to square 12 : Go
currunt round is : 352
Oppotunistic Trader rolled 12
Oppotunistic Trader moved to square 33 : Go
Conservative Banker rolled 7
Conservative Banker moved to square 7 : Go
Aggressive Invester rolled 10
Aggressive Invester moved to square 33 : Go
Risk Taker rolled 10
Risk Taker moved to square 22 : Go
currunt round is : 352
Oppotunistic Trader rolled 10
Oppotunistic Trader moved to square 4 : Go
Conservative Banker rolled 7
Conservative Banker moved to square 14 : Go
Aggressive Invester rolled 4
Aggressive Invester moved to square 37 : Go
Risk Taker rolled 8
Risk Taker moved to square 30 : Go
currunt round is : 352
Oppotunistic Trader rolled 3
Oppotunistic Trader moved to square 7 : Go
Conservative Banker rolled 9
Conservative Banker moved to square 23 : Go
Aggressive Invester rolled 5
Aggressive Invester moved to square 3 : Colombo Fort Railway Station
Risk Taker rolled 4
Risk Taker moved to square 34 : Go
currunt round is : 353
Oppotunistic Trader rolled 11
Oppotunistic Trader moved to square 18 : Go
Conservative Banker rolled 4
Conservative Banker moved to square 27 : Go
Aggressive Invester rolled 5
Aggressive Invester moved to square 8 : Go
Risk Taker rolled 3
Risk Taker moved to square 37 : Go
currunt round is : 353
Oppotunistic Trader rolled 8
Oppotunistic Trader moved to square 26 : Go
Conservative Banker rolled 12
Conservative Banker moved to square 0 : Go
Aggressive Invester rolled 4
Aggressive Invester moved to square 12 : Go
Risk Taker rolled 11
Risk Taker moved to square 9 : Go
currunt round is : 353
Oppotunistic Trader rolled 11
Oppotunistic Trader moved to square 37 : Go
Conservative Banker rolled 10
Conservative Banker moved to square 10 : Go
Aggressive Invester rolled 11
Aggressive Invester moved to square 23 : Go
Risk Taker rolled 5
Risk Taker moved to square 14 : Go
currunt round is : 353
Oppotunistic Trader rolled 11
Oppotunistic Trader moved to square 9 : Go
Conservative Banker rolled 12
Conservative Banker moved to square 22 : Go
Aggressive Invester rolled 4
Aggressive Invester moved to square 27 : Go
Risk Taker rolled 10
Risk Taker moved to square 24 : Go
currunt round is : 353
Oppotunistic Trader rolled 11
Oppotunistic Trader moved to square 20 : Go
Conservative Banker rolled 8
Conservative Banker moved to square 30 : Go
Aggressive Invester rolled 6
Aggressive Invester moved to square 33 : Go
Risk Taker rolled 8
Risk Taker moved to square 32 : Go
currunt round is : 354
Oppotunistic Trader rolled 2
Oppotunistic Trader moved to square 22 : Go
Conservative Banker rolled 3
Conservative Banker moved to square 33 : Go
Aggressive Invester rolled 5
Aggressive Invester moved to square 38 : Go
Risk Taker rolled 10
Risk Taker moved to square 3 : Colombo Fort Railway Station
currunt round is : 354
Oppotunistic Trader rolled 7
Oppotunistic Trader moved to square 29 : Go
Conservative Banker rolled 7
Conservative Banker moved to square 1 : Pettah
Aggressive Invester rolled 4
Aggressive Invester moved to square 3 : Colombo Fort Railway Station
Risk Taker rolled 8
Risk Taker moved to square 11 : Go
currunt round is : 354
Oppotunistic Trader rolled 12
Oppotunistic Trader moved to square 2 : Go
Conservative Banker rolled 7
Conservative Banker moved to square 8 : Go
Aggressive Invester rolled 10
Aggressive Invester moved to square 13 : Go
Risk Taker rolled 8
Risk Taker moved to square 19 : Go
currunt round is : 354
Oppotunistic Trader rolled 8
Oppotunistic Trader moved to square 10 : Go
Conservative Banker rolled 12
Conservative Banker moved to square 20 : Go
Aggressive Invester rolled 8
Aggressive Invester moved to square 21 : Go
Risk Taker rolled 3
Risk Taker moved to square 22 : Go
currunt round is : 355
Oppotunistic Trader rolled 11
Oppotunistic Trader moved to square 21 : Go
Conservative Banker rolled 10
Conservative Banker moved to square 30 : Go
Aggressive Invester rolled 12
Aggressive Invester moved to square 33 : Go
Risk Taker rolled 7
Risk Taker moved to square 29 : Go
currunt round is : 355
Oppotunistic Trader rolled 5
Oppotunistic Trader moved to square 26 : Go
Conservative Banker rolled 8
Conservative Banker moved to square 38 : Go
Aggressive Invester rolled 10
Aggressive Invester moved to square 4 : Go
Risk Taker rolled 12
Risk Taker moved to square 2 : Go
currunt round is : 355
Oppotunistic Trader rolled 8
Oppotunistic Trader moved to square 34 : Go
Conservative Banker rolled 10
Conservative Banker moved to square 9 : Go
Aggressive Invester rolled 9
Aggressive Invester moved to square 13 : Go
Risk Taker rolled 6
Risk Taker moved to square 8 : Go
currunt round is : 355
Oppotunistic Trader rolled 6
Oppotunistic Trader moved to square 1 : Pettah
Conservative Banker rolled 2
Conservative Banker moved to square 11 : Go
Aggressive Invester rolled 10
Aggressive Invester moved to square 23 : Go
Risk Taker rolled 4
Risk Taker moved to square 12 : Go
currunt round is : 355
Oppotunistic Trader rolled 2
Oppotunistic Trader moved to square 3 : Colombo Fort Railway Station
Conservative Banker rolled 3
Conservative Banker moved to square 14 : Go
Aggressive Invester rolled 2
Aggressive Invester moved to square 25 : Go
Risk Taker rolled 7
Risk Taker moved to square 19 : Go
currunt round is : 356
Oppotunistic Trader rolled 6
Oppotunistic Trader moved to square 9 : Go
Conservative Banker rolled 2
Conservative Banker moved to square 16 : Go
Aggressive Invester rolled 2
Aggressive Invester moved to square 27 : Go
Risk Taker rolled 4
Risk Taker moved to square 23 : Go
currunt round is : 356
Oppotunistic Trader rolled 5
Oppotunistic Trader moved to square 14 : Go
Conservative Banker rolled 8
Conservative Banker moved to square 24 : Go
Aggressive Invester rolled 10
Aggressive Invester moved to square 37 : Go
Risk Taker rolled 11
Risk Taker moved to square 34 : Go
currunt round is : 356
Oppotunistic Trader rolled 5
Oppotunistic Trader moved to square 19 : Go
Conservative Banker rolled 5
Conservative Banker moved to square 29 : Go
Aggressive Invester rolled 10
Aggressive Invester moved to square 8 : Go
Risk Taker rolled 4
Risk Taker moved to square 38 : Go
currunt round is : 356
Oppotunistic Trader rolled 12
Oppotunistic Trader moved to square 31 : Go
Conservative Banker rolled 9
Conservative Banker moved to square 38 : Go
Aggressive Invester rolled 7
Aggressive Invester moved to square 15 : Go
Risk Taker rolled 2
Risk Taker moved to square 1 : Pettah
currunt round is : 356
Oppotunistic Trader rolled 5
Oppotunistic Trader moved to square 36 : Go
Conservative Banker rolled 3
Conservative Banker moved to square 2 : Go
Aggressive Invester rolled 2
Aggressive Invester moved to square 17 : Go
Risk Taker rolled 9
Risk Taker moved to square 10 : Go
currunt round is : 356
Oppotunistic Trader rolled 11
Oppotunistic Trader moved to square 8 : Go
Conservative Banker rolled 9
Conservative Banker moved to square 11 : Go
Aggressive Invester rolled 11
Aggressive Invester moved to square 28 : Go
Risk Taker rolled 4
Risk Taker moved to square 14 : Go
currunt round is : 356
Oppotunistic Trader rolled 10
Oppotunistic Trader moved to square 18 : Go
Conservative Banker rolled 8
Conservative Banker moved to square 19 : Go
Aggressive Invester rolled 7
Aggressive Invester moved to square 35 : Go
Risk Taker rolled 10
Risk Taker moved to square 24 : Go
currunt round is : 357
Oppotunistic Trader rolled 7
Oppotunistic Trader moved to square 25 : Go
Conservative Banker rolled 5
Conservative Banker moved to square 24 : Go
Aggressive Invester rolled 4
Aggressive Invester moved to square 0 : Go
Risk Taker rolled 12
Risk Taker moved to square 36 : Go
currunt round is : 357
Oppotunistic Trader rolled 5
Oppotunistic Trader moved to square 30 : Go
Conservative Banker rolled 2
Conservative Banker moved to square 26 : Go
Aggressive Invester rolled 3
Aggressive Invester moved to square 3 : Colombo Fort Railway Station
Risk Taker rolled 6
Risk Taker moved to square 3 : Colombo Fort Railway Station
currunt round is : 357
Oppotunistic Trader rolled 8
Oppotunistic Trader moved to square 38 : Go
Conservative Banker rolled 9
Conservative Banker moved to square 35 : Go
Aggressive Invester rolled 5
Aggressive Invester moved to square 8 : Go
Risk Taker rolled 10
Risk Taker moved to square 13 : Go
currunt round is : 357
Oppotunistic Trader rolled 11
Oppotunistic Trader moved to square 10 : Go
Conservative Banker rolled 2
Conservative Banker moved to square 37 : Go
Aggressive Invester rolled 12
Aggressive Invester moved to square 20 : Go
Risk Taker rolled 8
Risk Taker moved to square 21 : Go
currunt round is : 357
Oppotunistic Trader rolled 8
Oppotunistic Trader moved to square 18 : Go
Conservative Banker rolled 6
Conservative Banker moved to square 4 : Go
Aggressive Invester rolled 8
Aggressive Invester moved to square 28 : Go
Risk Taker rolled 9
Risk Taker moved to square 30 : Go
currunt round is : 358
Oppotunistic Trader rolled 5
Oppotunistic Trader moved to square 23 : Go
Conservative Banker rolled 8
Conservative Banker moved to square 12 : Go
Aggressive Invester rolled 5
Aggressive Invester moved to square 33 : Go
Risk Taker rolled 4
Risk Taker moved to square 34 : Go
currunt round is : 358
Oppotunistic Trader rolled 5
Oppotunistic Trader moved to square 28 : Go
Conservative Banker rolled 12
Conservative Banker moved to square 24 : Go
Aggressive Invester rolled 6
Aggressive Invester moved to square 0 : Go
Risk Taker rolled 11
Risk Taker moved to square 6 : Go
currunt round is : 358
Oppotunistic Trader rolled 5
Oppotunistic Trader moved to square 33 : Go
Conservative Banker rolled 9
Conservative Banker moved to square 33 : Go
Aggressive Invester rolled 6
Aggressive Invester moved to square 6 : Go
Risk Taker rolled 11
Risk Taker moved to square 17 : Go
currunt round is : 358
Oppotunistic Trader rolled 12
Oppotunistic Trader moved to square 6 : Go
Conservative Banker rolled 8
Conservative Banker moved to square 2 : Go
Aggressive Invester rolled 8
Aggressive Invester moved to square 14 : Go
Risk Taker rolled 2
Risk Taker moved to square 19 : Go
currunt round is : 358
Oppotunistic Trader rolled 6
Oppotunistic Trader moved to square 12 : Go
Conservative Banker rolled 9
Conservative Banker moved to square 11 : Go
Aggressive Invester rolled 7
Aggressive Invester moved to square 21 : Go
Risk Taker rolled 10
Risk Taker moved to square 29 : Go
currunt round is : 359
Oppotunistic Trader rolled 3
Oppotunistic Trader moved to square 15 : Go
Conservative Banker rolled 8
Conservative Banker moved to square 19 : Go
Aggressive Invester rolled 7
Aggressive Invester moved to square 28 : Go
Risk Taker rolled 10
Risk Taker moved to square 0 : Go
currunt round is : 359
Oppotunistic Trader rolled 8
Oppotunistic Trader moved to square 23 : Go
Conservative Banker rolled 4
Conservative Banker moved to square 23 : Go
Aggressive Invester rolled 5
Aggressive Invester moved to square 33 : Go
Risk Taker rolled 12
Risk Taker moved to square 12 : Go
currunt round is : 359
Oppotunistic Trader rolled 7
Oppotunistic Trader moved to square 30 : Go
Conservative Banker rolled 10
Conservative Banker moved to square 33 : Go
Aggressive Invester rolled 8
Aggressive Invester moved to square 2 : Go
Risk Taker rolled 10
Risk Taker moved to square 22 : Go
currunt round is : 359
Oppotunistic Trader rolled 5
Oppotunistic Trader moved to square 35 : Go
Conservative Banker rolled 9
Conservative Banker moved to square 3 : Colombo Fort Railway Station
Aggressive Invester rolled 12
Aggressive Invester moved to square 14 : Go
Risk Taker rolled 6
Risk Taker moved to square 28 : Go
currunt round is : 359
Oppotunistic Trader rolled 6
Oppotunistic Trader moved to square 2 : Go
Conservative Banker rolled 4
Conservative Banker moved to square 7 : Go
Aggressive Invester rolled 2
Aggressive Invester moved to square 16 : Go
Risk Taker rolled 10
Risk Taker moved to square 38 : Go
currunt round is : 359
Oppotunistic Trader rolled 11
Oppotunistic Trader moved to square 13 : Go
Conservative Banker rolled 6
Conservative Banker moved to square 13 : Go
Aggressive Invester rolled 6
Aggressive Invester moved to square 22 : Go
Risk Taker rolled 9
Risk Taker moved to square 8 : Go
currunt round is : 360
Oppotunistic Trader rolled 10
Oppotunistic Trader moved to square 23 : Go
Conservative Banker rolled 12
Conservative Banker moved to square 25 : Go
Aggressive Invester rolled 7
Aggressive Invester moved to square 29 : Go
Risk Taker rolled 3
Risk Taker moved to square 11 : Go
currunt round is : 360
Oppotunistic Trader rolled 6
Oppotunistic Trader moved to square 29 : Go
Conservative Banker rolled 12
Conservative Banker moved to square 37 : Go
Aggressive Invester rolled 12
Aggressive Invester moved to square 2 : Go
Risk Taker rolled 7
Risk Taker moved to square 18 : Go
currunt round is : 360
Oppotunistic Trader rolled 5
Oppotunistic Trader moved to square 34 : Go
Conservative Banker rolled 4
Conservative Banker moved to square 2 : Go
Aggressive Invester rolled 3
Aggressive Invester moved to square 5 : Go
Risk Taker rolled 10
Risk Taker moved to square 28 : Go
currunt round is : 360
Oppotunistic Trader rolled 7
Oppotunistic Trader moved to square 2 : Go
Conservative Banker rolled 6
Conservative Banker moved to square 8 : Go
Aggressive Invester rolled 9
Aggressive Invester moved to square 14 : Go
Risk Taker rolled 12
Risk Taker moved to square 1 : Pettah
currunt round is : 360
Oppotunistic Trader rolled 3
Oppotunistic Trader moved to square 5 : Go
Conservative Banker rolled 3
Conservative Banker moved to square 11 : Go
Aggressive Invester rolled 9
Aggressive Invester moved to square 23 : Go
Risk Taker rolled 5
Risk Taker moved to square 6 : Go
currunt round is : 361
Oppotunistic Trader rolled 8
Oppotunistic Trader moved to square 13 : Go
Conservative Banker rolled 7
Conservative Banker moved to square 18 : Go
Aggressive Invester rolled 7
Aggressive Invester moved to square 30 : Go
Risk Taker rolled 2
Risk Taker moved to square 8 : Go
currunt round is : 361
Oppotunistic Trader rolled 9
Oppotunistic Trader moved to square 22 : Go
Conservative Banker rolled 8
Conservative Banker moved to square 26 : Go
Aggressive Invester rolled 8
Aggressive Invester moved to square 38 : Go
Risk Taker rolled 5
Risk Taker moved to square 13 : Go
currunt round is : 361
Oppotunistic Trader rolled 12
Oppotunistic Trader moved to square 34 : Go
Conservative Banker rolled 12
Conservative Banker moved to square 38 : Go
Aggressive Invester rolled 12
Aggressive Invester moved to square 11 : Go
Risk Taker rolled 10
Risk Taker moved to square 23 : Go
currunt round is : 361
Oppotunistic Trader rolled 11
Oppotunistic Trader moved to square 6 : Go
Conservative Banker rolled 7
Conservative Banker moved to square 6 : Go
Aggressive Invester rolled 9
Aggressive Invester moved to square 20 : Go
Risk Taker rolled 4
Risk Taker moved to square 27 : Go
currunt round is : 361
Oppotunistic Trader rolled 4
Oppotunistic Trader moved to square 10 : Go
Conservative Banker rolled 6
Conservative Banker moved to square 12 : Go
Aggressive Invester rolled 7
Aggressive Invester moved to square 27 : Go
Risk Taker rolled 8
Risk Taker moved to square 35 : Go
currunt round is : 362
Oppotunistic Trader rolled 9
Oppotunistic Trader moved to square 19 : Go
Conservative Banker rolled 8
Conservative Banker moved to square 20 : Go
Aggressive Invester rolled 5
Aggressive Invester moved to square 32 : Go
Risk Taker rolled 3
Risk Taker moved to square 38 : Go
currunt round is : 362
Oppotunistic Trader rolled 11
Oppotunistic Trader moved to square 30 : Go
Conservative Banker rolled 10
Conservative Banker moved to square 30 : Go
Aggressive Invester rolled 11
Aggressive Invester moved to square 4 : Go
Risk Taker rolled 10
Risk Taker moved to square 9 : Go
currunt round is : 362
Oppotunistic Trader rolled 9
Oppotunistic Trader moved to square 0 : Go
Conservative Banker rolled 5
Conservative Banker moved to square 35 : Go
Aggressive Invester rolled 2
Aggressive Invester moved to square 6 : Go
Risk Taker rolled 5
Risk Taker moved to square 14 : Go
currunt round is : 362
Oppotunistic Trader rolled 10
Oppotunistic Trader moved to square 10 : Go
Conservative Banker rolled 6
Conservative Banker moved to square 2 : Go
Aggressive Invester rolled 3
Aggressive Invester moved to square 9 : Go
Risk Taker rolled 4
Risk Taker moved to square 18 : Go
currunt round is : 362
Oppotunistic Trader rolled 12
Oppotunistic Trader moved to square 22 : Go
Conservative Banker rolled 9
Conservative Banker moved to square 11 : Go
Aggressive Invester rolled 8
Aggressive Invester moved to square 17 : Go
Risk Taker rolled 9
Risk Taker moved to square 27 : Go
currunt round is : 363
Oppotunistic Trader rolled 6
Oppotunistic Trader moved to square 28 : Go
Conservative Banker rolled 7
Conservative Banker moved to square 18 : Go
Aggressive Invester rolled 4
Aggressive Invester moved to square 21 : Go
Risk Taker rolled 4
Risk Taker moved to square 31 : Go
currunt round is : 363
Oppotunistic Trader rolled 10
Oppotunistic Trader moved to square 38 : Go
Conservative Banker rolled 12
Conservative Banker moved to square 30 : Go
Aggressive Invester rolled 4
Aggressive Invester moved to square 25 : Go
Risk Taker rolled 11
Risk Taker moved to square 3 : Colombo Fort Railway Station
currunt round is : 363
Oppotunistic Trader rolled 5
Oppotunistic Trader moved to square 4 : Go
Conservative Banker rolled 9
Conservative Banker moved to square 0 : Go
Aggressive Invester rolled 6
Aggressive Invester moved to square 31 : Go
Risk Taker rolled 12
Risk Taker moved to square 15 : Go
currunt round is : 363
Oppotunistic Trader rolled 5
Oppotunistic Trader moved to square 9 : Go
Conservative Banker rolled 7
Conservative Banker moved to square 7 : Go
Aggressive Invester rolled 11
Aggressive Invester moved to square 3 : Colombo Fort Railway Station
Risk Taker rolled 3
Risk Taker moved to square 18 : Go
currunt round is : 364
Oppotunistic Trader rolled 2
Oppotunistic Trader moved to square 11 : Go
Conservative Banker rolled 9
Conservative Banker moved to square 16 : Go
Aggressive Invester rolled 11
Aggressive Invester moved to square 14 : Go
Risk Taker rolled 10
Risk Taker moved to square 28 : Go
currunt round is : 364
Oppotunistic Trader rolled 11
Oppotunistic Trader moved to square 22 : Go
Conservative Banker rolled 10
Conservative Banker moved to square 26 : Go
Aggressive Invester rolled 11
Aggressive Invester moved to square 25 : Go
Risk Taker rolled 8
Risk Taker moved to square 36 : Go
currunt round is : 364
Oppotunistic Trader rolled 3
Oppotunistic Trader moved to square 25 : Go
Conservative Banker rolled 12
Conservative Banker moved to square 38 : Go
Aggressive Invester rolled 11
Aggressive Invester moved to square 36 : Go
Risk Taker rolled 11
Risk Taker moved to square 8 : Go
currunt round is : 364
Oppotunistic Trader rolled 6
Oppotunistic Trader moved to square 31 : Go
Conservative Banker rolled 4
Conservative Banker moved to square 3 : Colombo Fort Railway Station
Aggressive Invester rolled 7
Aggressive Invester moved to square 4 : Go
Risk Taker rolled 10
Risk Taker moved to square 18 : Go
currunt round is : 364
Oppotunistic Trader rolled 9
Oppotunistic Trader moved to square 1 : Pettah
Conservative Banker rolled 8
Conservative Banker moved to square 11 : Go
Aggressive Invester rolled 12
Aggressive Invester moved to square 16 : Go
Risk Taker rolled 5
Risk Taker moved to square 23 : Go
currunt round is : 364
Oppotunistic Trader rolled 7
Oppotunistic Trader moved to square 8 : Go
Conservative Banker rolled 12
Conservative Banker moved to square 23 : Go
Aggressive Invester rolled 3
Aggressive Invester moved to square 19 : Go
Risk Taker rolled 8
Risk Taker moved to square 31 : Go
currunt round is : 365
Oppotunistic Trader rolled 8
Oppotunistic Trader moved to square 16 : Go
Conservative Banker rolled 5
Conservative Banker moved to square 28 : Go
Aggressive Invester rolled 6
Aggressive Invester moved to square 25 : Go
Risk Taker rolled 9
Risk Taker moved to square 1 : Pettah
currunt round is : 365
Oppotunistic Trader rolled 8
Oppotunistic Trader moved to square 24 : Go
Conservative Banker rolled 4
Conservative Banker moved to square 32 : Go
Aggressive Invester rolled 8
Aggressive Invester moved to square 33 : Go
Risk Taker rolled 8
Risk Taker moved to square 9 : Go
currunt round is : 365
Oppotunistic Trader rolled 10
Oppotunistic Trader moved to square 34 : Go
Conservative Banker rolled 5
Conservative Banker moved to square 37 : Go
Aggressive Invester rolled 3
Aggressive Invester moved to square 36 : Go
Risk Taker rolled 8
Risk Taker moved to square 17 : Go
currunt round is : 365
Oppotunistic Trader rolled 2
Oppotunistic Trader moved to square 36 : Go
Conservative Banker rolled 12
Conservative Banker moved to square 10 : Go
Aggressive Invester rolled 12
Aggressive Invester moved to square 9 : Go
Risk Taker rolled 12
Risk Taker moved to square 29 : Go
currunt round is : 365
Oppotunistic Trader rolled 11
Oppotunistic Trader moved to square 8 : Go
Conservative Banker rolled 8
Conservative Banker moved to square 18 : Go
Aggressive Invester rolled 8
Aggressive Invester moved to square 17 : Go
Risk Taker rolled 4
Risk Taker moved to square 33 : Go
currunt round is : 365
Oppotunistic Trader rolled 10
Oppotunistic Trader moved to square 18 : Go
Conservative Banker rolled 11
Conservative Banker moved to square 29 : Go
Aggressive Invester rolled 10
Aggressive Invester moved to square 27 : Go
Risk Taker rolled 5
Risk Taker moved to square 38 : Go
currunt round is : 366
Oppotunistic Trader rolled 6
Oppotunistic Trader moved to square 24 : Go
Conservative Banker rolled 7
Conservative Banker moved to square 36 : Go
Aggressive Invester rolled 8
Aggressive Invester moved to square 35 : Go
Risk Taker rolled 9
Risk Taker moved to square 8 : Go
currunt round is : 366
Oppotunistic Trader rolled 6
Oppotunistic Trader moved to square 30 : Go
Conservative Banker rolled 7
Conservative Banker moved to square 4 : Go
Aggressive Invester rolled 5
Aggressive Invester moved to square 1 : Pettah
Risk Taker rolled 2
Risk Taker moved to square 10 : Go
currunt round is : 366
Oppotunistic Trader rolled 10
Oppotunistic Trader moved to square 1 : Pettah
Conservative Banker rolled 9
Conservative Banker moved to square 13 : Go
Aggressive Invester rolled 7
Aggressive Invester moved to square 8 : Go
Risk Taker rolled 3
Risk Taker moved to square 13 : Go
currunt round is : 366
Oppotunistic Trader rolled 9
Oppotunistic Trader moved to square 10 : Go
Conservative Banker rolled 3
Conservative Banker moved to square 16 : Go
Aggressive Invester rolled 9
Aggressive Invester moved to square 17 : Go
Risk Taker rolled 4
Risk Taker moved to square 17 : Go
currunt round is : 367
Oppotunistic Trader rolled 6
Oppotunistic Trader moved to square 16 : Go
Conservative Banker rolled 9
Conservative Banker moved to square 25 : Go
Aggressive Invester rolled 8
Aggressive Invester moved to square 25 : Go
Risk Taker rolled 4
Risk Taker moved to square 21 : Go
currunt round is : 367
Oppotunistic Trader rolled 8
Oppotunistic Trader moved to square 24 : Go
Conservative Banker rolled 6
Conservative Banker moved to square 31 : Go
Aggressive Invester rolled 3
Aggressive Invester moved to square 28 : Go
Risk Taker rolled 5
Risk Taker moved to square 26 : Go
currunt round is : 367
Oppotunistic Trader rolled 12
Oppotunistic Trader moved to square 36 : Go
Conservative Banker rolled 9
Conservative Banker moved to square 1 : Pettah
Aggressive Invester rolled 5
Aggressive Invester moved to square 33 : Go
Risk Taker rolled 10
Risk Taker moved to square 36 : Go
currunt round is : 367
Oppotunistic Trader rolled 5
Oppotunistic Trader moved to square 2 : Go
Conservative Banker rolled 3
Conservative Banker moved to square 4 : Go
Aggressive Invester rolled 2
Aggressive Invester moved to square 35 : Go
Risk Taker rolled 10
Risk Taker moved to square 7 : Go
currunt round is : 367
Oppotunistic Trader rolled 8
Oppotunistic Trader moved to square 10 : Go
Conservative Banker rolled 6
Conservative Banker moved to square 10 : Go
Aggressive Invester rolled 6
Aggressive Invester moved to square 2 : Go
Risk Taker rolled 2
Risk Taker moved to square 9 : Go
currunt round is : 368
Oppotunistic Trader rolled 11
Oppotunistic Trader moved to square 21 : Go
Conservative Banker rolled 9
Conservative Banker moved to square 19 : Go
Aggressive Invester rolled 11
Aggressive Invester moved to square 13 : Go
Risk Taker rolled 6
Risk Taker moved to square 15 : Go
currunt round is : 368
Oppotunistic Trader rolled 3
Oppotunistic Trader moved to square 24 : Go
Conservative Banker rolled 5
Conservative Banker moved to square 24 : Go
Aggressive Invester rolled 7
Aggressive Invester moved to square 20 : Go
Risk Taker rolled 9
Risk Taker moved to square 24 : Go
currunt round is : 368
Oppotunistic Trader rolled 6
Oppotunistic Trader moved to square 30 : Go
Conservative Banker rolled 12
Conservative Banker moved to square 36 : Go
Aggressive Invester rolled 9
Aggressive Invester moved to square 29 : Go
Risk Taker rolled 8
Risk Taker moved to square 32 : Go
currunt round is : 368
Oppotunistic Trader rolled 8
Oppotunistic Trader moved to square 38 : Go
Conservative Banker rolled 5
Conservative Banker moved to square 2 : Go
Aggressive Invester rolled 10
Aggressive Invester moved to square 0 : Go
Risk Taker rolled 4
Risk Taker moved to square 36 : Go
currunt round is : 368
Oppotunistic Trader rolled 9
Oppotunistic Trader moved to square 8 : Go
Conservative Banker rolled 9
Conservative Banker moved to square 11 : Go
Aggressive Invester rolled 5
Aggressive Invester moved to square 5 : Go
Risk Taker rolled 8
Risk Taker moved to square 5 : Go
currunt round is : 368
Oppotunistic Trader rolled 5
Oppotunistic Trader moved to square 13 : Go
Conservative Banker rolled 8
Conservative Banker moved to square 19 : Go
Aggressive Invester rolled 3
Aggressive Invester moved to square 8 : Go
Risk Taker rolled 9
Risk Taker moved to square 14 : Go
currunt round is : 369
Oppotunistic Trader rolled 9
Oppotunistic Trader moved to square 22 : Go
Conservative Banker rolled 12
Conservative Banker moved to square 31 : Go
Aggressive Invester rolled 4
Aggressive Invester moved to square 12 : Go
Risk Taker rolled 5
Risk Taker moved to square 19 : Go
currunt round is : 369
Oppotunistic Trader rolled 5
Oppotunistic Trader moved to square 27 : Go
Conservative Banker rolled 8
Conservative Banker moved to square 0 : Go
Aggressive Invester rolled 3
Aggressive Invester moved to square 15 : Go
Risk Taker rolled 12
Risk Taker moved to square 31 : Go
currunt round is : 369
Oppotunistic Trader rolled 3
Oppotunistic Trader moved to square 30 : Go
Conservative Banker rolled 12
Conservative Banker moved to square 12 : Go
Aggressive Invester rolled 5
Aggressive Invester moved to square 20 : Go
Risk Taker rolled 2
Risk Taker moved to square 33 : Go
currunt round is : 369
Oppotunistic Trader rolled 2
Oppotunistic Trader moved to square 32 : Go
Conservative Banker rolled 10
Conservative Banker moved to square 22 : Go
Aggressive Invester rolled 7
Aggressive Invester moved to square 27 : Go
Risk Taker rolled 5
Risk Taker moved to square 38 : Go
currunt round is : 369
Oppotunistic Trader rolled 8
Oppotunistic Trader moved to square 1 : Pettah
Conservative Banker rolled 4
Conservative Banker moved to square 26 : Go
Aggressive Invester rolled 11
Aggressive Invester moved to square 38 : Go
Risk Taker rolled 3
Risk Taker moved to square 2 : Go
currunt round is : 369
Oppotunistic Trader rolled 7
Oppotunistic Trader moved to square 8 : Go
Conservative Banker rolled 7
Conservative Banker moved to square 33 : Go
Aggressive Invester rolled 3
Aggressive Invester moved to square 2 : Go
Risk Taker rolled 12
Risk Taker moved to square 14 : Go
currunt round is : 370
Oppotunistic Trader rolled 3
Oppotunistic Trader moved to square 11 : Go
Conservative Banker rolled 6
Conservative Banker moved to square 0 : Go
Aggressive Invester rolled 5
Aggressive Invester moved to square 7 : Go
Risk Taker rolled 7
Risk Taker moved to square 21 : Go
currunt round is : 370
Oppotunistic Trader rolled 2
Oppotunistic Trader moved to square 13 : Go
Conservative Banker rolled 5
Conservative Banker moved to square 5 : Go
Aggressive Invester rolled 12
Aggressive Invester moved to square 19 : Go
Risk Taker rolled 7
Risk Taker moved to square 28 : Go
currunt round is : 370
Oppotunistic Trader rolled 4
Oppotunistic Trader moved to square 17 : Go
Conservative Banker rolled 12
Conservative Banker moved to square 17 : Go
Aggressive Invester rolled 8
Aggressive Invester moved to square 27 : Go
Risk Taker rolled 8
Risk Taker moved to square 36 : Go
currunt round is : 370
Oppotunistic Trader rolled 7
Oppotunistic Trader moved to square 24 : Go
Conservative Banker rolled 9
Conservative Banker moved to square 26 : Go
Aggressive Invester rolled 7
Aggressive Invester moved to square 34 : Go
Risk Taker rolled 6
Risk Taker moved to square 3 : Colombo Fort Railway Station
currunt round is : 370
Oppotunistic Trader rolled 6
Oppotunistic Trader moved to square 30 : Go
Conservative Banker rolled 9
Conservative Banker moved to square 35 : Go
Aggressive Invester rolled 5
Aggressive Invester moved to square 0 : Go
Risk Taker rolled 7
Risk Taker moved to square 10 : Go
currunt round is : 370
Oppotunistic Trader rolled 6
Oppotunistic Trader moved to square 36 : Go
Conservative Banker rolled 10
Conservative Banker moved to square 6 : Go
Aggressive Invester rolled 8
Aggressive Invester moved to square 8 : Go
Risk Taker rolled 10
Risk Taker moved to square 20 : Go
currunt round is : 370
Oppotunistic Trader rolled 12
Oppotunistic Trader moved to square 9 : Go
Conservative Banker rolled 6
Conservative Banker moved to square 12 : Go
Aggressive Invester rolled 12
Aggressive Invester moved to square 20 : Go
Risk Taker rolled 4
Risk Taker moved to square 24 : Go
currunt round is : 370
Oppotunistic Trader rolled 11
Oppotunistic Trader moved to square 20 : Go
Conservative Banker rolled 2
Conservative Banker moved to square 14 : Go
Aggressive Invester rolled 3
Aggressive Invester moved to square 23 : Go
Risk Taker rolled 2
Risk Taker moved to square 26 : Go
currunt round is : 371
Oppotunistic Trader rolled 5
Oppotunistic Trader moved to square 25 : Go
Conservative Banker rolled 5
Conservative Banker moved to square 19 : Go
Aggressive Invester rolled 5
Aggressive Invester moved to square 28 : Go
Risk Taker rolled 5
Risk Taker moved to square 31 : Go
currunt round is : 371
Oppotunistic Trader rolled 8
Oppotunistic Trader moved to square 33 : Go
Conservative Banker rolled 2
Conservative Banker moved to square 21 : Go
Aggressive Invester rolled 8
Aggressive Invester moved to square 36 : Go
Risk Taker rolled 10
Risk Taker moved to square 2 : Go
currunt round is : 371
Oppotunistic Trader rolled 12
Oppotunistic Trader moved to square 6 : Go
Conservative Banker rolled 4
Conservative Banker moved to square 25 : Go
Aggressive Invester rolled 3
Aggressive Invester moved to square 0 : Go
Risk Taker rolled 4
Risk Taker moved to square 6 : Go
currunt round is : 371
Oppotunistic Trader rolled 11
Oppotunistic Trader moved to square 17 : Go
Conservative Banker rolled 7
Conservative Banker moved to square 32 : Go
Aggressive Invester rolled 7
Aggressive Invester moved to square 7 : Go
Risk Taker rolled 5
Risk Taker moved to square 11 : Go
currunt round is : 372
Oppotunistic Trader rolled 3
Oppotunistic Trader moved to square 20 : Go
Conservative Banker rolled 10
Conservative Banker moved to square 3 : Colombo Fort Railway Station
Aggressive Invester rolled 8
Aggressive Invester moved to square 15 : Go
Risk Taker rolled 5
Risk Taker moved to square 16 : Go
currunt round is : 372
Oppotunistic Trader rolled 5
Oppotunistic Trader moved to square 25 : Go
Conservative Banker rolled 3
Conservative Banker moved to square 6 : Go
Aggressive Invester rolled 3
Aggressive Invester moved to square 18 : Go
Risk Taker rolled 5
Risk Taker moved to square 21 : Go
currunt round is : 372
Oppotunistic Trader rolled 5
Oppotunistic Trader moved to square 30 : Go
Conservative Banker rolled 2
Conservative Banker moved to square 8 : Go
Aggressive Invester rolled 7
Aggressive Invester moved to square 25 : Go
Risk Taker rolled 2
Risk Taker moved to square 23 : Go
currunt round is : 372
Oppotunistic Trader rolled 11
Oppotunistic Trader moved to square 2 : Go
Conservative Banker rolled 7
Conservative Banker moved to square 15 : Go
Aggressive Invester rolled 11
Aggressive Invester moved to square 36 : Go
Risk Taker rolled 3
Risk Taker moved to square 26 : Go
currunt round is : 372
Oppotunistic Trader rolled 8
Oppotunistic Trader moved to square 10 : Go
Conservative Banker rolled 12
Conservative Banker moved to square 27 : Go
Aggressive Invester rolled 4
Aggressive Invester moved to square 1 : Pettah
Risk Taker rolled 3
Risk Taker moved to square 29 : Go
currunt round is : 373
Oppotunistic Trader rolled 10
Oppotunistic Trader moved to square 20 : Go
Conservative Banker rolled 11
Conservative Banker moved to square 38 : Go
Aggressive Invester rolled 9
Aggressive Invester moved to square 10 : Go
Risk Taker rolled 9
Risk Taker moved to square 38 : Go
currunt round is : 373
Oppotunistic Trader rolled 11
Oppotunistic Trader moved to square 31 : Go
Conservative Banker rolled 9
Conservative Banker moved to square 8 : Go
Aggressive Invester rolled 9
Aggressive Invester moved to square 19 : Go
Risk Taker rolled 9
Risk Taker moved to square 8 : Go
currunt round is : 373
Oppotunistic Trader rolled 3
Oppotunistic Trader moved to square 34 : Go
Conservative Banker rolled 12
Conservative Banker moved to square 20 : Go
Aggressive Invester rolled 10
Aggressive Invester moved to square 29 : Go
Risk Taker rolled 4
Risk Taker moved to square 12 : Go
currunt round is : 373
Oppotunistic Trader rolled 7
Oppotunistic Trader moved to square 2 : Go
Conservative Banker rolled 3
Conservative Banker moved to square 23 : Go
Aggressive Invester rolled 7
Aggressive Invester moved to square 36 : Go
Risk Taker rolled 11
Risk Taker moved to square 23 : Go
currunt round is : 373
Oppotunistic Trader rolled 2
Oppotunistic Trader moved to square 4 : Go
Conservative Banker rolled 8
Conservative Banker moved to square 31 : Go
Aggressive Invester rolled 3
Aggressive Invester moved to square 0 : Go
Risk Taker rolled 6
Risk Taker moved to square 29 : Go
currunt round is : 374
Oppotunistic Trader rolled 6
Oppotunistic Trader moved to square 10 : Go
Conservative Banker rolled 6
Conservative Banker moved to square 37 : Go
Aggressive Invester rolled 4
Aggressive Invester moved to square 4 : Go
Risk Taker rolled 5
Risk Taker moved to square 34 : Go
currunt round is : 374
Oppotunistic Trader rolled 9
Oppotunistic Trader moved to square 19 : Go
Conservative Banker rolled 2
Conservative Banker moved to square 0 : Go
Aggressive Invester rolled 4
Aggressive Invester moved to square 8 : Go
Risk Taker rolled 4
Risk Taker moved to square 38 : Go
currunt round is : 374
Oppotunistic Trader rolled 12
Oppotunistic Trader moved to square 31 : Go
Conservative Banker rolled 5
Conservative Banker moved to square 5 : Go
Aggressive Invester rolled 3
Aggressive Invester moved to square 11 : Go
Risk Taker rolled 7
Risk Taker moved to square 6 : Go
currunt round is : 374
Oppotunistic Trader rolled 3
Oppotunistic Trader moved to square 34 : Go
Conservative Banker rolled 9
Conservative Banker moved to square 14 : Go
Aggressive Invester rolled 12
Aggressive Invester moved to square 23 : Go
Risk Taker rolled 12
Risk Taker moved to square 18 : Go
currunt round is : 374
Oppotunistic Trader rolled 5
Oppotunistic Trader moved to square 0 : Go
Conservative Banker rolled 8
Conservative Banker moved to square 22 : Go
Aggressive Invester rolled 6
Aggressive Invester moved to square 29 : Go
Risk Taker rolled 6
Risk Taker moved to square 24 : Go
currunt round is : 374
Oppotunistic Trader rolled 6
Oppotunistic Trader moved to square 6 : Go
Conservative Banker rolled 2
Conservative Banker moved to square 24 : Go
Aggressive Invester rolled 8
Aggressive Invester moved to square 37 : Go
Risk Taker rolled 11
Risk Taker moved to square 35 : Go
currunt round is : 374
Oppotunistic Trader rolled 3
Oppotunistic Trader moved to square 9 : Go
Conservative Banker rolled 11
Conservative Banker moved to square 35 : Go
Aggressive Invester rolled 9
Aggressive Invester moved to square 7 : Go
Risk Taker rolled 4
Risk Taker moved to square 0 : Go
currunt round is : 375
Oppotunistic Trader rolled 7
Oppotunistic Trader moved to square 16 : Go
Conservative Banker rolled 10
Conservative Banker moved to square 6 : Go
Aggressive Invester rolled 6
Aggressive Invester moved to square 13 : Go
Risk Taker rolled 11
Risk Taker moved to square 11 : Go
currunt round is : 375
Oppotunistic Trader rolled 2
Oppotunistic Trader moved to square 18 : Go
Conservative Banker rolled 8
Conservative Banker moved to square 14 : Go
Aggressive Invester rolled 12
Aggressive Invester moved to square 25 : Go
Risk Taker rolled 9
Risk Taker moved to square 20 : Go
currunt round is : 375
Oppotunistic Trader rolled 6
Oppotunistic Trader moved to square 24 : Go
Conservative Banker rolled 4
Conservative Banker moved to square 18 : Go
Aggressive Invester rolled 12
Aggressive Invester moved to square 37 : Go
Risk Taker rolled 3
Risk Taker moved to square 23 : Go
currunt round is : 375
Oppotunistic Trader rolled 7
Oppotunistic Trader moved to square 31 : Go
Conservative Banker rolled 11
Conservative Banker moved to square 29 : Go
Aggressive Invester rolled 8
Aggressive Invester moved to square 6 : Go
Risk Taker rolled 6
Risk Taker moved to square 29 : Go
currunt round is : 375
Oppotunistic Trader rolled 7
Oppotunistic Trader moved to square 38 : Go
Conservative Banker rolled 7
Conservative Banker moved to square 36 : Go
Aggressive Invester rolled 3
Aggressive Invester moved to square 9 : Go
Risk Taker rolled 10
Risk Taker moved to square 0 : Go
currunt round is : 375
Oppotunistic Trader rolled 11
Oppotunistic Trader moved to square 10 : Go
Conservative Banker rolled 5
Conservative Banker moved to square 2 : Go
Aggressive Invester rolled 12
Aggressive Invester moved to square 21 : Go
Risk Taker rolled 4
Risk Taker moved to square 4 : Go
currunt round is : 375
Oppotunistic Trader rolled 5
Oppotunistic Trader moved to square 15 : Go
Conservative Banker rolled 5
Conservative Banker moved to square 7 : Go
Aggressive Invester rolled 3
Aggressive Invester moved to square 24 : Go
Risk Taker rolled 5
Risk Taker moved to square 9 : Go
currunt round is : 376
Oppotunistic Trader rolled 4
Oppotunistic Trader moved to square 19 : Go
Conservative Banker rolled 8
Conservative Banker moved to square 15 : Go
Aggressive Invester rolled 5
Aggressive Invester moved to square 29 : Go
Risk Taker rolled 7
Risk Taker moved to square 16 : Go
currunt round is : 376
Oppotunistic Trader rolled 6
Oppotunistic Trader moved to square 25 : Go
Conservative Banker rolled 9
Conservative Banker moved to square 24 : Go
Aggressive Invester rolled 3
Aggressive Invester moved to square 32 : Go
Risk Taker rolled 4
Risk Taker moved to square 20 : Go
currunt round is : 376
Oppotunistic Trader rolled 2
Oppotunistic Trader moved to square 27 : Go
Conservative Banker rolled 3
Conservative Banker moved to square 27 : Go
Aggressive Invester rolled 11
Aggressive Invester moved to square 4 : Go
Risk Taker rolled 4
Risk Taker moved to square 24 : Go
currunt round is : 376
Oppotunistic Trader rolled 3
Oppotunistic Trader moved to square 30 : Go
Conservative Banker rolled 8
Conservative Banker moved to square 35 : Go
Aggressive Invester rolled 5
Aggressive Invester moved to square 9 : Go
Risk Taker rolled 8
Risk Taker moved to square 32 : Go
currunt round is : 376
Oppotunistic Trader rolled 7
Oppotunistic Trader moved to square 37 : Go
Conservative Banker rolled 11
Conservative Banker moved to square 7 : Go
Aggressive Invester rolled 10
Aggressive Invester moved to square 19 : Go
Risk Taker rolled 12
Risk Taker moved to square 5 : Go
currunt round is : 376
Oppotunistic Trader rolled 3
Oppotunistic Trader moved to square 1 : Pettah
Conservative Banker rolled 11
Conservative Banker moved to square 18 : Go
Aggressive Invester rolled 8
Aggressive Invester moved to square 27 : Go
Risk Taker rolled 12
Risk Taker moved to square 17 : Go
currunt round is : 376
Oppotunistic Trader rolled 3
Oppotunistic Trader moved to square 4 : Go
Conservative Banker rolled 5
Conservative Banker moved to square 23 : Go
Aggressive Invester rolled 2
Aggressive Invester moved to square 29 : Go
Risk Taker rolled 5
Risk Taker moved to square 22 : Go
currunt round is : 377
Oppotunistic Trader rolled 9
Oppotunistic Trader moved to square 13 : Go
Conservative Banker rolled 12
Conservative Banker moved to square 35 : Go
Aggressive Invester rolled 8
Aggressive Invester moved to square 37 : Go
Risk Taker rolled 9
Risk Taker moved to square 31 : Go
currunt round is : 377
Oppotunistic Trader rolled 7
Oppotunistic Trader moved to square 20 : Go
Conservative Banker rolled 11
Conservative Banker moved to square 7 : Go
Aggressive Invester rolled 12
Aggressive Invester moved to square 10 : Go
Risk Taker rolled 9
Risk Taker moved to square 1 : Pettah
currunt round is : 377
Oppotunistic Trader rolled 5
Oppotunistic Trader moved to square 25 : Go
Conservative Banker rolled 2
Conservative Banker moved to square 9 : Go
Aggressive Invester rolled 11
Aggressive Invester moved to square 21 : Go
Risk Taker rolled 5
Risk Taker moved to square 6 : Go
currunt round is : 377
Oppotunistic Trader rolled 12
Oppotunistic Trader moved to square 37 : Go
Conservative Banker rolled 8
Conservative Banker moved to square 17 : Go
Aggressive Invester rolled 7
Aggressive Invester moved to square 28 : Go
Risk Taker rolled 2
Risk Taker moved to square 8 : Go
currunt round is : 377
Oppotunistic Trader rolled 3
Oppotunistic Trader moved to square 1 : Pettah
Conservative Banker rolled 8
Conservative Banker moved to square 25 : Go
Aggressive Invester rolled 8
Aggressive Invester moved to square 36 : Go
Risk Taker rolled 8
Risk Taker moved to square 16 : Go
currunt round is : 377
Oppotunistic Trader rolled 4
Oppotunistic Trader moved to square 5 : Go
Conservative Banker rolled 3
Conservative Banker moved to square 28 : Go
Aggressive Invester rolled 6
Aggressive Invester moved to square 3 : Colombo Fort Railway Station
Risk Taker rolled 5
Risk Taker moved to square 21 : Go
currunt round is : 378
Oppotunistic Trader rolled 12
Oppotunistic Trader moved to square 17 : Go
Conservative Banker rolled 10
Conservative Banker moved to square 38 : Go
Aggressive Invester rolled 2
Aggressive Invester moved to square 5 : Go
Risk Taker rolled 12
Risk Taker moved to square 33 : Go
currunt round is : 378
Oppotunistic Trader rolled 11
Oppotunistic Trader moved to square 28 : Go
Conservative Banker rolled 11
Conservative Banker moved to square 10 : Go
Aggressive Invester rolled 4
Aggressive Invester moved to square 9 : Go
Risk Taker rolled 5
Risk Taker moved to square 38 : Go
currunt round is : 378
Oppotunistic Trader rolled 10
Oppotunistic Trader moved to square 38 : Go
Conservative Banker rolled 8
Conservative Banker moved to square 18 : Go
Aggressive Invester rolled 12
Aggressive Invester moved to square 21 : Go
Risk Taker rolled 3
Risk Taker moved to square 2 : Go
currunt round is : 378
Oppotunistic Trader rolled 6
Oppotunistic Trader moved to square 5 : Go
Conservative Banker rolled 9
Conservative Banker moved to square 27 : Go
Aggressive Invester rolled 10
Aggressive Invester moved to square 31 : Go
Risk Taker rolled 9
Risk Taker moved to square 11 : Go
currunt round is : 378
Oppotunistic Trader rolled 10
Oppotunistic Trader moved to square 15 : Go
Conservative Banker rolled 7
Conservative Banker moved to square 34 : Go
Aggressive Invester rolled 10
Aggressive Invester moved to square 2 : Go
Risk Taker rolled 9
Risk Taker moved to square 20 : Go
currunt round is : 379
Oppotunistic Trader rolled 2
Oppotunistic Trader moved to square 17 : Go
Conservative Banker rolled 2
Conservative Banker moved to square 36 : Go
Aggressive Invester rolled 8
Aggressive Invester moved to square 10 : Go
Risk Taker rolled 12
Risk Taker moved to square 32 : Go
currunt round is : 379
Oppotunistic Trader rolled 8
Oppotunistic Trader moved to square 25 : Go
Conservative Banker rolled 12
Conservative Banker moved to square 9 : Go
Aggressive Invester rolled 6
Aggressive Invester moved to square 16 : Go
Risk Taker rolled 8
Risk Taker moved to square 1 : Pettah
currunt round is : 379
Oppotunistic Trader rolled 3
Oppotunistic Trader moved to square 28 : Go
Conservative Banker rolled 8
Conservative Banker moved to square 17 : Go
Aggressive Invester rolled 11
Aggressive Invester moved to square 27 : Go
Risk Taker rolled 2
Risk Taker moved to square 3 : Colombo Fort Railway Station
currunt round is : 379
Oppotunistic Trader rolled 5
Oppotunistic Trader moved to square 33 : Go
Conservative Banker rolled 9
Conservative Banker moved to square 26 : Go
Aggressive Invester rolled 10
Aggressive Invester moved to square 37 : Go
Risk Taker rolled 12
Risk Taker moved to square 15 : Go
currunt round is : 379
Oppotunistic Trader rolled 6
Oppotunistic Trader moved to square 0 : Go
Conservative Banker rolled 12
Conservative Banker moved to square 38 : Go
Aggressive Invester rolled 5
Aggressive Invester moved to square 3 : Colombo Fort Railway Station
Risk Taker rolled 12
Risk Taker moved to square 27 : Go
currunt round is : 379
Oppotunistic Trader rolled 7
Oppotunistic Trader moved to square 7 : Go
Conservative Banker rolled 4
Conservative Banker moved to square 3 : Colombo Fort Railway Station
Aggressive Invester rolled 2
Aggressive Invester moved to square 5 : Go
Risk Taker rolled 9
Risk Taker moved to square 36 : Go
currunt round is : 379
Oppotunistic Trader rolled 12
Oppotunistic Trader moved to square 19 : Go
Conservative Banker rolled 9
Conservative Banker moved to square 12 : Go
Aggressive Invester rolled 3
Aggressive Invester moved to square 8 : Go
Risk Taker rolled 7
Risk Taker moved to square 4 : Go
currunt round is : 380
Oppotunistic Trader rolled 3
Oppotunistic Trader moved to square 22 : Go
Conservative Banker rolled 11
Conservative Banker moved to square 23 : Go
Aggressive Invester rolled 12
Aggressive Invester moved to square 20 : Go
Risk Taker rolled 12
Risk Taker moved to square 16 : Go
currunt round is : 380
Oppotunistic Trader rolled 9
Oppotunistic Trader moved to square 31 : Go
Conservative Banker rolled 7
Conservative Banker moved to square 30 : Go
Aggressive Invester rolled 11
Aggressive Invester moved to square 31 : Go
Risk Taker rolled 4
Risk Taker moved to square 20 : Go
currunt round is : 380
Oppotunistic Trader rolled 7
Oppotunistic Trader moved to square 38 : Go
Conservative Banker rolled 2
Conservative Banker moved to square 32 : Go
Aggressive Invester rolled 8
Aggressive Invester moved to square 0 : Go
Risk Taker rolled 6
Risk Taker moved to square 26 : Go
currunt round is : 380
Oppotunistic Trader rolled 8
Oppotunistic Trader moved to square 7 : Go
Conservative Banker rolled 4
Conservative Banker moved to square 36 : Go
Aggressive Invester rolled 6
Aggressive Invester moved to square 6 : Go
Risk Taker rolled 9
Risk Taker moved to square 35 : Go
currunt round is : 380
Oppotunistic Trader rolled 12
Oppotunistic Trader moved to square 19 : Go
Conservative Banker rolled 2
Conservative Banker moved to square 38 : Go
Aggressive Invester rolled 9
Aggressive Invester moved to square 15 : Go
Risk Taker rolled 3
Risk Taker moved to square 38 : Go
currunt round is : 381
Oppotunistic Trader rolled 12
Oppotunistic Trader moved to square 31 : Go
Conservative Banker rolled 12
Conservative Banker moved to square 11 : Go
Aggressive Invester rolled 2
Aggressive Invester moved to square 17 : Go
Risk Taker rolled 5
Risk Taker moved to square 4 : Go
currunt round is : 381
Oppotunistic Trader rolled 3
Oppotunistic Trader moved to square 34 : Go
Conservative Banker rolled 3
Conservative Banker moved to square 14 : Go
Aggressive Invester rolled 12
Aggressive Invester moved to square 29 : Go
Risk Taker rolled 11
Risk Taker moved to square 15 : Go
currunt round is : 381
Oppotunistic Trader rolled 10
Oppotunistic Trader moved to square 5 : Go
Conservative Banker rolled 12
Conservative Banker moved to square 26 : Go
Aggressive Invester rolled 3
Aggressive Invester moved to square 32 : Go
Risk Taker rolled 9
Risk Taker moved to square 24 : Go
currunt round is : 381
Oppotunistic Trader rolled 10
Oppotunistic Trader moved to square 15 : Go
Conservative Banker rolled 3
Conservative Banker moved to square 29 : Go
Aggressive Invester rolled 6
Aggressive Invester moved to square 38 : Go
Risk Taker rolled 5
Risk Taker moved to square 29 : Go
currunt round is : 382
Oppotunistic Trader rolled 6
Oppotunistic Trader moved to square 21 : Go
Conservative Banker rolled 2
Conservative Banker moved to square 31 : Go
Aggressive Invester rolled 5
Aggressive Invester moved to square 4 : Go
Risk Taker rolled 9
Risk Taker moved to square 38 : Go
currunt round is : 382
Oppotunistic Trader rolled 3
Oppotunistic Trader moved to square 24 : Go
Conservative Banker rolled 12
Conservative Banker moved to square 4 : Go
Aggressive Invester rolled 2
Aggressive Invester moved to square 6 : Go
Risk Taker rolled 9
Risk Taker moved to square 8 : Go
currunt round is : 382
Oppotunistic Trader rolled 3
Oppotunistic Trader moved to square 27 : Go
Conservative Banker rolled 7
Conservative Banker moved to square 11 : Go
Aggressive Invester rolled 6
Aggressive Invester moved to square 12 : Go
Risk Taker rolled 11
Risk Taker moved to square 19 : Go
currunt round is : 382
Oppotunistic Trader rolled 7
Oppotunistic Trader moved to square 34 : Go
Conservative Banker rolled 2
Conservative Banker moved to square 13 : Go
Aggressive Invester rolled 12
Aggressive Invester moved to square 24 : Go
Risk Taker rolled 4
Risk Taker moved to square 23 : Go
currunt round is : 382
Oppotunistic Trader rolled 12
Oppotunistic Trader moved to square 7 : Go
Conservative Banker rolled 2
Conservative Banker moved to square 15 : Go
Aggressive Invester rolled 5
Aggressive Invester moved to square 29 : Go
Risk Taker rolled 11
Risk Taker moved to square 34 : Go
currunt round is : 382
Oppotunistic Trader rolled 3
Oppotunistic Trader moved to square 10 : Go
Conservative Banker rolled 3
Conservative Banker moved to square 18 : Go
Aggressive Invester rolled 8
Aggressive Invester moved to square 37 : Go
Risk Taker rolled 9
Risk Taker moved to square 4 : Go
currunt round is : 383
Oppotunistic Trader rolled 2
Oppotunistic Trader moved to square 12 : Go
Conservative Banker rolled 9
Conservative Banker moved to square 27 : Go
Aggressive Invester rolled 3
Aggressive Invester moved to square 1 : Pettah
Risk Taker rolled 8
Risk Taker moved to square 12 : Go
currunt round is : 383
Oppotunistic Trader rolled 8
Oppotunistic Trader moved to square 20 : Go
Conservative Banker rolled 5
Conservative Banker moved to square 32 : Go
Aggressive Invester rolled 11
Aggressive Invester moved to square 12 : Go
Risk Taker rolled 2
Risk Taker moved to square 14 : Go
currunt round is : 383
Oppotunistic Trader rolled 5
Oppotunistic Trader moved to square 25 : Go
Conservative Banker rolled 4
Conservative Banker moved to square 36 : Go
Aggressive Invester rolled 9
Aggressive Invester moved to square 21 : Go
Risk Taker rolled 4
Risk Taker moved to square 18 : Go
currunt round is : 383
Oppotunistic Trader rolled 3
Oppotunistic Trader moved to square 28 : Go
Conservative Banker rolled 10
Conservative Banker moved to square 7 : Go
Aggressive Invester rolled 12
Aggressive Invester moved to square 33 : Go
Risk Taker rolled 4
Risk Taker moved to square 22 : Go
currunt round is : 383
Oppotunistic Trader rolled 2
Oppotunistic Trader moved to square 30 : Go
Conservative Banker rolled 3
Conservative Banker moved to square 10 : Go
Aggressive Invester rolled 3
Aggressive Invester moved to square 36 : Go
Risk Taker rolled 5
Risk Taker moved to square 27 : Go
currunt round is : 383
Oppotunistic Trader rolled 12
Oppotunistic Trader moved to square 3 : Colombo Fort Railway Station
Conservative Banker rolled 11
Conservative Banker moved to square 21 : Go
Aggressive Invester rolled 5
Aggressive Invester moved to square 2 : Go
Risk Taker rolled 9
Risk Taker moved to square 36 : Go
currunt round is : 383
Oppotunistic Trader rolled 11
Oppotunistic Trader moved to square 14 : Go
Conservative Banker rolled 9
Conservative Banker moved to square 30 : Go
Aggressive Invester rolled 5
Aggressive Invester moved to square 7 : Go
Risk Taker rolled 10
Risk Taker moved to square 7 : Go
currunt round is : 384
Oppotunistic Trader rolled 10
Oppotunistic Trader moved to square 24 : Go
Conservative Banker rolled 11
Conservative Banker moved to square 2 : Go
Aggressive Invester rolled 4
Aggressive Invester moved to square 11 : Go
Risk Taker rolled 8
Risk Taker moved to square 15 : Go
currunt round is : 384
Oppotunistic Trader rolled 6
Oppotunistic Trader moved to square 30 : Go
Conservative Banker rolled 3
Conservative Banker moved to square 5 : Go
Aggressive Invester rolled 3
Aggressive Invester moved to square 14 : Go
Risk Taker rolled 12
Risk Taker moved to square 27 : Go
currunt round is : 384
Oppotunistic Trader rolled 6
Oppotunistic Trader moved to square 36 : Go
Conservative Banker rolled 2
Conservative Banker moved to square 7 : Go
Aggressive Invester rolled 10
Aggressive Invester moved to square 24 : Go
Risk Taker rolled 8
Risk Taker moved to square 35 : Go
currunt round is : 384
Oppotunistic Trader rolled 2
Oppotunistic Trader moved to square 38 : Go
Conservative Banker rolled 7
Conservative Banker moved to square 14 : Go
Aggressive Invester rolled 10
Aggressive Invester moved to square 34 : Go
Risk Taker rolled 12
Risk Taker moved to square 8 : Go
currunt round is : 384
Oppotunistic Trader rolled 2
Oppotunistic Trader moved to square 1 : Pettah
Conservative Banker rolled 9
Conservative Banker moved to square 23 : Go
Aggressive Invester rolled 12
Aggressive Invester moved to square 7 : Go
Risk Taker rolled 11
Risk Taker moved to square 19 : Go
currunt round is : 384
Oppotunistic Trader rolled 8
Oppotunistic Trader moved to square 9 : Go
Conservative Banker rolled 2
Conservative Banker moved to square 25 : Go
Aggressive Invester rolled 12
Aggressive Invester moved to square 19 : Go
Risk Taker rolled 7
Risk Taker moved to square 26 : Go
currunt round is : 385
Oppotunistic Trader rolled 10
Oppotunistic Trader moved to square 19 : Go
Conservative Banker rolled 4
Conservative Banker moved to square 29 : Go
Aggressive Invester rolled 12
Aggressive Invester moved to square 31 : Go
Risk Taker rolled 8
Risk Taker moved to square 34 : Go
currunt round is : 385
Oppotunistic Trader rolled 9
Oppotunistic Trader moved to square 28 : Go
Conservative Banker rolled 5
Conservative Banker moved to square 34 : Go
Aggressive Invester rolled 4
Aggressive Invester moved to square 35 : Go
Risk Taker rolled 4
Risk Taker moved to square 38 : Go
currunt round is : 385
Oppotunistic Trader rolled 3
Oppotunistic Trader moved to square 31 : Go
Conservative Banker rolled 6
Conservative Banker moved to square 1 : Pettah
Aggressive Invester rolled 10
Aggressive Invester moved to square 6 : Go
Risk Taker rolled 7
Risk Taker moved to square 6 : Go
currunt round is : 385
Oppotunistic Trader rolled 8
Oppotunistic Trader moved to square 0 : Go
Conservative Banker rolled 10
Conservative Banker moved to square 11 : Go
Aggressive Invester rolled 5
Aggressive Invester moved to square 11 : Go
Risk Taker rolled 10
Risk Taker moved to square 16 : Go
currunt round is : 385
Oppotunistic Trader rolled 8
Oppotunistic Trader moved to square 8 : Go
Conservative Banker rolled 2
Conservative Banker moved to square 13 : Go
Aggressive Invester rolled 5
Aggressive Invester moved to square 16 : Go
Risk Taker rolled 8
Risk Taker moved to square 24 : Go
currunt round is : 385
Oppotunistic Trader rolled 5
Oppotunistic Trader moved to square 13 : Go
Conservative Banker rolled 3
Conservative Banker moved to square 16 : Go
Aggressive Invester rolled 7
Aggressive Invester moved to square 23 : Go
Risk Taker rolled 3
Risk Taker moved to square 27 : Go
currunt round is : 386
Oppotunistic Trader rolled 8
Oppotunistic Trader moved to square 21 : Go
Conservative Banker rolled 6
Conservative Banker moved to square 22 : Go
Aggressive Invester rolled 12
Aggressive Invester moved to square 35 : Go
Risk Taker rolled 4
Risk Taker moved to square 31 : Go
currunt round is : 386
Oppotunistic Trader rolled 5
Oppotunistic Trader moved to square 26 : Go
Conservative Banker rolled 11
Conservative Banker moved to square 33 : Go
Aggressive Invester rolled 7
Aggressive Invester moved to square 3 : Colombo Fort Railway Station
Risk Taker rolled 2
Risk Taker moved to square 33 : Go
currunt round is : 386
Oppotunistic Trader rolled 12
Oppotunistic Trader moved to square 38 : Go
Conservative Banker rolled 7
Conservative Banker moved to square 1 : Pettah
Aggressive Invester rolled 6
Aggressive Invester moved to square 9 : Go
Risk Taker rolled 8
Risk Taker moved to square 2 : Go
currunt round is : 386
Oppotunistic Trader rolled 10
Oppotunistic Trader moved to square 9 : Go
Conservative Banker rolled 8
Conservative Banker moved to square 9 : Go
Aggressive Invester rolled 11
Aggressive Invester moved to square 20 : Go
Risk Taker rolled 9
Risk Taker moved to square 11 : Go
currunt round is : 386
Oppotunistic Trader rolled 2
Oppotunistic Trader moved to square 11 : Go
Conservative Banker rolled 6
Conservative Banker moved to square 15 : Go
Aggressive Invester rolled 2
Aggressive Invester moved to square 22 : Go
Risk Taker rolled 6
Risk Taker moved to square 17 : Go
currunt round is : 387
Oppotunistic Trader rolled 3
Oppotunistic Trader moved to square 14 : Go
Conservative Banker rolled 5
Conservative Banker moved to square 20 : Go
Aggressive Invester rolled 3
Aggressive Invester moved to square 25 : Go
Risk Taker rolled 9
Risk Taker moved to square 26 : Go
currunt round is : 387
Oppotunistic Trader rolled 3
Oppotunistic Trader moved to square 17 : Go
Conservative Banker rolled 7
Conservative Banker moved to square 27 : Go
Aggressive Invester rolled 4
Aggressive Invester moved to square 29 : Go
Risk Taker rolled 5
Risk Taker moved to square 31 : Go
currunt round is : 387
Oppotunistic Trader rolled 6
Oppotunistic Trader moved to square 23 : Go
Conservative Banker rolled 7
Conservative Banker moved to square 34 : Go
Aggressive Invester rolled 6
Aggressive Invester moved to square 35 : Go
Risk Taker rolled 12
Risk Taker moved to square 4 : Go
currunt round is : 387
Oppotunistic Trader rolled 10
Oppotunistic Trader moved to square 33 : Go
Conservative Banker rolled 4
Conservative Banker moved to square 38 : Go
Aggressive Invester rolled 12
Aggressive Invester moved to square 8 : Go
Risk Taker rolled 2
Risk Taker moved to square 6 : Go
currunt round is : 387
Oppotunistic Trader rolled 11
Oppotunistic Trader moved to square 5 : Go
Conservative Banker rolled 5
Conservative Banker moved to square 4 : Go
Aggressive Invester rolled 11
Aggressive Invester moved to square 19 : Go
Risk Taker rolled 8
Risk Taker moved to square 14 : Go
currunt round is : 387
Oppotunistic Trader rolled 10
Oppotunistic Trader moved to square 15 : Go
Conservative Banker rolled 2
Conservative Banker moved to square 6 : Go
Aggressive Invester rolled 4
Aggressive Invester moved to square 23 : Go
Risk Taker rolled 5
Risk Taker moved to square 19 : Go
currunt round is : 388
Oppotunistic Trader rolled 9
Oppotunistic Trader moved to square 24 : Go
Conservative Banker rolled 11
Conservative Banker moved to square 17 : Go
Aggressive Invester rolled 10
Aggressive Invester moved to square 33 : Go
Risk Taker rolled 7
Risk Taker moved to square 26 : Go
currunt round is : 388
Oppotunistic Trader rolled 4
Oppotunistic Trader moved to square 28 : Go
Conservative Banker rolled 10
Conservative Banker moved to square 27 : Go
Aggressive Invester rolled 11
Aggressive Invester moved to square 5 : Go
Risk Taker rolled 6
Risk Taker moved to square 32 : Go
currunt round is : 388
Oppotunistic Trader rolled 11
Oppotunistic Trader moved to square 0 : Go
Conservative Banker rolled 12
Conservative Banker moved to square 0 : Go
Aggressive Invester rolled 11
Aggressive Invester moved to square 16 : Go
Risk Taker rolled 11
Risk Taker moved to square 4 : Go
currunt round is : 388
Oppotunistic Trader rolled 4
Oppotunistic Trader moved to square 4 : Go
Conservative Banker rolled 12
Conservative Banker moved to square 12 : Go
Aggressive Invester rolled 3
Aggressive Invester moved to square 19 : Go
Risk Taker rolled 8
Risk Taker moved to square 12 : Go
currunt round is : 388
Oppotunistic Trader rolled 6
Oppotunistic Trader moved to square 10 : Go
Conservative Banker rolled 5
Conservative Banker moved to square 17 : Go
Aggressive Invester rolled 6
Aggressive Invester moved to square 25 : Go
Risk Taker rolled 12
Risk Taker moved to square 24 : Go
currunt round is : 389
Oppotunistic Trader rolled 5
Oppotunistic Trader moved to square 15 : Go
Conservative Banker rolled 5
Conservative Banker moved to square 22 : Go
Aggressive Invester rolled 10
Aggressive Invester moved to square 35 : Go
Risk Taker rolled 2
Risk Taker moved to square 26 : Go
currunt round is : 389
Oppotunistic Trader rolled 8
Oppotunistic Trader moved to square 23 : Go
Conservative Banker rolled 8
Conservative Banker moved to square 30 : Go
Aggressive Invester rolled 8
Aggressive Invester moved to square 4 : Go
Risk Taker rolled 3
Risk Taker moved to square 29 : Go
currunt round is : 389
Oppotunistic Trader rolled 9
Oppotunistic Trader moved to square 32 : Go
Conservative Banker rolled 10
Conservative Banker moved to square 1 : Pettah
Aggressive Invester rolled 4
Aggressive Invester moved to square 8 : Go
Risk Taker rolled 3
Risk Taker moved to square 32 : Go
currunt round is : 389
Oppotunistic Trader rolled 6
Oppotunistic Trader moved to square 38 : Go
Conservative Banker rolled 2
Conservative Banker moved to square 3 : Colombo Fort Railway Station
Aggressive Invester rolled 8
Aggressive Invester moved to square 16 : Go
Risk Taker rolled 9
Risk Taker moved to square 2 : Go
currunt round is : 389
Oppotunistic Trader rolled 10
Oppotunistic Trader moved to square 9 : Go
Conservative Banker rolled 6
Conservative Banker moved to square 9 : Go
Aggressive Invester rolled 11
Aggressive Invester moved to square 27 : Go
Risk Taker rolled 7
Risk Taker moved to square 9 : Go
currunt round is : 389
Oppotunistic Trader rolled 3
Oppotunistic Trader moved to square 12 : Go
Conservative Banker rolled 9
Conservative Banker moved to square 18 : Go
Aggressive Invester rolled 5
Aggressive Invester moved to square 32 : Go
Risk Taker rolled 4
Risk Taker moved to square 13 : Go
currunt round is : 390
Oppotunistic Trader rolled 8
Oppotunistic Trader moved to square 20 : Go
Conservative Banker rolled 4
Conservative Banker moved to square 22 : Go
Aggressive Invester rolled 10
Aggressive Invester moved to square 3 : Colombo Fort Railway Station
Risk Taker rolled 11
Risk Taker moved to square 24 : Go
currunt round is : 390
Oppotunistic Trader rolled 7
Oppotunistic Trader moved to square 27 : Go
Conservative Banker rolled 12
Conservative Banker moved to square 34 : Go
Aggressive Invester rolled 10
Aggressive Invester moved to square 13 : Go
Risk Taker rolled 9
Risk Taker moved to square 33 : Go
currunt round is : 390
Oppotunistic Trader rolled 5
Oppotunistic Trader moved to square 32 : Go
Conservative Banker rolled 8
Conservative Banker moved to square 3 : Colombo Fort Railway Station
Aggressive Invester rolled 9
Aggressive Invester moved to square 22 : Go
Risk Taker rolled 9
Risk Taker moved to square 3 : Colombo Fort Railway Station
currunt round is : 390
Oppotunistic Trader rolled 12
Oppotunistic Trader moved to square 5 : Go
Conservative Banker rolled 4
Conservative Banker moved to square 7 : Go
Aggressive Invester rolled 11
Aggressive Invester moved to square 33 : Go
Risk Taker rolled 6
Risk Taker moved to square 9 : Go
currunt round is : 390
Oppotunistic Trader rolled 11
Oppotunistic Trader moved to square 16 : Go
Conservative Banker rolled 2
Conservative Banker moved to square 9 : Go
Aggressive Invester rolled 7
Aggressive Invester moved to square 1 : Pettah
Risk Taker rolled 4
Risk Taker moved to square 13 : Go
currunt round is : 391
Oppotunistic Trader rolled 11
Oppotunistic Trader moved to square 27 : Go
Conservative Banker rolled 2
Conservative Banker moved to square 11 : Go
Aggressive Invester rolled 9
Aggressive Invester moved to square 10 : Go
Risk Taker rolled 7
Risk Taker moved to square 20 : Go
currunt round is : 391
Oppotunistic Trader rolled 4
Oppotunistic Trader moved to square 31 : Go
Conservative Banker rolled 5
Conservative Banker moved to square 16 : Go
Aggressive Invester rolled 12
Aggressive Invester moved to square 22 : Go
Risk Taker rolled 6
Risk Taker moved to square 26 : Go
currunt round is : 391
Oppotunistic Trader rolled 2
Oppotunistic Trader moved to square 33 : Go
Conservative Banker rolled 4
Conservative Banker moved to square 20 : Go
Aggressive Invester rolled 8
Aggressive Invester moved to square 30 : Go
Risk Taker rolled 6
Risk Taker moved to square 32 : Go
currunt round is : 391
Oppotunistic Trader rolled 6
Oppotunistic Trader moved to square 0 : Go
Conservative Banker rolled 3
Conservative Banker moved to square 23 : Go
Aggressive Invester rolled 2
Aggressive Invester moved to square 32 : Go
Risk Taker rolled 9
Risk Taker moved to square 2 : Go
currunt round is : 391
Oppotunistic Trader rolled 3
Oppotunistic Trader moved to square 3 : Colombo Fort Railway Station
Conservative Banker rolled 11
Conservative Banker moved to square 34 : Go
Aggressive Invester rolled 5
Aggressive Invester moved to square 37 : Go
Risk Taker rolled 4
Risk Taker moved to square 6 : Go
currunt round is : 391
Oppotunistic Trader rolled 4
Oppotunistic Trader moved to square 7 : Go
Conservative Banker rolled 12
Conservative Banker moved to square 7 : Go
Aggressive Invester rolled 11
Aggressive Invester moved to square 9 : Go
Risk Taker rolled 3
Risk Taker moved to square 9 : Go
currunt round is : 392
Oppotunistic Trader rolled 2
Oppotunistic Trader moved to square 9 : Go
Conservative Banker rolled 7
Conservative Banker moved to square 14 : Go
Aggressive Invester rolled 8
Aggressive Invester moved to square 17 : Go
Risk Taker rolled 9
Risk Taker moved to square 18 : Go
currunt round is : 392
Oppotunistic Trader rolled 6
Oppotunistic Trader moved to square 15 : Go
Conservative Banker rolled 2
Conservative Banker moved to square 16 : Go
Aggressive Invester rolled 9
Aggressive Invester moved to square 26 : Go
Risk Taker rolled 4
Risk Taker moved to square 22 : Go
currunt round is : 392
Oppotunistic Trader rolled 12
Oppotunistic Trader moved to square 27 : Go
Conservative Banker rolled 4
Conservative Banker moved to square 20 : Go
Aggressive Invester rolled 9
Aggressive Invester moved to square 35 : Go
Risk Taker rolled 3
Risk Taker moved to square 25 : Go
currunt round is : 392
Oppotunistic Trader rolled 7
Oppotunistic Trader moved to square 34 : Go
Conservative Banker rolled 6
Conservative Banker moved to square 26 : Go
Aggressive Invester rolled 5
Aggressive Invester moved to square 1 : Pettah
Risk Taker rolled 5
Risk Taker moved to square 30 : Go
currunt round is : 392
Oppotunistic Trader rolled 8
Oppotunistic Trader moved to square 3 : Colombo Fort Railway Station
Conservative Banker rolled 11
Conservative Banker moved to square 37 : Go
Aggressive Invester rolled 10
Aggressive Invester moved to square 11 : Go
Risk Taker rolled 10
Risk Taker moved to square 1 : Pettah
currunt round is : 392
Oppotunistic Trader rolled 11
Oppotunistic Trader moved to square 14 : Go
Conservative Banker rolled 10
Conservative Banker moved to square 8 : Go
Aggressive Invester rolled 7
Aggressive Invester moved to square 18 : Go
Risk Taker rolled 10
Risk Taker moved to square 11 : Go
currunt round is : 393
Oppotunistic Trader rolled 6
Oppotunistic Trader moved to square 20 : Go
Conservative Banker rolled 8
Conservative Banker moved to square 16 : Go
Aggressive Invester rolled 12
Aggressive Invester moved to square 30 : Go
Risk Taker rolled 8
Risk Taker moved to square 19 : Go
currunt round is : 393
Oppotunistic Trader rolled 6
Oppotunistic Trader moved to square 26 : Go
Conservative Banker rolled 8
Conservative Banker moved to square 24 : Go
Aggressive Invester rolled 8
Aggressive Invester moved to square 38 : Go
Risk Taker rolled 6
Risk Taker moved to square 25 : Go
currunt round is : 393
Oppotunistic Trader rolled 12
Oppotunistic Trader moved to square 38 : Go
Conservative Banker rolled 3
Conservative Banker moved to square 27 : Go
Aggressive Invester rolled 11
Aggressive Invester moved to square 10 : Go
Risk Taker rolled 5
Risk Taker moved to square 30 : Go
currunt round is : 393
Oppotunistic Trader rolled 12
Oppotunistic Trader moved to square 11 : Go
Conservative Banker rolled 7
Conservative Banker moved to square 34 : Go
Aggressive Invester rolled 5
Aggressive Invester moved to square 15 : Go
Risk Taker rolled 9
Risk Taker moved to square 0 : Go
currunt round is : 393
Oppotunistic Trader rolled 9
Oppotunistic Trader moved to square 20 : Go
Conservative Banker rolled 11
Conservative Banker moved to square 6 : Go
Aggressive Invester rolled 11
Aggressive Invester moved to square 26 : Go
Risk Taker rolled 2
Risk Taker moved to square 2 : Go
currunt round is : 394
Oppotunistic Trader rolled 4
Oppotunistic Trader moved to square 24 : Go
Conservative Banker rolled 3
Conservative Banker moved to square 9 : Go
Aggressive Invester rolled 5
Aggressive Invester moved to square 31 : Go
Risk Taker rolled 11
Risk Taker moved to square 13 : Go
currunt round is : 394
Oppotunistic Trader rolled 11
Oppotunistic Trader moved to square 35 : Go
Conservative Banker rolled 11
Conservative Banker moved to square 20 : Go
Aggressive Invester rolled 6
Aggressive Invester moved to square 37 : Go
Risk Taker rolled 7
Risk Taker moved to square 20 : Go
currunt round is : 394
Oppotunistic Trader rolled 9
Oppotunistic Trader moved to square 5 : Go
Conservative Banker rolled 11
Conservative Banker moved to square 31 : Go
Aggressive Invester rolled 4
Aggressive Invester moved to square 2 : Go
Risk Taker rolled 11
Risk Taker moved to square 31 : Go
currunt round is : 394
Oppotunistic Trader rolled 7
Oppotunistic Trader moved to square 12 : Go
Conservative Banker rolled 12
Conservative Banker moved to square 4 : Go
Aggressive Invester rolled 5
Aggressive Invester moved to square 7 : Go
Risk Taker rolled 11
Risk Taker moved to square 3 : Colombo Fort Railway Station
currunt round is : 395
Oppotunistic Trader rolled 7
Oppotunistic Trader moved to square 19 : Go
Conservative Banker rolled 11
Conservative Banker moved to square 15 : Go
Aggressive Invester rolled 2
Aggressive Invester moved to square 9 : Go
Risk Taker rolled 4
Risk Taker moved to square 7 : Go
currunt round is : 395
Oppotunistic Trader rolled 10
Oppotunistic Trader moved to square 29 : Go
Conservative Banker rolled 11
Conservative Banker moved to square 26 : Go
Aggressive Invester rolled 7
Aggressive Invester moved to square 16 : Go
Risk Taker rolled 7
Risk Taker moved to square 14 : Go
currunt round is : 395
Oppotunistic Trader rolled 3
Oppotunistic Trader moved to square 32 : Go
Conservative Banker rolled 9
Conservative Banker moved to square 35 : Go
Aggressive Invester rolled 4
Aggressive Invester moved to square 20 : Go
Risk Taker rolled 9
Risk Taker moved to square 23 : Go
currunt round is : 395
Oppotunistic Trader rolled 7
Oppotunistic Trader moved to square 0 : Go
Conservative Banker rolled 2
Conservative Banker moved to square 37 : Go
Aggressive Invester rolled 9
Aggressive Invester moved to square 29 : Go
Risk Taker rolled 9
Risk Taker moved to square 32 : Go
currunt round is : 395
Oppotunistic Trader rolled 12
Oppotunistic Trader moved to square 12 : Go
Conservative Banker rolled 10
Conservative Banker moved to square 8 : Go
Aggressive Invester rolled 5
Aggressive Invester moved to square 34 : Go
Risk Taker rolled 10
Risk Taker moved to square 3 : Colombo Fort Railway Station
currunt round is : 395
Oppotunistic Trader rolled 9
Oppotunistic Trader moved to square 21 : Go
Conservative Banker rolled 10
Conservative Banker moved to square 18 : Go
Aggressive Invester rolled 4
Aggressive Invester moved to square 38 : Go
Risk Taker rolled 3
Risk Taker moved to square 6 : Go
currunt round is : 396
Oppotunistic Trader rolled 6
Oppotunistic Trader moved to square 27 : Go
Conservative Banker rolled 4
Conservative Banker moved to square 22 : Go
Aggressive Invester rolled 12
Aggressive Invester moved to square 11 : Go
Risk Taker rolled 9
Risk Taker moved to square 15 : Go
currunt round is : 396
Oppotunistic Trader rolled 3
Oppotunistic Trader moved to square 30 : Go
Conservative Banker rolled 4
Conservative Banker moved to square 26 : Go
Aggressive Invester rolled 5
Aggressive Invester moved to square 16 : Go
Risk Taker rolled 7
Risk Taker moved to square 22 : Go
currunt round is : 396
Oppotunistic Trader rolled 11
Oppotunistic Trader moved to square 2 : Go
Conservative Banker rolled 5
Conservative Banker moved to square 31 : Go
Aggressive Invester rolled 9
Aggressive Invester moved to square 25 : Go
Risk Taker rolled 8
Risk Taker moved to square 30 : Go
currunt round is : 396
Oppotunistic Trader rolled 12
Oppotunistic Trader moved to square 14 : Go
Conservative Banker rolled 2
Conservative Banker moved to square 33 : Go
Aggressive Invester rolled 3
Aggressive Invester moved to square 28 : Go
Risk Taker rolled 12
Risk Taker moved to square 3 : Colombo Fort Railway Station
currunt round is : 397
Oppotunistic Trader rolled 9
Oppotunistic Trader moved to square 23 : Go
Conservative Banker rolled 5
Conservative Banker moved to square 38 : Go
Aggressive Invester rolled 8
Aggressive Invester moved to square 36 : Go
Risk Taker rolled 3
Risk Taker moved to square 6 : Go
currunt round is : 397
Oppotunistic Trader rolled 3
Oppotunistic Trader moved to square 26 : Go
Conservative Banker rolled 2
Conservative Banker moved to square 1 : Pettah
Aggressive Invester rolled 8
Aggressive Invester moved to square 5 : Go
Risk Taker rolled 2
Risk Taker moved to square 8 : Go
currunt round is : 397
Oppotunistic Trader rolled 10
Oppotunistic Trader moved to square 36 : Go
Conservative Banker rolled 12
Conservative Banker moved to square 13 : Go
Aggressive Invester rolled 9
Aggressive Invester moved to square 14 : Go
Risk Taker rolled 4
Risk Taker moved to square 12 : Go
currunt round is : 397
Oppotunistic Trader rolled 7
Oppotunistic Trader moved to square 4 : Go
Conservative Banker rolled 9
Conservative Banker moved to square 22 : Go
Aggressive Invester rolled 5
Aggressive Invester moved to square 19 : Go
Risk Taker rolled 11
Risk Taker moved to square 23 : Go
currunt round is : 397
Oppotunistic Trader rolled 12
Oppotunistic Trader moved to square 16 : Go
Conservative Banker rolled 3
Conservative Banker moved to square 25 : Go
Aggressive Invester rolled 8
Aggressive Invester moved to square 27 : Go
Risk Taker rolled 11
Risk Taker moved to square 34 : Go
currunt round is : 398
Oppotunistic Trader rolled 3
Oppotunistic Trader moved to square 19 : Go
Conservative Banker rolled 11
Conservative Banker moved to square 36 : Go
Aggressive Invester rolled 5
Aggressive Invester moved to square 32 : Go
Risk Taker rolled 2
Risk Taker moved to square 36 : Go
currunt round is : 398
Oppotunistic Trader rolled 2
Oppotunistic Trader moved to square 21 : Go
Conservative Banker rolled 11
Conservative Banker moved to square 8 : Go
Aggressive Invester rolled 6
Aggressive Invester moved to square 38 : Go
Risk Taker rolled 10
Risk Taker moved to square 7 : Go
currunt round is : 398
Oppotunistic Trader rolled 9
Oppotunistic Trader moved to square 30 : Go
Conservative Banker rolled 7
Conservative Banker moved to square 15 : Go
Aggressive Invester rolled 9
Aggressive Invester moved to square 8 : Go
Risk Taker rolled 5
Risk Taker moved to square 12 : Go
currunt round is : 398
Oppotunistic Trader rolled 8
Oppotunistic Trader moved to square 38 : Go
Conservative Banker rolled 2
Conservative Banker moved to square 17 : Go
Aggressive Invester rolled 4
Aggressive Invester moved to square 12 : Go
Risk Taker rolled 7
Risk Taker moved to square 19 : Go
currunt round is : 398
Oppotunistic Trader rolled 2
Oppotunistic Trader moved to square 1 : Pettah
Conservative Banker rolled 8
Conservative Banker moved to square 25 : Go
Aggressive Invester rolled 6
Aggressive Invester moved to square 18 : Go
Risk Taker rolled 9
Risk Taker moved to square 28 : Go
currunt round is : 398
Oppotunistic Trader rolled 5
Oppotunistic Trader moved to square 6 : Go
Conservative Banker rolled 2
Conservative Banker moved to square 27 : Go
Aggressive Invester rolled 11
Aggressive Invester moved to square 29 : Go
Risk Taker rolled 10
Risk Taker moved to square 38 : Go
currunt round is : 399
Oppotunistic Trader rolled 9
Oppotunistic Trader moved to square 15 : Go
Conservative Banker rolled 4
Conservative Banker moved to square 31 : Go
Aggressive Invester rolled 7
Aggressive Invester moved to square 36 : Go
Risk Taker rolled 6
Risk Taker moved to square 5 : Go
currunt round is : 399
Oppotunistic Trader rolled 5
Oppotunistic Trader moved to square 20 : Go
Conservative Banker rolled 2
Conservative Banker moved to square 33 : Go
Aggressive Invester rolled 5
Aggressive Invester moved to square 2 : Go
Risk Taker rolled 6
Risk Taker moved to square 11 : Go
currunt round is : 399
Oppotunistic Trader rolled 9
Oppotunistic Trader moved to square 29 : Go
Conservative Banker rolled 6
Conservative Banker moved to square 0 : Go
Aggressive Invester rolled 4
Aggressive Invester moved to square 6 : Go
Risk Taker rolled 9
Risk Taker moved to square 20 : Go
currunt round is : 399
Oppotunistic Trader rolled 2
Oppotunistic Trader moved to square 31 : Go
Conservative Banker rolled 9
Conservative Banker moved to square 9 : Go
Aggressive Invester rolled 5
Aggressive Invester moved to square 11 : Go
Risk Taker rolled 9
Risk Taker moved to square 29 : Go
currunt round is : 399
Oppotunistic Trader rolled 12
Oppotunistic Trader moved to square 4 : Go
Conservative Banker rolled 12
Conservative Banker moved to square 21 : Go
Aggressive Invester rolled 10
Aggressive Invester moved to square 21 : Go
Risk Taker rolled 6
Risk Taker moved to square 35 : Go
currunt round is : 399
Oppotunistic Trader rolled 2
Oppotunistic Trader moved to square 6 : Go
Conservative Banker rolled 10
Conservative Banker moved to square 31 : Go
Aggressive Invester rolled 11
Aggressive Invester moved to square 32 : Go
Risk Taker rolled 11
Risk Taker moved to square 7 : Go
currunt round is : 400
Oppotunistic Trader rolled 6
Oppotunistic Trader moved to square 12 : Go
Conservative Banker rolled 2
Conservative Banker moved to square 33 : Go
Aggressive Invester rolled 7
Aggressive Invester moved to square 0 : Go
Risk Taker rolled 9
Risk Taker moved to square 16 : Go
currunt round is : 400
Oppotunistic Trader rolled 2
Oppotunistic Trader moved to square 14 : Go
Conservative Banker rolled 4
Conservative Banker moved to square 37 : Go
Aggressive Invester rolled 5
Aggressive Invester moved to square 5 : Go
Risk Taker rolled 8
Risk Taker moved to square 24 : Go
currunt round is : 400
Oppotunistic Trader rolled 6
Oppotunistic Trader moved to square 20 : Go
Conservative Banker rolled 10
Conservative Banker moved to square 8 : Go
Aggressive Invester rolled 12
Aggressive Invester moved to square 17 : Go
Risk Taker rolled 7
Risk Taker moved to square 31 : Go
currunt round is : 400
Oppotunistic Trader rolled 8
Oppotunistic Trader moved to square 28 : Go
Conservative Banker rolled 4
Conservative Banker moved to square 12 : Go
Aggressive Invester rolled 9
Aggressive Invester moved to square 26 : Go
Risk Taker rolled 4
Risk Taker moved to square 35 : Go
currunt round is : 400
Oppotunistic Trader rolled 9
Oppotunistic Trader moved to square 37 : Go
Conservative Banker rolled 12
Conservative Banker moved to square 24 : Go
Aggressive Invester rolled 10
Aggressive Invester moved to square 36 : Go
Risk Taker rolled 9
Risk Taker moved to square 5 : Go
currunt round is : 400
Oppotunistic Trader rolled 6
Oppotunistic Trader moved to square 4 : Go
Conservative Banker rolled 2
Conservative Banker moved to square 26 : Go
Aggressive Invester rolled 4
Aggressive Invester moved to square 1 : Pettah
Risk Taker rolled 5
Risk Taker moved to square 10 : Go
currunt round is : 400
Oppotunistic Trader rolled 10
Oppotunistic Trader moved to square 14 : Go
Conservative Banker rolled 12
Conservative Banker moved to square 38 : Go
Aggressive Invester rolled 9
Aggressive Invester moved to square 10 : Go
Risk Taker rolled 10
Risk Taker moved to square 20 : Go
currunt round is : 401
Oppotunistic Trader rolled 10
Oppotunistic Trader moved to square 24 : Go
Conservative Banker rolled 6
Conservative Banker moved to square 5 : Go
Aggressive Invester rolled 9
Aggressive Invester moved to square 19 : Go
Risk Taker rolled 12
Risk Taker moved to square 32 : Go
currunt round is : 401
Oppotunistic Trader rolled 6
Oppotunistic Trader moved to square 30 : Go
Conservative Banker rolled 12
Conservative Banker moved to square 17 : Go
Aggressive Invester rolled 6
Aggressive Invester moved to square 25 : Go
Risk Taker rolled 5
Risk Taker moved to square 37 : Go
currunt round is : 401
Oppotunistic Trader rolled 3
Oppotunistic Trader moved to square 33 : Go
Conservative Banker rolled 9
Conservative Banker moved to square 26 : Go
Aggressive Invester rolled 11
Aggressive Invester moved to square 36 : Go
Risk Taker rolled 5
Risk Taker moved to square 3 : Colombo Fort Railway Station
currunt round is : 401
Oppotunistic Trader rolled 4
Oppotunistic Trader moved to square 37 : Go
Conservative Banker rolled 10
Conservative Banker moved to square 36 : Go
Aggressive Invester rolled 10
Aggressive Invester moved to square 7 : Go
Risk Taker rolled 10
Risk Taker moved to square 13 : Go
currunt round is : 401
Oppotunistic Trader rolled 11
Oppotunistic Trader moved to square 9 : Go
Conservative Banker rolled 5
Conservative Banker moved to square 2 : Go
Aggressive Invester rolled 11
Aggressive Invester moved to square 18 : Go
Risk Taker rolled 5
Risk Taker moved to square 18 : Go
currunt round is : 401
Oppotunistic Trader rolled 2
Oppotunistic Trader moved to square 11 : Go
Conservative Banker rolled 6
Conservative Banker moved to square 8 : Go
Aggressive Invester rolled 12
Aggressive Invester moved to square 30 : Go
Risk Taker rolled 6
Risk Taker moved to square 24 : Go
currunt round is : 402
Oppotunistic Trader rolled 4
Oppotunistic Trader moved to square 15 : Go
Conservative Banker rolled 12
Conservative Banker moved to square 20 : Go
Aggressive Invester rolled 9
Aggressive Invester moved to square 0 : Go
Risk Taker rolled 12
Risk Taker moved to square 36 : Go
currunt round is : 402
Oppotunistic Trader rolled 12
Oppotunistic Trader moved to square 27 : Go
Conservative Banker rolled 4
Conservative Banker moved to square 24 : Go
Aggressive Invester rolled 8
Aggressive Invester moved to square 8 : Go
Risk Taker rolled 7
Risk Taker moved to square 4 : Go
currunt round is : 402
Oppotunistic Trader rolled 6
Oppotunistic Trader moved to square 33 : Go
Conservative Banker rolled 2
Conservative Banker moved to square 26 : Go
Aggressive Invester rolled 6
Aggressive Invester moved to square 14 : Go
Risk Taker rolled 10
Risk Taker moved to square 14 : Go
currunt round is : 402
Oppotunistic Trader rolled 12
Oppotunistic Trader moved to square 6 : Go
Conservative Banker rolled 8
Conservative Banker moved to square 34 : Go
Aggressive Invester rolled 2
Aggressive Invester moved to square 16 : Go
Risk Taker rolled 12
Risk Taker moved to square 26 : Go
currunt round is : 402
Oppotunistic Trader rolled 5
Oppotunistic Trader moved to square 11 : Go
Conservative Banker rolled 9
Conservative Banker moved to square 4 : Go
Aggressive Invester rolled 4
Aggressive Invester moved to square 20 : Go
Risk Taker rolled 7
Risk Taker moved to square 33 : Go
currunt round is : 403
Oppotunistic Trader rolled 5
Oppotunistic Trader moved to square 16 : Go
Conservative Banker rolled 11
Conservative Banker moved to square 15 : Go
Aggressive Invester rolled 3
Aggressive Invester moved to square 23 : Go
Risk Taker rolled 3
Risk Taker moved to square 36 : Go
currunt round is : 403
Oppotunistic Trader rolled 3
Oppotunistic Trader moved to square 19 : Go
Conservative Banker rolled 12
Conservative Banker moved to square 27 : Go
Aggressive Invester rolled 6
Aggressive Invester moved to square 29 : Go
Risk Taker rolled 12
Risk Taker moved to square 9 : Go
currunt round is : 403
Oppotunistic Trader rolled 3
Oppotunistic Trader moved to square 22 : Go
Conservative Banker rolled 3
Conservative Banker moved to square 30 : Go
Aggressive Invester rolled 5
Aggressive Invester moved to square 34 : Go
Risk Taker rolled 5
Risk Taker moved to square 14 : Go
currunt round is : 403
Oppotunistic Trader rolled 3
Oppotunistic Trader moved to square 25 : Go
Conservative Banker rolled 10
Conservative Banker moved to square 1 : Pettah
Aggressive Invester rolled 4
Aggressive Invester moved to square 38 : Go
Risk Taker rolled 11
Risk Taker moved to square 25 : Go
currunt round is : 403
Oppotunistic Trader rolled 10
Oppotunistic Trader moved to square 35 : Go
Conservative Banker rolled 8
Conservative Banker moved to square 9 : Go
Aggressive Invester rolled 3
Aggressive Invester moved to square 2 : Go
Risk Taker rolled 3
Risk Taker moved to square 28 : Go
currunt round is : 403
Oppotunistic Trader rolled 8
Oppotunistic Trader moved to square 4 : Go
Conservative Banker rolled 5
Conservative Banker moved to square 14 : Go
Aggressive Invester rolled 10
Aggressive Invester moved to square 12 : Go
Risk Taker rolled 6
Risk Taker moved to square 34 : Go
currunt round is : 403
Oppotunistic Trader rolled 11
Oppotunistic Trader moved to square 15 : Go
Conservative Banker rolled 8
Conservative Banker moved to square 22 : Go
Aggressive Invester rolled 5
Aggressive Invester moved to square 17 : Go
Risk Taker rolled 12
Risk Taker moved to square 7 : Go
currunt round is : 404
Oppotunistic Trader rolled 5
Oppotunistic Trader moved to square 20 : Go
Conservative Banker rolled 7
Conservative Banker moved to square 29 : Go
Aggressive Invester rolled 5
Aggressive Invester moved to square 22 : Go
Risk Taker rolled 8
Risk Taker moved to square 15 : Go
currunt round is : 404
Oppotunistic Trader rolled 3
Oppotunistic Trader moved to square 23 : Go
Conservative Banker rolled 6
Conservative Banker moved to square 35 : Go
Aggressive Invester rolled 7
Aggressive Invester moved to square 29 : Go
Risk Taker rolled 2
Risk Taker moved to square 17 : Go
currunt round is : 404
Oppotunistic Trader rolled 3
Oppotunistic Trader moved to square 26 : Go
Conservative Banker rolled 11
Conservative Banker moved to square 7 : Go
Aggressive Invester rolled 12
Aggressive Invester moved to square 2 : Go
Risk Taker rolled 4
Risk Taker moved to square 21 : Go
currunt round is : 404
Oppotunistic Trader rolled 10
Oppotunistic Trader moved to square 36 : Go
Conservative Banker rolled 4
Conservative Banker moved to square 11 : Go
Aggressive Invester rolled 7
Aggressive Invester moved to square 9 : Go
Risk Taker rolled 9
Risk Taker moved to square 30 : Go
currunt round is : 404
Oppotunistic Trader rolled 11
Oppotunistic Trader moved to square 8 : Go
Conservative Banker rolled 7
Conservative Banker moved to square 18 : Go
Aggressive Invester rolled 7
Aggressive Invester moved to square 16 : Go
Risk Taker rolled 8
Risk Taker moved to square 38 : Go
currunt round is : 404
Oppotunistic Trader rolled 3
Oppotunistic Trader moved to square 11 : Go
Conservative Banker rolled 8
Conservative Banker moved to square 26 : Go
Aggressive Invester rolled 8
Aggressive Invester moved to square 24 : Go
Risk Taker rolled 7
Risk Taker moved to square 6 : Go
currunt round is : 405
Oppotunistic Trader rolled 11
Oppotunistic Trader moved to square 22 : Go
Conservative Banker rolled 5
Conservative Banker moved to square 31 : Go
Aggressive Invester rolled 11
Aggressive Invester moved to square 35 : Go
Risk Taker rolled 8
Risk Taker moved to square 14 : Go
currunt round is : 405
Oppotunistic Trader rolled 9
Oppotunistic Trader moved to square 31 : Go
Conservative Banker rolled 3
Conservative Banker moved to square 34 : Go
Aggressive Invester rolled 7
Aggressive Invester moved to square 3 : Colombo Fort Railway Station
Risk Taker rolled 10
Risk Taker moved to square 24 : Go
currunt round is : 405
Oppotunistic Trader rolled 7
Oppotunistic Trader moved to square 38 : Go
Conservative Banker rolled 10
Conservative Banker moved to square 5 : Go
Aggressive Invester rolled 5
Aggressive Invester moved to square 8 : Go
Risk Taker rolled 8
Risk Taker moved to square 32 : Go
currunt round is : 405
Oppotunistic Trader rolled 12
Oppotunistic Trader moved to square 11 : Go
Conservative Banker rolled 8
Conservative Banker moved to square 13 : Go
Aggressive Invester rolled 9
Aggressive Invester moved to square 17 : Go
Risk Taker rolled 2
Risk Taker moved to square 34 : Go
currunt round is : 405
Oppotunistic Trader rolled 4
Oppotunistic Trader moved to square 15 : Go
Conservative Banker rolled 8
Conservative Banker moved to square 21 : Go
Aggressive Invester rolled 4
Aggressive Invester moved to square 21 : Go
Risk Taker rolled 2
Risk Taker moved to square 36 : Go
currunt round is : 406
Oppotunistic Trader rolled 9
Oppotunistic Trader moved to square 24 : Go
Conservative Banker rolled 7
Conservative Banker moved to square 28 : Go
Aggressive Invester rolled 9
Aggressive Invester moved to square 30 : Go
Risk Taker rolled 5
Risk Taker moved to square 2 : Go
currunt round is : 406
Oppotunistic Trader rolled 11
Oppotunistic Trader moved to square 35 : Go
Conservative Banker rolled 2
Conservative Banker moved to square 30 : Go
Aggressive Invester rolled 9
Aggressive Invester moved to square 0 : Go
Risk Taker rolled 10
Risk Taker moved to square 12 : Go
currunt round is : 406
Oppotunistic Trader rolled 6
Oppotunistic Trader moved to square 2 : Go
Conservative Banker rolled 4
Conservative Banker moved to square 34 : Go
Aggressive Invester rolled 4
Aggressive Invester moved to square 4 : Go
Risk Taker rolled 3
Risk Taker moved to square 15 : Go
currunt round is : 406
Oppotunistic Trader rolled 5
Oppotunistic Trader moved to square 7 : Go
Conservative Banker rolled 12
Conservative Banker moved to square 7 : Go
Aggressive Invester rolled 9
Aggressive Invester moved to square 13 : Go
Risk Taker rolled 2
Risk Taker moved to square 17 : Go
currunt round is : 407
Oppotunistic Trader rolled 2
Oppotunistic Trader moved to square 9 : Go
Conservative Banker rolled 3
Conservative Banker moved to square 10 : Go
Aggressive Invester rolled 10
Aggressive Invester moved to square 23 : Go
Risk Taker rolled 7
Risk Taker moved to square 24 : Go
currunt round is : 407
Oppotunistic Trader rolled 10
Oppotunistic Trader moved to square 19 : Go
Conservative Banker rolled 12
Conservative Banker moved to square 22 : Go
Aggressive Invester rolled 12
Aggressive Invester moved to square 35 : Go
Risk Taker rolled 9
Risk Taker moved to square 33 : Go
currunt round is : 407
Oppotunistic Trader rolled 7
Oppotunistic Trader moved to square 26 : Go
Conservative Banker rolled 8
Conservative Banker moved to square 30 : Go
Aggressive Invester rolled 10
Aggressive Invester moved to square 6 : Go
Risk Taker rolled 8
Risk Taker moved to square 2 : Go
currunt round is : 407
Oppotunistic Trader rolled 12
Oppotunistic Trader moved to square 38 : Go
Conservative Banker rolled 10
Conservative Banker moved to square 1 : Pettah
Aggressive Invester rolled 8
Aggressive Invester moved to square 14 : Go
Risk Taker rolled 6
Risk Taker moved to square 8 : Go
currunt round is : 407
Oppotunistic Trader rolled 3
Oppotunistic Trader moved to square 2 : Go
Conservative Banker rolled 2
Conservative Banker moved to square 3 : Colombo Fort Railway Station
Aggressive Invester rolled 9
Aggressive Invester moved to square 23 : Go
Risk Taker rolled 12
Risk Taker moved to square 20 : Go
currunt round is : 407
Oppotunistic Trader rolled 2
Oppotunistic Trader moved to square 4 : Go
Conservative Banker rolled 6
Conservative Banker moved to square 9 : Go
Aggressive Invester rolled 7
Aggressive Invester moved to square 30 : Go
Risk Taker rolled 7
Risk Taker moved to square 27 : Go
currunt round is : 408
Oppotunistic Trader rolled 6
Oppotunistic Trader moved to square 10 : Go
Conservative Banker rolled 7
Conservative Banker moved to square 16 : Go
Aggressive Invester rolled 8
Aggressive Invester moved to square 38 : Go
Risk Taker rolled 8
Risk Taker moved to square 35 : Go
currunt round is : 408
Oppotunistic Trader rolled 6
Oppotunistic Trader moved to square 16 : Go
Conservative Banker rolled 4
Conservative Banker moved to square 20 : Go
Aggressive Invester rolled 6
Aggressive Invester moved to square 5 : Go
Risk Taker rolled 5
Risk Taker moved to square 1 : Pettah
currunt round is : 408
Oppotunistic Trader rolled 3
Oppotunistic Trader moved to square 19 : Go
Conservative Banker rolled 3
Conservative Banker moved to square 23 : Go
Aggressive Invester rolled 8
Aggressive Invester moved to square 13 : Go
Risk Taker rolled 11
Risk Taker moved to square 12 : Go
currunt round is : 408
Oppotunistic Trader rolled 11
Oppotunistic Trader moved to square 30 : Go
Conservative Banker rolled 7
Conservative Banker moved to square 30 : Go
Aggressive Invester rolled 8
Aggressive Invester moved to square 21 : Go
Risk Taker rolled 4
Risk Taker moved to square 16 : Go
currunt round is : 408
Oppotunistic Trader rolled 11
Oppotunistic Trader moved to square 2 : Go
Conservative Banker rolled 3
Conservative Banker moved to square 33 : Go
Aggressive Invester rolled 10
Aggressive Invester moved to square 31 : Go
Risk Taker rolled 11
Risk Taker moved to square 27 : Go
currunt round is : 408
Oppotunistic Trader rolled 9
Oppotunistic Trader moved to square 11 : Go
Conservative Banker rolled 3
Conservative Banker moved to square 36 : Go
Aggressive Invester rolled 4
Aggressive Invester moved to square 35 : Go
Risk Taker rolled 10
Risk Taker moved to square 37 : Go
currunt round is : 409
Oppotunistic Trader rolled 3
Oppotunistic Trader moved to square 14 : Go
Conservative Banker rolled 10
Conservative Banker moved to square 7 : Go
Aggressive Invester rolled 7
Aggressive Invester moved to square 3 : Colombo Fort Railway Station
Risk Taker rolled 4
Risk Taker moved to square 2 : Go
currunt round is : 409
Oppotunistic Trader rolled 12
Oppotunistic Trader moved to square 26 : Go
Conservative Banker rolled 12
Conservative Banker moved to square 19 : Go
Aggressive Invester rolled 9
Aggressive Invester moved to square 12 : Go
Risk Taker rolled 3
Risk Taker moved to square 5 : Go
currunt round is : 409
Oppotunistic Trader rolled 7
Oppotunistic Trader moved to square 33 : Go
Conservative Banker rolled 2
Conservative Banker moved to square 21 : Go
Aggressive Invester rolled 9
Aggressive Invester moved to square 21 : Go
Risk Taker rolled 9
Risk Taker moved to square 14 : Go
currunt round is : 409
Oppotunistic Trader rolled 4
Oppotunistic Trader moved to square 37 : Go
Conservative Banker rolled 2
Conservative Banker moved to square 23 : Go
Aggressive Invester rolled 12
Aggressive Invester moved to square 33 : Go
Risk Taker rolled 3
Risk Taker moved to square 17 : Go
currunt round is : 409
Oppotunistic Trader rolled 2
Oppotunistic Trader moved to square 0 : Go
Conservative Banker rolled 8
Conservative Banker moved to square 31 : Go
Aggressive Invester rolled 2
Aggressive Invester moved to square 35 : Go
Risk Taker rolled 11
Risk Taker moved to square 28 : Go
currunt round is : 409
Oppotunistic Trader rolled 11
Oppotunistic Trader moved to square 11 : Go
Conservative Banker rolled 6
Conservative Banker moved to square 37 : Go
Aggressive Invester rolled 11
Aggressive Invester moved to square 7 : Go
Risk Taker rolled 10
Risk Taker moved to square 38 : Go
currunt round is : 409
Oppotunistic Trader rolled 5
Oppotunistic Trader moved to square 16 : Go
Conservative Banker rolled 6
Conservative Banker moved to square 4 : Go
Aggressive Invester rolled 8
Aggressive Invester moved to square 15 : Go
Risk Taker rolled 12
Risk Taker moved to square 11 : Go
currunt round is : 410
Oppotunistic Trader rolled 7
Oppotunistic Trader moved to square 23 : Go
Conservative Banker rolled 8
Conservative Banker moved to square 12 : Go
Aggressive Invester rolled 10
Aggressive Invester moved to square 25 : Go
Risk Taker rolled 9
Risk Taker moved to square 20 : Go
currunt round is : 410
Oppotunistic Trader rolled 3
Oppotunistic Trader moved to square 26 : Go
Conservative Banker rolled 4
Conservative Banker moved to square 16 : Go
Aggressive Invester rolled 11
Aggressive Invester moved to square 36 : Go
Risk Taker rolled 2
Risk Taker moved to square 22 : Go
currunt round is : 410
Oppotunistic Trader rolled 2
Oppotunistic Trader moved to square 28 : Go
Conservative Banker rolled 5
Conservative Banker moved to square 21 : Go
Aggressive Invester rolled 4
Aggressive Invester moved to square 1 : Pettah
Risk Taker rolled 7
Risk Taker moved to square 29 : Go
currunt round is : 410
Oppotunistic Trader rolled 5
Oppotunistic Trader moved to square 33 : Go
Conservative Banker rolled 9
Conservative Banker moved to square 30 : Go
Aggressive Invester rolled 3
Aggressive Invester moved to square 4 : Go
Risk Taker rolled 5
Risk Taker moved to square 34 : Go
currunt round is : 410
Oppotunistic Trader rolled 10
Oppotunistic Trader moved to square 4 : Go
Conservative Banker rolled 12
Conservative Banker moved to square 3 : Colombo Fort Railway Station
Aggressive Invester rolled 6
Aggressive Invester moved to square 10 : Go
Risk Taker rolled 10
Risk Taker moved to square 5 : Go
currunt round is : 410
Oppotunistic Trader rolled 7
Oppotunistic Trader moved to square 11 : Go
Conservative Banker rolled 4
Conservative Banker moved to square 7 : Go
Aggressive Invester rolled 6
Aggressive Invester moved to square 16 : Go
Risk Taker rolled 5
Risk Taker moved to square 10 : Go
currunt round is : 411
Oppotunistic Trader rolled 6
Oppotunistic Trader moved to square 17 : Go
Conservative Banker rolled 3
Conservative Banker moved to square 10 : Go
Aggressive Invester rolled 11
Aggressive Invester moved to square 27 : Go
Risk Taker rolled 7
Risk Taker moved to square 17 : Go
currunt round is : 411
Oppotunistic Trader rolled 7
Oppotunistic Trader moved to square 24 : Go
Conservative Banker rolled 4
Conservative Banker moved to square 14 : Go
Aggressive Invester rolled 7
Aggressive Invester moved to square 34 : Go
Risk Taker rolled 2
Risk Taker moved to square 19 : Go
currunt round is : 411
Oppotunistic Trader rolled 9
Oppotunistic Trader moved to square 33 : Go
Conservative Banker rolled 2
Conservative Banker moved to square 16 : Go
Aggressive Invester rolled 9
Aggressive Invester moved to square 4 : Go
Risk Taker rolled 10
Risk Taker moved to square 29 : Go
currunt round is : 411
Oppotunistic Trader rolled 4
Oppotunistic Trader moved to square 37 : Go
Conservative Banker rolled 5
Conservative Banker moved to square 21 : Go
Aggressive Invester rolled 9
Aggressive Invester moved to square 13 : Go
Risk Taker rolled 2
Risk Taker moved to square 31 : Go
currunt round is : 411
Oppotunistic Trader rolled 8
Oppotunistic Trader moved to square 6 : Go
Conservative Banker rolled 9
Conservative Banker moved to square 30 : Go
Aggressive Invester rolled 7
Aggressive Invester moved to square 20 : Go
Risk Taker rolled 9
Risk Taker moved to square 1 : Pettah
currunt round is : 411
Oppotunistic Trader rolled 5
Oppotunistic Trader moved to square 11 : Go
Conservative Banker rolled 7
Conservative Banker moved to square 37 : Go
Aggressive Invester rolled 10
Aggressive Invester moved to square 30 : Go
Risk Taker rolled 11
Risk Taker moved to square 12 : Go
currunt round is : 412
Oppotunistic Trader rolled 4
Oppotunistic Trader moved to square 15 : Go
Conservative Banker rolled 12
Conservative Banker moved to square 10 : Go
Aggressive Invester rolled 6
Aggressive Invester moved to square 36 : Go
Risk Taker rolled 7
Risk Taker moved to square 19 : Go
currunt round is : 412
Oppotunistic Trader rolled 2
Oppotunistic Trader moved to square 17 : Go
Conservative Banker rolled 11
Conservative Banker moved to square 21 : Go
Aggressive Invester rolled 10
Aggressive Invester moved to square 7 : Go
Risk Taker rolled 4
Risk Taker moved to square 23 : Go
currunt round is : 412
Oppotunistic Trader rolled 12
Oppotunistic Trader moved to square 29 : Go
Conservative Banker rolled 7
Conservative Banker moved to square 28 : Go
Aggressive Invester rolled 10
Aggressive Invester moved to square 17 : Go
Risk Taker rolled 4
Risk Taker moved to square 27 : Go
currunt round is : 412
Oppotunistic Trader rolled 9
Oppotunistic Trader moved to square 38 : Go
Conservative Banker rolled 4
Conservative Banker moved to square 32 : Go
Aggressive Invester rolled 4
Aggressive Invester moved to square 21 : Go
Risk Taker rolled 5
Risk Taker moved to square 32 : Go
currunt round is : 412
Oppotunistic Trader rolled 4
Oppotunistic Trader moved to square 3 : Colombo Fort Railway Station
Conservative Banker rolled 9
Conservative Banker moved to square 2 : Go
Aggressive Invester rolled 12
Aggressive Invester moved to square 33 : Go
Risk Taker rolled 4
Risk Taker moved to square 36 : Go
currunt round is : 412
Oppotunistic Trader rolled 12
Oppotunistic Trader moved to square 15 : Go
Conservative Banker rolled 8
Conservative Banker moved to square 10 : Go
Aggressive Invester rolled 5
Aggressive Invester moved to square 38 : Go
Risk Taker rolled 5
Risk Taker moved to square 2 : Go
currunt round is : 413
Oppotunistic Trader rolled 2
Oppotunistic Trader moved to square 17 : Go
Conservative Banker rolled 8
Conservative Banker moved to square 18 : Go
Aggressive Invester rolled 10
Aggressive Invester moved to square 9 : Go
Risk Taker rolled 3
Risk Taker moved to square 5 : Go
currunt round is : 413
Oppotunistic Trader rolled 11
Oppotunistic Trader moved to square 28 : Go
Conservative Banker rolled 7
Conservative Banker moved to square 25 : Go
Aggressive Invester rolled 2
Aggressive Invester moved to square 11 : Go
Risk Taker rolled 2
Risk Taker moved to square 7 : Go
currunt round is : 413
Oppotunistic Trader rolled 7
Oppotunistic Trader moved to square 35 : Go
Conservative Banker rolled 6
Conservative Banker moved to square 31 : Go
Aggressive Invester rolled 7
Aggressive Invester moved to square 18 : Go
Risk Taker rolled 5
Risk Taker moved to square 12 : Go
currunt round is : 413
Oppotunistic Trader rolled 2
Oppotunistic Trader moved to square 37 : Go
Conservative Banker rolled 3
Conservative Banker moved to square 34 : Go
Aggressive Invester rolled 7
Aggressive Invester moved to square 25 : Go
Risk Taker rolled 10
Risk Taker moved to square 22 : Go
currunt round is : 413
Oppotunistic Trader rolled 8
Oppotunistic Trader moved to square 6 : Go
Conservative Banker rolled 4
Conservative Banker moved to square 38 : Go
Aggressive Invester rolled 2
Aggressive Invester moved to square 27 : Go
Risk Taker rolled 2
Risk Taker moved to square 24 : Go
currunt round is : 413
Oppotunistic Trader rolled 6
Oppotunistic Trader moved to square 12 : Go
Conservative Banker rolled 2
Conservative Banker moved to square 1 : Pettah
Aggressive Invester rolled 6
Aggressive Invester moved to square 33 : Go
Risk Taker rolled 6
Risk Taker moved to square 30 : Go
currunt round is : 414
Oppotunistic Trader rolled 10
Oppotunistic Trader moved to square 22 : Go
Conservative Banker rolled 5
Conservative Banker moved to square 6 : Go
Aggressive Invester rolled 7
Aggressive Invester moved to square 1 : Pettah
Risk Taker rolled 9
Risk Taker moved to square 0 : Go
currunt round is : 414
Oppotunistic Trader rolled 9
Oppotunistic Trader moved to square 31 : Go
Conservative Banker rolled 10
Conservative Banker moved to square 16 : Go
Aggressive Invester rolled 2
Aggressive Invester moved to square 3 : Colombo Fort Railway Station
Risk Taker rolled 9
Risk Taker moved to square 9 : Go
currunt round is : 414
Oppotunistic Trader rolled 3
Oppotunistic Trader moved to square 34 : Go
Conservative Banker rolled 10
Conservative Banker moved to square 26 : Go
Aggressive Invester rolled 8
Aggressive Invester moved to square 11 : Go
Risk Taker rolled 2
Risk Taker moved to square 11 : Go
currunt round is : 414
Oppotunistic Trader rolled 3
Oppotunistic Trader moved to square 37 : Go
Conservative Banker rolled 8
Conservative Banker moved to square 34 : Go
Aggressive Invester rolled 11
Aggressive Invester moved to square 22 : Go
Risk Taker rolled 6
Risk Taker moved to square 17 : Go
currunt round is : 414
Oppotunistic Trader rolled 11
Oppotunistic Trader moved to square 9 : Go
Conservative Banker rolled 6
Conservative Banker moved to square 1 : Pettah
Aggressive Invester rolled 9
Aggressive Invester moved to square 31 : Go
Risk Taker rolled 11
Risk Taker moved to square 28 : Go
currunt round is : 414
Oppotunistic Trader rolled 5
Oppotunistic Trader moved to square 14 : Go
Conservative Banker rolled 3
Conservative Banker moved to square 4 : Go
Aggressive Invester rolled 7
Aggressive Invester moved to square 38 : Go
Risk Taker rolled 11
Risk Taker moved to square 0 : Go
currunt round is : 415
Oppotunistic Trader rolled 6
Oppotunistic Trader moved to square 20 : Go
Conservative Banker rolled 5
Conservative Banker moved to square 9 : Go
Aggressive Invester rolled 9
Aggressive Invester moved to square 8 : Go
Risk Taker rolled 8
Risk Taker moved to square 8 : Go
currunt round is : 415
Oppotunistic Trader rolled 5
Oppotunistic Trader moved to square 25 : Go
Conservative Banker rolled 2
Conservative Banker moved to square 11 : Go
Aggressive Invester rolled 2
Aggressive Invester moved to square 10 : Go
Risk Taker rolled 2
Risk Taker moved to square 10 : Go
currunt round is : 415
Oppotunistic Trader rolled 3
Oppotunistic Trader moved to square 28 : Go
Conservative Banker rolled 7
Conservative Banker moved to square 18 : Go
Aggressive Invester rolled 10
Aggressive Invester moved to square 20 : Go
Risk Taker rolled 8
Risk Taker moved to square 18 : Go
currunt round is : 415
Oppotunistic Trader rolled 2
Oppotunistic Trader moved to square 30 : Go
Conservative Banker rolled 8
Conservative Banker moved to square 26 : Go
Aggressive Invester rolled 4
Aggressive Invester moved to square 24 : Go
Risk Taker rolled 3
Risk Taker moved to square 21 : Go
currunt round is : 415
Oppotunistic Trader rolled 3
Oppotunistic Trader moved to square 33 : Go
Conservative Banker rolled 11
Conservative Banker moved to square 37 : Go
Aggressive Invester rolled 12
Aggressive Invester moved to square 36 : Go
Risk Taker rolled 2
Risk Taker moved to square 23 : Go
currunt round is : 415
Oppotunistic Trader rolled 4
Oppotunistic Trader moved to square 37 : Go
Conservative Banker rolled 11
Conservative Banker moved to square 9 : Go
Aggressive Invester rolled 6
Aggressive Invester moved to square 3 : Colombo Fort Railway Station
Risk Taker rolled 2
Risk Taker moved to square 25 : Go
currunt round is : 415
Oppotunistic Trader rolled 4
Oppotunistic Trader moved to square 2 : Go
Conservative Banker rolled 2
Conservative Banker moved to square 11 : Go
Aggressive Invester rolled 10
Aggressive Invester moved to square 13 : Go
Risk Taker rolled 5
Risk Taker moved to square 30 : Go
currunt round is : 415
Oppotunistic Trader rolled 4
Oppotunistic Trader moved to square 6 : Go
Conservative Banker rolled 2
Conservative Banker moved to square 13 : Go
Aggressive Invester rolled 12
Aggressive Invester moved to square 25 : Go
Risk Taker rolled 8
Risk Taker moved to square 38 : Go
currunt round is : 416
Oppotunistic Trader rolled 5
Oppotunistic Trader moved to square 11 : Go
Conservative Banker rolled 8
Conservative Banker moved to square 21 : Go
Aggressive Invester rolled 3
Aggressive Invester moved to square 28 : Go
Risk Taker rolled 8
Risk Taker moved to square 7 : Go
currunt round is : 416
Oppotunistic Trader rolled 9
Oppotunistic Trader moved to square 20 : Go
Conservative Banker rolled 12
Conservative Banker moved to square 33 : Go
Aggressive Invester rolled 9
Aggressive Invester moved to square 37 : Go
Risk Taker rolled 8
Risk Taker moved to square 15 : Go
currunt round is : 416
Oppotunistic Trader rolled 6
Oppotunistic Trader moved to square 26 : Go
Conservative Banker rolled 4
Conservative Banker moved to square 37 : Go
Aggressive Invester rolled 4
Aggressive Invester moved to square 2 : Go
Risk Taker rolled 4
Risk Taker moved to square 19 : Go
currunt round is : 416
Oppotunistic Trader rolled 8
Oppotunistic Trader moved to square 34 : Go
Conservative Banker rolled 4
Conservative Banker moved to square 2 : Go
Aggressive Invester rolled 4
Aggressive Invester moved to square 6 : Go
Risk Taker rolled 7
Risk Taker moved to square 26 : Go
currunt round is : 416
Oppotunistic Trader rolled 11
Oppotunistic Trader moved to square 6 : Go
Conservative Banker rolled 3
Conservative Banker moved to square 5 : Go
Aggressive Invester rolled 8
Aggressive Invester moved to square 14 : Go
Risk Taker rolled 3
Risk Taker moved to square 29 : Go
currunt round is : 416
Oppotunistic Trader rolled 12
Oppotunistic Trader moved to square 18 : Go
Conservative Banker rolled 12
Conservative Banker moved to square 17 : Go
Aggressive Invester rolled 12
Aggressive Invester moved to square 26 : Go
Risk Taker rolled 12
Risk Taker moved to square 2 : Go
currunt round is : 417
Oppotunistic Trader rolled 2
Oppotunistic Trader moved to square 20 : Go
Conservative Banker rolled 7
Conservative Banker moved to square 24 : Go
Aggressive Invester rolled 4
Aggressive Invester moved to square 30 : Go
Risk Taker rolled 2
Risk Taker moved to square 4 : Go
currunt round is : 417
Oppotunistic Trader rolled 7
Oppotunistic Trader moved to square 27 : Go
Conservative Banker rolled 3
Conservative Banker moved to square 27 : Go
Aggressive Invester rolled 8
Aggressive Invester moved to square 38 : Go
Risk Taker rolled 10
Risk Taker moved to square 14 : Go
currunt round is : 417
Oppotunistic Trader rolled 10
Oppotunistic Trader moved to square 37 : Go
Conservative Banker rolled 7
Conservative Banker moved to square 34 : Go
Aggressive Invester rolled 4
Aggressive Invester moved to square 3 : Colombo Fort Railway Station
Risk Taker rolled 4
Risk Taker moved to square 18 : Go
currunt round is : 417
Oppotunistic Trader rolled 7
Oppotunistic Trader moved to square 5 : Go
Conservative Banker rolled 11
Conservative Banker moved to square 6 : Go
Aggressive Invester rolled 10
Aggressive Invester moved to square 13 : Go
Risk Taker rolled 9
Risk Taker moved to square 27 : Go
currunt round is : 417
Oppotunistic Trader rolled 11
Oppotunistic Trader moved to square 16 : Go
Conservative Banker rolled 10
Conservative Banker moved to square 16 : Go
Aggressive Invester rolled 10
Aggressive Invester moved to square 23 : Go
Risk Taker rolled 6
Risk Taker moved to square 33 : Go
currunt round is : 418
Oppotunistic Trader rolled 2
Oppotunistic Trader moved to square 18 : Go
Conservative Banker rolled 12
Conservative Banker moved to square 28 : Go
Aggressive Invester rolled 11
Aggressive Invester moved to square 34 : Go
Risk Taker rolled 11
Risk Taker moved to square 5 : Go
currunt round is : 418
Oppotunistic Trader rolled 2
Oppotunistic Trader moved to square 20 : Go
Conservative Banker rolled 6
Conservative Banker moved to square 34 : Go
Aggressive Invester rolled 10
Aggressive Invester moved to square 5 : Go
Risk Taker rolled 11
Risk Taker moved to square 16 : Go
currunt round is : 418
Oppotunistic Trader rolled 4
Oppotunistic Trader moved to square 24 : Go
Conservative Banker rolled 10
Conservative Banker moved to square 5 : Go
Aggressive Invester rolled 10
Aggressive Invester moved to square 15 : Go
Risk Taker rolled 2
Risk Taker moved to square 18 : Go
currunt round is : 418
Oppotunistic Trader rolled 2
Oppotunistic Trader moved to square 26 : Go
Conservative Banker rolled 11
Conservative Banker moved to square 16 : Go
Aggressive Invester rolled 2
Aggressive Invester moved to square 17 : Go
Risk Taker rolled 8
Risk Taker moved to square 26 : Go
currunt round is : 418
Oppotunistic Trader rolled 10
Oppotunistic Trader moved to square 36 : Go
Conservative Banker rolled 6
Conservative Banker moved to square 22 : Go
Aggressive Invester rolled 3
Aggressive Invester moved to square 20 : Go
Risk Taker rolled 5
Risk Taker moved to square 31 : Go
currunt round is : 418
Oppotunistic Trader rolled 9
Oppotunistic Trader moved to square 6 : Go
Conservative Banker rolled 5
Conservative Banker moved to square 27 : Go
Aggressive Invester rolled 5
Aggressive Invester moved to square 25 : Go
Risk Taker rolled 3
Risk Taker moved to square 34 : Go
currunt round is : 418
Oppotunistic Trader rolled 12
Oppotunistic Trader moved to square 18 : Go
Conservative Banker rolled 12
Conservative Banker moved to square 0 : Go
Aggressive Invester rolled 9
Aggressive Invester moved to square 34 : Go
Risk Taker rolled 10
Risk Taker moved to square 5 : Go
currunt round is : 419
Oppotunistic Trader rolled 9
Oppotunistic Trader moved to square 27 : Go
Conservative Banker rolled 6
Conservative Banker moved to square 6 : Go
Aggressive Invester rolled 12
Aggressive Invester moved to square 7 : Go
Risk Taker rolled 9
Risk Taker moved to square 14 : Go
currunt round is : 419
Oppotunistic Trader rolled 3
Oppotunistic Trader moved to square 30 : Go
Conservative Banker rolled 9
Conservative Banker moved to square 15 : Go
Aggressive Invester rolled 8
Aggressive Invester moved to square 15 : Go
Risk Taker rolled 3
Risk Taker moved to square 17 : Go
currunt round is : 419
Oppotunistic Trader rolled 2
Oppotunistic Trader moved to square 32 : Go
Conservative Banker rolled 5
Conservative Banker moved to square 20 : Go
Aggressive Invester rolled 12
Aggressive Invester moved to square 27 : Go
Risk Taker rolled 2
Risk Taker moved to square 19 : Go
currunt round is : 419
Oppotunistic Trader rolled 11
Oppotunistic Trader moved to square 4 : Go
Conservative Banker rolled 8
Conservative Banker moved to square 28 : Go
Aggressive Invester rolled 2
Aggressive Invester moved to square 29 : Go
Risk Taker rolled 12
Risk Taker moved to square 31 : Go
currunt round is : 419
Oppotunistic Trader rolled 4
Oppotunistic Trader moved to square 8 : Go
Conservative Banker rolled 2
Conservative Banker moved to square 30 : Go
Aggressive Invester rolled 5
Aggressive Invester moved to square 34 : Go
Risk Taker rolled 12
Risk Taker moved to square 4 : Go
currunt round is : 420
Oppotunistic Trader rolled 4
Oppotunistic Trader moved to square 12 : Go
Conservative Banker rolled 4
Conservative Banker moved to square 34 : Go
Aggressive Invester rolled 3
Aggressive Invester moved to square 37 : Go
Risk Taker rolled 12
Risk Taker moved to square 16 : Go
currunt round is : 420
Oppotunistic Trader rolled 8
Oppotunistic Trader moved to square 20 : Go
Conservative Banker rolled 6
Conservative Banker moved to square 1 : Pettah
Aggressive Invester rolled 11
Aggressive Invester moved to square 9 : Go
Risk Taker rolled 5
Risk Taker moved to square 21 : Go
currunt round is : 420
Oppotunistic Trader rolled 5
Oppotunistic Trader moved to square 25 : Go
Conservative Banker rolled 5
Conservative Banker moved to square 6 : Go
Aggressive Invester rolled 12
Aggressive Invester moved to square 21 : Go
Risk Taker rolled 2
Risk Taker moved to square 23 : Go
currunt round is : 420
Oppotunistic Trader rolled 9
Oppotunistic Trader moved to square 34 : Go
Conservative Banker rolled 11
Conservative Banker moved to square 17 : Go
Aggressive Invester rolled 9
Aggressive Invester moved to square 30 : Go
Risk Taker rolled 10
Risk Taker moved to square 33 : Go
currunt round is : 420
Oppotunistic Trader rolled 7
Oppotunistic Trader moved to square 2 : Go
Conservative Banker rolled 2
Conservative Banker moved to square 19 : Go
Aggressive Invester rolled 10
Aggressive Invester moved to square 1 : Pettah
Risk Taker rolled 6
Risk Taker moved to square 0 : Go
currunt round is : 420
Oppotunistic Trader rolled 4
Oppotunistic Trader moved to square 6 : Go
Conservative Banker rolled 7
Conservative Banker moved to square 26 : Go
Aggressive Invester rolled 4
Aggressive Invester moved to square 5 : Go
Risk Taker rolled 2
Risk Taker moved to square 2 : Go
currunt round is : 421
Oppotunistic Trader rolled 2
Oppotunistic Trader moved to square 8 : Go
Conservative Banker rolled 5
Conservative Banker moved to square 31 : Go
Aggressive Invester rolled 12
Aggressive Invester moved to square 17 : Go
Risk Taker rolled 2
Risk Taker moved to square 4 : Go
currunt round is : 421
Oppotunistic Trader rolled 3
Oppotunistic Trader moved to square 11 : Go
Conservative Banker rolled 2
Conservative Banker moved to square 33 : Go
Aggressive Invester rolled 11
Aggressive Invester moved to square 28 : Go
Risk Taker rolled 6
Risk Taker moved to square 10 : Go
currunt round is : 421
Oppotunistic Trader rolled 5
Oppotunistic Trader moved to square 16 : Go
Conservative Banker rolled 12
Conservative Banker moved to square 6 : Go
Aggressive Invester rolled 3
Aggressive Invester moved to square 31 : Go
Risk Taker rolled 9
Risk Taker moved to square 19 : Go
currunt round is : 421
Oppotunistic Trader rolled 3
Oppotunistic Trader moved to square 19 : Go
Conservative Banker rolled 12
Conservative Banker moved to square 18 : Go
Aggressive Invester rolled 12
Aggressive Invester moved to square 4 : Go
Risk Taker rolled 7
Risk Taker moved to square 26 : Go
currunt round is : 421
Oppotunistic Trader rolled 5
Oppotunistic Trader moved to square 24 : Go
Conservative Banker rolled 9
Conservative Banker moved to square 27 : Go
Aggressive Invester rolled 5
Aggressive Invester moved to square 9 : Go
Risk Taker rolled 10
Risk Taker moved to square 36 : Go
currunt round is : 421
Oppotunistic Trader rolled 6
Oppotunistic Trader moved to square 30 : Go
Conservative Banker rolled 10
Conservative Banker moved to square 37 : Go
Aggressive Invester rolled 6
Aggressive Invester moved to square 15 : Go
Risk Taker rolled 9
Risk Taker moved to square 6 : Go
currunt round is : 421
Oppotunistic Trader rolled 11
Oppotunistic Trader moved to square 2 : Go
Conservative Banker rolled 3
Conservative Banker moved to square 1 : Pettah
Aggressive Invester rolled 2
Aggressive Invester moved to square 17 : Go
Risk Taker rolled 2
Risk Taker moved to square 8 : Go
currunt round is : 421
Oppotunistic Trader rolled 6
Oppotunistic Trader moved to square 8 : Go
Conservative Banker rolled 5
Conservative Banker moved to square 6 : Go
Aggressive Invester rolled 11
Aggressive Invester moved to square 28 : Go
Risk Taker rolled 5
Risk Taker moved to square 13 : Go
currunt round is : 422
Oppotunistic Trader rolled 6
Oppotunistic Trader moved to square 14 : Go
Conservative Banker rolled 9
Conservative Banker moved to square 15 : Go
Aggressive Invester rolled 5
Aggressive Invester moved to square 33 : Go
Risk Taker rolled 5
Risk Taker moved to square 18 : Go
currunt round is : 422
Oppotunistic Trader rolled 9
Oppotunistic Trader moved to square 23 : Go
Conservative Banker rolled 3
Conservative Banker moved to square 18 : Go
Aggressive Invester rolled 9
Aggressive Invester moved to square 3 : Colombo Fort Railway Station
Risk Taker rolled 12
Risk Taker moved to square 30 : Go
currunt round is : 422
Oppotunistic Trader rolled 2
Oppotunistic Trader moved to square 25 : Go
Conservative Banker rolled 8
Conservative Banker moved to square 26 : Go
Aggressive Invester rolled 8
Aggressive Invester moved to square 11 : Go
Risk Taker rolled 4
Risk Taker moved to square 34 : Go
currunt round is : 422
Oppotunistic Trader rolled 8
Oppotunistic Trader moved to square 33 : Go
Conservative Banker rolled 6
Conservative Banker moved to square 32 : Go
Aggressive Invester rolled 7
Aggressive Invester moved to square 18 : Go
Risk Taker rolled 9
Risk Taker moved to square 4 : Go
currunt round is : 422
Oppotunistic Trader rolled 2
Oppotunistic Trader moved to square 35 : Go
Conservative Banker rolled 10
Conservative Banker moved to square 3 : Colombo Fort Railway Station
Aggressive Invester rolled 6
Aggressive Invester moved to square 24 : Go
Risk Taker rolled 4
Risk Taker moved to square 8 : Go
currunt round is : 422
Oppotunistic Trader rolled 7
Oppotunistic Trader moved to square 3 : Colombo Fort Railway Station
Conservative Banker rolled 8
Conservative Banker moved to square 11 : Go
Aggressive Invester rolled 12
Aggressive Invester moved to square 36 : Go
Risk Taker rolled 3
Risk Taker moved to square 11 : Go
currunt round is : 422
Oppotunistic Trader rolled 7
Oppotunistic Trader moved to square 10 : Go
Conservative Banker rolled 12
Conservative Banker moved to square 23 : Go
Aggressive Invester rolled 12
Aggressive Invester moved to square 9 : Go
Risk Taker rolled 12
Risk Taker moved to square 23 : Go
currunt round is : 423
Oppotunistic Trader rolled 2
Oppotunistic Trader moved to square 12 : Go
Conservative Banker rolled 11
Conservative Banker moved to square 34 : Go
Aggressive Invester rolled 4
Aggressive Invester moved to square 13 : Go
Risk Taker rolled 4
Risk Taker moved to square 27 : Go
currunt round is : 423
Oppotunistic Trader rolled 7
Oppotunistic Trader moved to square 19 : Go
Conservative Banker rolled 7
Conservative Banker moved to square 2 : Go
Aggressive Invester rolled 8
Aggressive Invester moved to square 21 : Go
Risk Taker rolled 3
Risk Taker moved to square 30 : Go
currunt round is : 423
Oppotunistic Trader rolled 7
Oppotunistic Trader moved to square 26 : Go
Conservative Banker rolled 2
Conservative Banker moved to square 4 : Go
Aggressive Invester rolled 12
Aggressive Invester moved to square 33 : Go
Risk Taker rolled 5
Risk Taker moved to square 35 : Go
currunt round is : 423
Oppotunistic Trader rolled 9
Oppotunistic Trader moved to square 35 : Go
Conservative Banker rolled 5
Conservative Banker moved to square 9 : Go
Aggressive Invester rolled 5
Aggressive Invester moved to square 38 : Go
Risk Taker rolled 4
Risk Taker moved to square 0 : Go
currunt round is : 423
Oppotunistic Trader rolled 9
Oppotunistic Trader moved to square 5 : Go
Conservative Banker rolled 10
Conservative Banker moved to square 19 : Go
Aggressive Invester rolled 9
Aggressive Invester moved to square 8 : Go
Risk Taker rolled 8
Risk Taker moved to square 8 : Go
currunt round is : 423
Oppotunistic Trader rolled 5
Oppotunistic Trader moved to square 10 : Go
Conservative Banker rolled 11
Conservative Banker moved to square 30 : Go
Aggressive Invester rolled 10
Aggressive Invester moved to square 18 : Go
Risk Taker rolled 9
Risk Taker moved to square 17 : Go
currunt round is : 424
Oppotunistic Trader rolled 7
Oppotunistic Trader moved to square 17 : Go
Conservative Banker rolled 9
Conservative Banker moved to square 0 : Go
Aggressive Invester rolled 10
Aggressive Invester moved to square 28 : Go
Risk Taker rolled 12
Risk Taker moved to square 29 : Go
currunt round is : 424
Oppotunistic Trader rolled 7
Oppotunistic Trader moved to square 24 : Go
Conservative Banker rolled 8
Conservative Banker moved to square 8 : Go
Aggressive Invester rolled 9
Aggressive Invester moved to square 37 : Go
Risk Taker rolled 5
Risk Taker moved to square 34 : Go
currunt round is : 424
Oppotunistic Trader rolled 6
Oppotunistic Trader moved to square 30 : Go
Conservative Banker rolled 11
Conservative Banker moved to square 19 : Go
Aggressive Invester rolled 8
Aggressive Invester moved to square 6 : Go
Risk Taker rolled 11
Risk Taker moved to square 6 : Go
currunt round is : 424
Oppotunistic Trader rolled 4
Oppotunistic Trader moved to square 34 : Go
Conservative Banker rolled 12
Conservative Banker moved to square 31 : Go
Aggressive Invester rolled 10
Aggressive Invester moved to square 16 : Go
Risk Taker rolled 9
Risk Taker moved to square 15 : Go
currunt round is : 424
Oppotunistic Trader rolled 12
Oppotunistic Trader moved to square 7 : Go
Conservative Banker rolled 9
Conservative Banker moved to square 1 : Pettah
Aggressive Invester rolled 12
Aggressive Invester moved to square 28 : Go
Risk Taker rolled 6
Risk Taker moved to square 21 : Go
currunt round is : 424
Oppotunistic Trader rolled 2
Oppotunistic Trader moved to square 9 : Go
Conservative Banker rolled 3
Conservative Banker moved to square 4 : Go
Aggressive Invester rolled 6
Aggressive Invester moved to square 34 : Go
Risk Taker rolled 7
Risk Taker moved to square 28 : Go
currunt round is : 425
Oppotunistic Trader rolled 11
Oppotunistic Trader moved to square 20 : Go
Conservative Banker rolled 2
Conservative Banker moved to square 6 : Go
Aggressive Invester rolled 2
Aggressive Invester moved to square 36 : Go
Risk Taker rolled 2
Risk Taker moved to square 30 : Go
currunt round is : 425
Oppotunistic Trader rolled 12
Oppotunistic Trader moved to square 32 : Go
Conservative Banker rolled 9
Conservative Banker moved to square 15 : Go
Aggressive Invester rolled 9
Aggressive Invester moved to square 6 : Go
Risk Taker rolled 6
Risk Taker moved to square 36 : Go
currunt round is : 425
Oppotunistic Trader rolled 3
Oppotunistic Trader moved to square 35 : Go
Conservative Banker rolled 4
Conservative Banker moved to square 19 : Go
Aggressive Invester rolled 3
Aggressive Invester moved to square 9 : Go
Risk Taker rolled 8
Risk Taker moved to square 5 : Go
currunt round is : 425
Oppotunistic Trader rolled 10
Oppotunistic Trader moved to square 6 : Go
Conservative Banker rolled 11
Conservative Banker moved to square 30 : Go
Aggressive Invester rolled 10
Aggressive Invester moved to square 19 : Go
Risk Taker rolled 12
Risk Taker moved to square 17 : Go
currunt round is : 425
Oppotunistic Trader rolled 7
Oppotunistic Trader moved to square 13 : Go
Conservative Banker rolled 3
Conservative Banker moved to square 33 : Go
Aggressive Invester rolled 10
Aggressive Invester moved to square 29 : Go
Risk Taker rolled 7
Risk Taker moved to square 24 : Go
currunt round is : 426
Oppotunistic Trader rolled 2
Oppotunistic Trader moved to square 15 : Go
Conservative Banker rolled 6
Conservative Banker moved to square 0 : Go
Aggressive Invester rolled 3
Aggressive Invester moved to square 32 : Go
Risk Taker rolled 10
Risk Taker moved to square 34 : Go
currunt round is : 426
Oppotunistic Trader rolled 11
Oppotunistic Trader moved to square 26 : Go
Conservative Banker rolled 12
Conservative Banker moved to square 12 : Go
Aggressive Invester rolled 4
Aggressive Invester moved to square 36 : Go
Risk Taker rolled 11
Risk Taker moved to square 6 : Go
currunt round is : 426
Oppotunistic Trader rolled 2
Oppotunistic Trader moved to square 28 : Go
Conservative Banker rolled 8
Conservative Banker moved to square 20 : Go
Aggressive Invester rolled 4
Aggressive Invester moved to square 1 : Pettah
Risk Taker rolled 9
Risk Taker moved to square 15 : Go
currunt round is : 426
Oppotunistic Trader rolled 9
Oppotunistic Trader moved to square 37 : Go
Conservative Banker rolled 2
Conservative Banker moved to square 22 : Go
Aggressive Invester rolled 9
Aggressive Invester moved to square 10 : Go
Risk Taker rolled 6
Risk Taker moved to square 21 : Go
currunt round is : 426
Oppotunistic Trader rolled 9
Oppotunistic Trader moved to square 7 : Go
Conservative Banker rolled 3
Conservative Banker moved to square 25 : Go
Aggressive Invester rolled 8
Aggressive Invester moved to square 18 : Go
Risk Taker rolled 9
Risk Taker moved to square 30 : Go
currunt round is : 426
Oppotunistic Trader rolled 6
Oppotunistic Trader moved to square 13 : Go
Conservative Banker rolled 9
Conservative Banker moved to square 34 : Go
Aggressive Invester rolled 4
Aggressive Invester moved to square 22 : Go
Risk Taker rolled 12
Risk Taker moved to square 3 : Colombo Fort Railway Station
currunt round is : 427
Oppotunistic Trader rolled 5
Oppotunistic Trader moved to square 18 : Go
Conservative Banker rolled 10
Conservative Banker moved to square 5 : Go
Aggressive Invester rolled 12
Aggressive Invester moved to square 34 : Go
Risk Taker rolled 9
Risk Taker moved to square 12 : Go
currunt round is : 427
Oppotunistic Trader rolled 11
Oppotunistic Trader moved to square 29 : Go
Conservative Banker rolled 7
Conservative Banker moved to square 12 : Go
Aggressive Invester rolled 3
Aggressive Invester moved to square 37 : Go
Risk Taker rolled 11
Risk Taker moved to square 23 : Go
currunt round is : 427
Oppotunistic Trader rolled 11
Oppotunistic Trader moved to square 1 : Pettah
Conservative Banker rolled 3
Conservative Banker moved to square 15 : Go
Aggressive Invester rolled 9
Aggressive Invester moved to square 7 : Go
Risk Taker rolled 10
Risk Taker moved to square 33 : Go
currunt round is : 427
Oppotunistic Trader rolled 2
Oppotunistic Trader moved to square 3 : Colombo Fort Railway Station
Conservative Banker rolled 9
Conservative Banker moved to square 24 : Go
Aggressive Invester rolled 6
Aggressive Invester moved to square 13 : Go
Risk Taker rolled 11
Risk Taker moved to square 5 : Go
currunt round is : 428
Oppotunistic Trader rolled 4
Oppotunistic Trader moved to square 7 : Go
Conservative Banker rolled 6
Conservative Banker moved to square 30 : Go
Aggressive Invester rolled 7
Aggressive Invester moved to square 20 : Go
Risk Taker rolled 9
Risk Taker moved to square 14 : Go
currunt round is : 428
Oppotunistic Trader rolled 7
Oppotunistic Trader moved to square 14 : Go
Conservative Banker rolled 2
Conservative Banker moved to square 32 : Go
Aggressive Invester rolled 2
Aggressive Invester moved to square 22 : Go
Risk Taker rolled 12
Risk Taker moved to square 26 : Go
currunt round is : 428
Oppotunistic Trader rolled 3
Oppotunistic Trader moved to square 17 : Go
Conservative Banker rolled 8
Conservative Banker moved to square 1 : Pettah
Aggressive Invester rolled 8
Aggressive Invester moved to square 30 : Go
Risk Taker rolled 5
Risk Taker moved to square 31 : Go
currunt round is : 428
Oppotunistic Trader rolled 3
Oppotunistic Trader moved to square 20 : Go
Conservative Banker rolled 9
Conservative Banker moved to square 10 : Go
Aggressive Invester rolled 5
Aggressive Invester moved to square 35 : Go
Risk Taker rolled 6
Risk Taker moved to square 37 : Go
currunt round is : 428
Oppotunistic Trader rolled 6
Oppotunistic Trader moved to square 26 : Go
Conservative Banker rolled 4
Conservative Banker moved to square 14 : Go
Aggressive Invester rolled 2
Aggressive Invester moved to square 37 : Go
Risk Taker rolled 5
Risk Taker moved to square 3 : Colombo Fort Railway Station
currunt round is : 428
Oppotunistic Trader rolled 9
Oppotunistic Trader moved to square 35 : Go
Conservative Banker rolled 2
Conservative Banker moved to square 16 : Go
Aggressive Invester rolled 12
Aggressive Invester moved to square 10 : Go
Risk Taker rolled 6
Risk Taker moved to square 9 : Go
currunt round is : 428
Oppotunistic Trader rolled 3
Oppotunistic Trader moved to square 38 : Go
Conservative Banker rolled 6
Conservative Banker moved to square 22 : Go
Aggressive Invester rolled 12
Aggressive Invester moved to square 22 : Go
Risk Taker rolled 12
Risk Taker moved to square 21 : Go
currunt round is : 428
Oppotunistic Trader rolled 2
Oppotunistic Trader moved to square 1 : Pettah
Conservative Banker rolled 5
Conservative Banker moved to square 27 : Go
Aggressive Invester rolled 10
Aggressive Invester moved to square 32 : Go
Risk Taker rolled 3
Risk Taker moved to square 24 : Go
currunt round is : 428
Oppotunistic Trader rolled 8
Oppotunistic Trader moved to square 9 : Go
Conservative Banker rolled 2
Conservative Banker moved to square 29 : Go
Aggressive Invester rolled 10
Aggressive Invester moved to square 3 : Colombo Fort Railway Station
Risk Taker rolled 2
Risk Taker moved to square 26 : Go
currunt round is : 429
Oppotunistic Trader rolled 2
Oppotunistic Trader moved to square 11 : Go
Conservative Banker rolled 11
Conservative Banker moved to square 1 : Pettah
Aggressive Invester rolled 10
Aggressive Invester moved to square 13 : Go
Risk Taker rolled 2
Risk Taker moved to square 28 : Go
currunt round is : 429
Oppotunistic Trader rolled 4
Oppotunistic Trader moved to square 15 : Go
Conservative Banker rolled 6
Conservative Banker moved to square 7 : Go
Aggressive Invester rolled 5
Aggressive Invester moved to square 18 : Go
Risk Taker rolled 5
Risk Taker moved to square 33 : Go
currunt round is : 429
Oppotunistic Trader rolled 11
Oppotunistic Trader moved to square 26 : Go
Conservative Banker rolled 6
Conservative Banker moved to square 13 : Go
Aggressive Invester rolled 8
Aggressive Invester moved to square 26 : Go
Risk Taker rolled 4
Risk Taker moved to square 37 : Go
currunt round is : 429
Oppotunistic Trader rolled 8
Oppotunistic Trader moved to square 34 : Go
Conservative Banker rolled 6
Conservative Banker moved to square 19 : Go
Aggressive Invester rolled 5
Aggressive Invester moved to square 31 : Go
Risk Taker rolled 3
Risk Taker moved to square 1 : Pettah
currunt round is : 429
Oppotunistic Trader rolled 6
Oppotunistic Trader moved to square 1 : Pettah
Conservative Banker rolled 3
Conservative Banker moved to square 22 : Go
Aggressive Invester rolled 5
Aggressive Invester moved to square 36 : Go
Risk Taker rolled 7
Risk Taker moved to square 8 : Go
currunt round is : 429
Oppotunistic Trader rolled 7
Oppotunistic Trader moved to square 8 : Go
Conservative Banker rolled 4
Conservative Banker moved to square 26 : Go
Aggressive Invester rolled 6
Aggressive Invester moved to square 3 : Colombo Fort Railway Station
Risk Taker rolled 8
Risk Taker moved to square 16 : Go
currunt round is : 430
Oppotunistic Trader rolled 5
Oppotunistic Trader moved to square 13 : Go
Conservative Banker rolled 12
Conservative Banker moved to square 38 : Go
Aggressive Invester rolled 7
Aggressive Invester moved to square 10 : Go
Risk Taker rolled 11
Risk Taker moved to square 27 : Go
currunt round is : 430
Oppotunistic Trader rolled 2
Oppotunistic Trader moved to square 15 : Go
Conservative Banker rolled 4
Conservative Banker moved to square 3 : Colombo Fort Railway Station
Aggressive Invester rolled 11
Aggressive Invester moved to square 21 : Go
Risk Taker rolled 11
Risk Taker moved to square 38 : Go
currunt round is : 430
Oppotunistic Trader rolled 11
Oppotunistic Trader moved to square 26 : Go
Conservative Banker rolled 7
Conservative Banker moved to square 10 : Go
Aggressive Invester rolled 11
Aggressive Invester moved to square 32 : Go
Risk Taker rolled 3
Risk Taker moved to square 2 : Go
currunt round is : 430
Oppotunistic Trader rolled 11
Oppotunistic Trader moved to square 37 : Go
Conservative Banker rolled 4
Conservative Banker moved to square 14 : Go
Aggressive Invester rolled 6
Aggressive Invester moved to square 38 : Go
Risk Taker rolled 7
Risk Taker moved to square 9 : Go
currunt round is : 430
Oppotunistic Trader rolled 8
Oppotunistic Trader moved to square 6 : Go
Conservative Banker rolled 12
Conservative Banker moved to square 26 : Go
Aggressive Invester rolled 7
Aggressive Invester moved to square 6 : Go
Risk Taker rolled 2
Risk Taker moved to square 11 : Go
currunt round is : 430
Oppotunistic Trader rolled 6
Oppotunistic Trader moved to square 12 : Go
Conservative Banker rolled 11
Conservative Banker moved to square 37 : Go
Aggressive Invester rolled 12
Aggressive Invester moved to square 18 : Go
Risk Taker rolled 8
Risk Taker moved to square 19 : Go
currunt round is : 431
Oppotunistic Trader rolled 12
Oppotunistic Trader moved to square 24 : Go
Conservative Banker rolled 4
Conservative Banker moved to square 2 : Go
Aggressive Invester rolled 3
Aggressive Invester moved to square 21 : Go
Risk Taker rolled 4
Risk Taker moved to square 23 : Go
currunt round is : 431
Oppotunistic Trader rolled 6
Oppotunistic Trader moved to square 30 : Go
Conservative Banker rolled 5
Conservative Banker moved to square 7 : Go
Aggressive Invester rolled 8
Aggressive Invester moved to square 29 : Go
Risk Taker rolled 9
Risk Taker moved to square 32 : Go
currunt round is : 431
Oppotunistic Trader rolled 5
Oppotunistic Trader moved to square 35 : Go
Conservative Banker rolled 2
Conservative Banker moved to square 9 : Go
Aggressive Invester rolled 6
Aggressive Invester moved to square 35 : Go
Risk Taker rolled 3
Risk Taker moved to square 35 : Go
currunt round is : 431
Oppotunistic Trader rolled 5
Oppotunistic Trader moved to square 1 : Pettah
Conservative Banker rolled 2
Conservative Banker moved to square 11 : Go
Aggressive Invester rolled 12
Aggressive Invester moved to square 8 : Go
Risk Taker rolled 3
Risk Taker moved to square 38 : Go
currunt round is : 431
Oppotunistic Trader rolled 7
Oppotunistic Trader moved to square 8 : Go
Conservative Banker rolled 11
Conservative Banker moved to square 22 : Go
Aggressive Invester rolled 2
Aggressive Invester moved to square 10 : Go
Risk Taker rolled 3
Risk Taker moved to square 2 : Go
currunt round is : 432
Oppotunistic Trader rolled 11
Oppotunistic Trader moved to square 19 : Go
Conservative Banker rolled 5
Conservative Banker moved to square 27 : Go
Aggressive Invester rolled 8
Aggressive Invester moved to square 18 : Go
Risk Taker rolled 6
Risk Taker moved to square 8 : Go
currunt round is : 432
Oppotunistic Trader rolled 4
Oppotunistic Trader moved to square 23 : Go
Conservative Banker rolled 3
Conservative Banker moved to square 30 : Go
Aggressive Invester rolled 4
Aggressive Invester moved to square 22 : Go
Risk Taker rolled 6
Risk Taker moved to square 14 : Go
currunt round is : 432
Oppotunistic Trader rolled 10
Oppotunistic Trader moved to square 33 : Go
Conservative Banker rolled 3
Conservative Banker moved to square 33 : Go
Aggressive Invester rolled 11
Aggressive Invester moved to square 33 : Go
Risk Taker rolled 9
Risk Taker moved to square 23 : Go
currunt round is : 432
Oppotunistic Trader rolled 3
Oppotunistic Trader moved to square 36 : Go
Conservative Banker rolled 10
Conservative Banker moved to square 4 : Go
Aggressive Invester rolled 11
Aggressive Invester moved to square 5 : Go
Risk Taker rolled 7
Risk Taker moved to square 30 : Go
currunt round is : 432
Oppotunistic Trader rolled 2
Oppotunistic Trader moved to square 38 : Go
Conservative Banker rolled 7
Conservative Banker moved to square 11 : Go
Aggressive Invester rolled 2
Aggressive Invester moved to square 7 : Go
Risk Taker rolled 3
Risk Taker moved to square 33 : Go
currunt round is : 432
Oppotunistic Trader rolled 7
Oppotunistic Trader moved to square 6 : Go
Conservative Banker rolled 4
Conservative Banker moved to square 15 : Go
Aggressive Invester rolled 2
Aggressive Invester moved to square 9 : Go
Risk Taker rolled 8
Risk Taker moved to square 2 : Go
currunt round is : 432
Oppotunistic Trader rolled 4
Oppotunistic Trader moved to square 10 : Go
Conservative Banker rolled 2
Conservative Banker moved to square 17 : Go
Aggressive Invester rolled 8
Aggressive Invester moved to square 17 : Go
Risk Taker rolled 10
Risk Taker moved to square 12 : Go
currunt round is : 433
Oppotunistic Trader rolled 9
Oppotunistic Trader moved to square 19 : Go
Conservative Banker rolled 8
Conservative Banker moved to square 25 : Go
Aggressive Invester rolled 11
Aggressive Invester moved to square 28 : Go
Risk Taker rolled 7
Risk Taker moved to square 19 : Go
currunt round is : 433
Oppotunistic Trader rolled 11
Oppotunistic Trader moved to square 30 : Go
Conservative Banker rolled 7
Conservative Banker moved to square 32 : Go
Aggressive Invester rolled 9
Aggressive Invester moved to square 37 : Go
Risk Taker rolled 12
Risk Taker moved to square 31 : Go
currunt round is : 433
Oppotunistic Trader rolled 6
Oppotunistic Trader moved to square 36 : Go
Conservative Banker rolled 12
Conservative Banker moved to square 5 : Go
Aggressive Invester rolled 3
Aggressive Invester moved to square 1 : Pettah
Risk Taker rolled 3
Risk Taker moved to square 34 : Go
currunt round is : 433
Oppotunistic Trader rolled 11
Oppotunistic Trader moved to square 8 : Go
Conservative Banker rolled 12
Conservative Banker moved to square 17 : Go
Aggressive Invester rolled 8
Aggressive Invester moved to square 9 : Go
Risk Taker rolled 2
Risk Taker moved to square 36 : Go
currunt round is : 433
Oppotunistic Trader rolled 9
Oppotunistic Trader moved to square 17 : Go
Conservative Banker rolled 4
Conservative Banker moved to square 21 : Go
Aggressive Invester rolled 5
Aggressive Invester moved to square 14 : Go
Risk Taker rolled 8
Risk Taker moved to square 5 : Go
currunt round is : 434
Oppotunistic Trader rolled 9
Oppotunistic Trader moved to square 26 : Go
Conservative Banker rolled 3
Conservative Banker moved to square 24 : Go
Aggressive Invester rolled 7
Aggressive Invester moved to square 21 : Go
Risk Taker rolled 2
Risk Taker moved to square 7 : Go
currunt round is : 434
Oppotunistic Trader rolled 5
Oppotunistic Trader moved to square 31 : Go
Conservative Banker rolled 8
Conservative Banker moved to square 32 : Go
Aggressive Invester rolled 6
Aggressive Invester moved to square 27 : Go
Risk Taker rolled 8
Risk Taker moved to square 15 : Go
currunt round is : 434
Oppotunistic Trader rolled 8
Oppotunistic Trader moved to square 0 : Go
Conservative Banker rolled 10
Conservative Banker moved to square 3 : Colombo Fort Railway Station
Aggressive Invester rolled 5
Aggressive Invester moved to square 32 : Go
Risk Taker rolled 4
Risk Taker moved to square 19 : Go
currunt round is : 434
Oppotunistic Trader rolled 6
Oppotunistic Trader moved to square 6 : Go
Conservative Banker rolled 12
Conservative Banker moved to square 15 : Go
Aggressive Invester rolled 7
Aggressive Invester moved to square 0 : Go
Risk Taker rolled 2
Risk Taker moved to square 21 : Go
currunt round is : 434
Oppotunistic Trader rolled 4
Oppotunistic Trader moved to square 10 : Go
Conservative Banker rolled 3
Conservative Banker moved to square 18 : Go
Aggressive Invester rolled 10
Aggressive Invester moved to square 10 : Go
Risk Taker rolled 8
Risk Taker moved to square 29 : Go
currunt round is : 435
Oppotunistic Trader rolled 11
Oppotunistic Trader moved to square 21 : Go
Conservative Banker rolled 10
Conservative Banker moved to square 28 : Go
Aggressive Invester rolled 7
Aggressive Invester moved to square 17 : Go
Risk Taker rolled 10
Risk Taker moved to square 0 : Go
currunt round is : 435
Oppotunistic Trader rolled 7
Oppotunistic Trader moved to square 28 : Go
Conservative Banker rolled 2
Conservative Banker moved to square 30 : Go
Aggressive Invester rolled 10
Aggressive Invester moved to square 27 : Go
Risk Taker rolled 2
Risk Taker moved to square 2 : Go
currunt round is : 435
Oppotunistic Trader rolled 5
Oppotunistic Trader moved to square 33 : Go
Conservative Banker rolled 11
Conservative Banker moved to square 2 : Go
Aggressive Invester rolled 8
Aggressive Invester moved to square 35 : Go
Risk Taker rolled 10
Risk Taker moved to square 12 : Go
currunt round is : 435
Oppotunistic Trader rolled 2
Oppotunistic Trader moved to square 35 : Go
Conservative Banker rolled 2
Conservative Banker moved to square 4 : Go
Aggressive Invester rolled 8
Aggressive Invester moved to square 4 : Go
Risk Taker rolled 5
Risk Taker moved to square 17 : Go
currunt round is : 435
Oppotunistic Trader rolled 6
Oppotunistic Trader moved to square 2 : Go
Conservative Banker rolled 2
Conservative Banker moved to square 6 : Go
Aggressive Invester rolled 11
Aggressive Invester moved to square 15 : Go
Risk Taker rolled 10
Risk Taker moved to square 27 : Go
currunt round is : 435
Oppotunistic Trader rolled 8
Oppotunistic Trader moved to square 10 : Go
Conservative Banker rolled 12
Conservative Banker moved to square 18 : Go
Aggressive Invester rolled 12
Aggressive Invester moved to square 27 : Go
Risk Taker rolled 12
Risk Taker moved to square 0 : Go
currunt round is : 436
Oppotunistic Trader rolled 12
Oppotunistic Trader moved to square 22 : Go
Conservative Banker rolled 4
Conservative Banker moved to square 22 : Go
Aggressive Invester rolled 11
Aggressive Invester moved to square 38 : Go
Risk Taker rolled 12
Risk Taker moved to square 12 : Go
currunt round is : 436
Oppotunistic Trader rolled 6
Oppotunistic Trader moved to square 28 : Go
Conservative Banker rolled 6
Conservative Banker moved to square 28 : Go
Aggressive Invester rolled 6
Aggressive Invester moved to square 5 : Go
Risk Taker rolled 4
Risk Taker moved to square 16 : Go
currunt round is : 436
Oppotunistic Trader rolled 12
Oppotunistic Trader moved to square 1 : Pettah
Conservative Banker rolled 11
Conservative Banker moved to square 0 : Go
Aggressive Invester rolled 12
Aggressive Invester moved to square 17 : Go
Risk Taker rolled 7
Risk Taker moved to square 23 : Go
currunt round is : 436
Oppotunistic Trader rolled 10
Oppotunistic Trader moved to square 11 : Go
Conservative Banker rolled 7
Conservative Banker moved to square 7 : Go
Aggressive Invester rolled 7
Aggressive Invester moved to square 24 : Go
Risk Taker rolled 2
Risk Taker moved to square 25 : Go
currunt round is : 437
Oppotunistic Trader rolled 4
Oppotunistic Trader moved to square 15 : Go
Conservative Banker rolled 11
Conservative Banker moved to square 18 : Go
Aggressive Invester rolled 8
Aggressive Invester moved to square 32 : Go
Risk Taker rolled 4
Risk Taker moved to square 29 : Go
currunt round is : 437
Oppotunistic Trader rolled 9
Oppotunistic Trader moved to square 24 : Go
Conservative Banker rolled 4
Conservative Banker moved to square 22 : Go
Aggressive Invester rolled 7
Aggressive Invester moved to square 0 : Go
Risk Taker rolled 3
Risk Taker moved to square 32 : Go
currunt round is : 437
Oppotunistic Trader rolled 2
Oppotunistic Trader moved to square 26 : Go
Conservative Banker rolled 4
Conservative Banker moved to square 26 : Go
Aggressive Invester rolled 11
Aggressive Invester moved to square 11 : Go
Risk Taker rolled 8
Risk Taker moved to square 1 : Pettah
currunt round is : 437
Oppotunistic Trader rolled 12
Oppotunistic Trader moved to square 38 : Go
Conservative Banker rolled 9
Conservative Banker moved to square 35 : Go
Aggressive Invester rolled 6
Aggressive Invester moved to square 17 : Go
Risk Taker rolled 9
Risk Taker moved to square 10 : Go
currunt round is : 437
Oppotunistic Trader rolled 11
Oppotunistic Trader moved to square 10 : Go
Conservative Banker rolled 2
Conservative Banker moved to square 37 : Go
Aggressive Invester rolled 9
Aggressive Invester moved to square 26 : Go
Risk Taker rolled 2
Risk Taker moved to square 12 : Go
currunt round is : 437
Oppotunistic Trader rolled 4
Oppotunistic Trader moved to square 14 : Go
Conservative Banker rolled 2
Conservative Banker moved to square 0 : Go
Aggressive Invester rolled 5
Aggressive Invester moved to square 31 : Go
Risk Taker rolled 4
Risk Taker moved to square 16 : Go
currunt round is : 438
Oppotunistic Trader rolled 9
Oppotunistic Trader moved to square 23 : Go
Conservative Banker rolled 2
Conservative Banker moved to square 2 : Go
Aggressive Invester rolled 7
Aggressive Invester moved to square 38 : Go
Risk Taker rolled 6
Risk Taker moved to square 22 : Go
currunt round is : 438
Oppotunistic Trader rolled 6
Oppotunistic Trader moved to square 29 : Go
Conservative Banker rolled 12
Conservative Banker moved to square 14 : Go
Aggressive Invester rolled 6
Aggressive Invester moved to square 5 : Go
Risk Taker rolled 8
Risk Taker moved to square 30 : Go
currunt round is : 438
Oppotunistic Trader rolled 8
Oppotunistic Trader moved to square 37 : Go
Conservative Banker rolled 11
Conservative Banker moved to square 25 : Go
Aggressive Invester rolled 8
Aggressive Invester moved to square 13 : Go
Risk Taker rolled 4
Risk Taker moved to square 34 : Go
currunt round is : 438
Oppotunistic Trader rolled 2
Oppotunistic Trader moved to square 0 : Go
Conservative Banker rolled 11
Conservative Banker moved to square 36 : Go
Aggressive Invester rolled 3
Aggressive Invester moved to square 16 : Go
Risk Taker rolled 11
Risk Taker moved to square 6 : Go
currunt round is : 438
Oppotunistic Trader rolled 2
Oppotunistic Trader moved to square 2 : Go
Conservative Banker rolled 11
Conservative Banker moved to square 8 : Go
Aggressive Invester rolled 4
Aggressive Invester moved to square 20 : Go
Risk Taker rolled 11
Risk Taker moved to square 17 : Go
currunt round is : 438
Oppotunistic Trader rolled 7
Oppotunistic Trader moved to square 9 : Go
Conservative Banker rolled 8
Conservative Banker moved to square 16 : Go
Aggressive Invester rolled 7
Aggressive Invester moved to square 27 : Go
Risk Taker rolled 3
Risk Taker moved to square 20 : Go
currunt round is : 439
Oppotunistic Trader rolled 6
Oppotunistic Trader moved to square 15 : Go
Conservative Banker rolled 3
Conservative Banker moved to square 19 : Go
Aggressive Invester rolled 2
Aggressive Invester moved to square 29 : Go
Risk Taker rolled 9
Risk Taker moved to square 29 : Go
currunt round is : 439
Oppotunistic Trader rolled 12
Oppotunistic Trader moved to square 27 : Go
Conservative Banker rolled 5
Conservative Banker moved to square 24 : Go
Aggressive Invester rolled 9
Aggressive Invester moved to square 38 : Go
Risk Taker rolled 9
Risk Taker moved to square 38 : Go
currunt round is : 439
Oppotunistic Trader rolled 3
Oppotunistic Trader moved to square 30 : Go
Conservative Banker rolled 3
Conservative Banker moved to square 27 : Go
Aggressive Invester rolled 2
Aggressive Invester moved to square 1 : Pettah
Risk Taker rolled 5
Risk Taker moved to square 4 : Go
currunt round is : 439
Oppotunistic Trader rolled 11
Oppotunistic Trader moved to square 2 : Go
Conservative Banker rolled 5
Conservative Banker moved to square 32 : Go
Aggressive Invester rolled 9
Aggressive Invester moved to square 10 : Go
Risk Taker rolled 6
Risk Taker moved to square 10 : Go
currunt round is : 439
Oppotunistic Trader rolled 3
Oppotunistic Trader moved to square 5 : Go
Conservative Banker rolled 4
Conservative Banker moved to square 36 : Go
Aggressive Invester rolled 6
Aggressive Invester moved to square 16 : Go
Risk Taker rolled 12
Risk Taker moved to square 22 : Go
currunt round is : 440
Oppotunistic Trader rolled 3
Oppotunistic Trader moved to square 8 : Go
Conservative Banker rolled 8
Conservative Banker moved to square 5 : Go
Aggressive Invester rolled 10
Aggressive Invester moved to square 26 : Go
Risk Taker rolled 12
Risk Taker moved to square 34 : Go
currunt round is : 440
Oppotunistic Trader rolled 6
Oppotunistic Trader moved to square 14 : Go
Conservative Banker rolled 12
Conservative Banker moved to square 17 : Go
Aggressive Invester rolled 8
Aggressive Invester moved to square 34 : Go
Risk Taker rolled 9
Risk Taker moved to square 4 : Go
currunt round is : 440
Oppotunistic Trader rolled 6
Oppotunistic Trader moved to square 20 : Go
Conservative Banker rolled 3
Conservative Banker moved to square 20 : Go
Aggressive Invester rolled 8
Aggressive Invester moved to square 3 : Colombo Fort Railway Station
Risk Taker rolled 8
Risk Taker moved to square 12 : Go
currunt round is : 440
Oppotunistic Trader rolled 4
Oppotunistic Trader moved to square 24 : Go
Conservative Banker rolled 8
Conservative Banker moved to square 28 : Go
Aggressive Invester rolled 2
Aggressive Invester moved to square 5 : Go
Risk Taker rolled 2
Risk Taker moved to square 14 : Go
currunt round is : 440
Oppotunistic Trader rolled 9
Oppotunistic Trader moved to square 33 : Go
Conservative Banker rolled 9
Conservative Banker moved to square 37 : Go
Aggressive Invester rolled 9
Aggressive Invester moved to square 14 : Go
Risk Taker rolled 11
Risk Taker moved to square 25 : Go
currunt round is : 440
Oppotunistic Trader rolled 8
Oppotunistic Trader moved to square 2 : Go
Conservative Banker rolled 7
Conservative Banker moved to square 5 : Go
Aggressive Invester rolled 12
Aggressive Invester moved to square 26 : Go
Risk Taker rolled 4
Risk Taker moved to square 29 : Go
currunt round is : 440
Oppotunistic Trader rolled 10
Oppotunistic Trader moved to square 12 : Go
Conservative Banker rolled 9
Conservative Banker moved to square 14 : Go
Aggressive Invester rolled 6
Aggressive Invester moved to square 32 : Go
Risk Taker rolled 9
Risk Taker moved to square 38 : Go
currunt round is : 441
Oppotunistic Trader rolled 9
Oppotunistic Trader moved to square 21 : Go
Conservative Banker rolled 11
Conservative Banker moved to square 25 : Go
Aggressive Invester rolled 8
Aggressive Invester moved to square 1 : Pettah
Risk Taker rolled 8
Risk Taker moved to square 7 : Go
currunt round is : 441
Oppotunistic Trader rolled 4
Oppotunistic Trader moved to square 25 : Go
Conservative Banker rolled 5
Conservative Banker moved to square 30 : Go
Aggressive Invester rolled 8
Aggressive Invester moved to square 9 : Go
Risk Taker rolled 6
Risk Taker moved to square 13 : Go
currunt round is : 441
Oppotunistic Trader rolled 3
Oppotunistic Trader moved to square 28 : Go
Conservative Banker rolled 12
Conservative Banker moved to square 3 : Colombo Fort Railway Station
Aggressive Invester rolled 2
Aggressive Invester moved to square 11 : Go
Risk Taker rolled 5
Risk Taker moved to square 18 : Go
currunt round is : 441
Oppotunistic Trader rolled 2
Oppotunistic Trader moved to square 30 : Go
Conservative Banker rolled 8
Conservative Banker moved to square 11 : Go
Aggressive Invester rolled 11
Aggressive Invester moved to square 22 : Go
Risk Taker rolled 3
Risk Taker moved to square 21 : Go
currunt round is : 441
Oppotunistic Trader rolled 2
Oppotunistic Trader moved to square 32 : Go
Conservative Banker rolled 12
Conservative Banker moved to square 23 : Go
Aggressive Invester rolled 3
Aggressive Invester moved to square 25 : Go
Risk Taker rolled 9
Risk Taker moved to square 30 : Go
currunt round is : 441
Oppotunistic Trader rolled 6
Oppotunistic Trader moved to square 38 : Go
Conservative Banker rolled 8
Conservative Banker moved to square 31 : Go
Aggressive Invester rolled 5
Aggressive Invester moved to square 30 : Go
Risk Taker rolled 11
Risk Taker moved to square 2 : Go
currunt round is : 441
Oppotunistic Trader rolled 2
Oppotunistic Trader moved to square 1 : Pettah
Conservative Banker rolled 5
Conservative Banker moved to square 36 : Go
Aggressive Invester rolled 11
Aggressive Invester moved to square 2 : Go
Risk Taker rolled 9
Risk Taker moved to square 11 : Go
currunt round is : 441
Oppotunistic Trader rolled 12
Oppotunistic Trader moved to square 13 : Go
Conservative Banker rolled 5
Conservative Banker moved to square 2 : Go
Aggressive Invester rolled 5
Aggressive Invester moved to square 7 : Go
Risk Taker rolled 8
Risk Taker moved to square 19 : Go
currunt round is : 442
Oppotunistic Trader rolled 12
Oppotunistic Trader moved to square 25 : Go
Conservative Banker rolled 12
Conservative Banker moved to square 14 : Go
Aggressive Invester rolled 4
Aggressive Invester moved to square 11 : Go
Risk Taker rolled 3
Risk Taker moved to square 22 : Go
currunt round is : 442
Oppotunistic Trader rolled 2
Oppotunistic Trader moved to square 27 : Go
Conservative Banker rolled 8
Conservative Banker moved to square 22 : Go
Aggressive Invester rolled 7
Aggressive Invester moved to square 18 : Go
Risk Taker rolled 3
Risk Taker moved to square 25 : Go
currunt round is : 442
Oppotunistic Trader rolled 7
Oppotunistic Trader moved to square 34 : Go
Conservative Banker rolled 5
Conservative Banker moved to square 27 : Go
Aggressive Invester rolled 4
Aggressive Invester moved to square 22 : Go
Risk Taker rolled 6
Risk Taker moved to square 31 : Go
currunt round is : 442
Oppotunistic Trader rolled 9
Oppotunistic Trader moved to square 4 : Go
Conservative Banker rolled 3
Conservative Banker moved to square 30 : Go
Aggressive Invester rolled 7
Aggressive Invester moved to square 29 : Go
Risk Taker rolled 9
Risk Taker moved to square 1 : Pettah
currunt round is : 442
Oppotunistic Trader rolled 11
Oppotunistic Trader moved to square 15 : Go
Conservative Banker rolled 6
Conservative Banker moved to square 36 : Go
Aggressive Invester rolled 6
Aggressive Invester moved to square 35 : Go
Risk Taker rolled 2
Risk Taker moved to square 3 : Colombo Fort Railway Station
currunt round is : 443
Oppotunistic Trader rolled 12
Oppotunistic Trader moved to square 27 : Go
Conservative Banker rolled 9
Conservative Banker moved to square 6 : Go
Aggressive Invester rolled 9
Aggressive Invester moved to square 5 : Go
Risk Taker rolled 10
Risk Taker moved to square 13 : Go
currunt round is : 443
Oppotunistic Trader rolled 12
Oppotunistic Trader moved to square 0 : Go
Conservative Banker rolled 8
Conservative Banker moved to square 14 : Go
Aggressive Invester rolled 6
Aggressive Invester moved to square 11 : Go
Risk Taker rolled 9
Risk Taker moved to square 22 : Go
currunt round is : 443
Oppotunistic Trader rolled 11
Oppotunistic Trader moved to square 11 : Go
Conservative Banker rolled 10
Conservative Banker moved to square 24 : Go
Aggressive Invester rolled 3
Aggressive Invester moved to square 14 : Go
Risk Taker rolled 10
Risk Taker moved to square 32 : Go
currunt round is : 443
Oppotunistic Trader rolled 7
Oppotunistic Trader moved to square 18 : Go
Conservative Banker rolled 3
Conservative Banker moved to square 27 : Go
Aggressive Invester rolled 9
Aggressive Invester moved to square 23 : Go
Risk Taker rolled 7
Risk Taker moved to square 0 : Go
currunt round is : 444
Oppotunistic Trader rolled 7
Oppotunistic Trader moved to square 25 : Go
Conservative Banker rolled 12
Conservative Banker moved to square 0 : Go
Aggressive Invester rolled 7
Aggressive Invester moved to square 30 : Go
Risk Taker rolled 10
Risk Taker moved to square 10 : Go
currunt round is : 444
Oppotunistic Trader rolled 4
Oppotunistic Trader moved to square 29 : Go
Conservative Banker rolled 9
Conservative Banker moved to square 9 : Go
Aggressive Invester rolled 3
Aggressive Invester moved to square 33 : Go
Risk Taker rolled 9
Risk Taker moved to square 19 : Go
currunt round is : 444
Oppotunistic Trader rolled 8
Oppotunistic Trader moved to square 37 : Go
Conservative Banker rolled 8
Conservative Banker moved to square 17 : Go
Aggressive Invester rolled 6
Aggressive Invester moved to square 0 : Go
Risk Taker rolled 6
Risk Taker moved to square 25 : Go
currunt round is : 444
Oppotunistic Trader rolled 12
Oppotunistic Trader moved to square 10 : Go
Conservative Banker rolled 8
Conservative Banker moved to square 25 : Go
Aggressive Invester rolled 5
Aggressive Invester moved to square 5 : Go
Risk Taker rolled 9
Risk Taker moved to square 34 : Go
currunt round is : 444
Oppotunistic Trader rolled 4
Oppotunistic Trader moved to square 14 : Go
Conservative Banker rolled 12
Conservative Banker moved to square 37 : Go
Aggressive Invester rolled 7
Aggressive Invester moved to square 12 : Go
Risk Taker rolled 2
Risk Taker moved to square 36 : Go
currunt round is : 445
Oppotunistic Trader rolled 7
Oppotunistic Trader moved to square 21 : Go
Conservative Banker rolled 11
Conservative Banker moved to square 9 : Go
Aggressive Invester rolled 7
Aggressive Invester moved to square 19 : Go
Risk Taker rolled 3
Risk Taker moved to square 0 : Go
currunt round is : 445
Oppotunistic Trader rolled 6
Oppotunistic Trader moved to square 27 : Go
Conservative Banker rolled 8
Conservative Banker moved to square 17 : Go
Aggressive Invester rolled 9
Aggressive Invester moved to square 28 : Go
Risk Taker rolled 11
Risk Taker moved to square 11 : Go
currunt round is : 445
Oppotunistic Trader rolled 9
Oppotunistic Trader moved to square 36 : Go
Conservative Banker rolled 3
Conservative Banker moved to square 20 : Go
Aggressive Invester rolled 4
Aggressive Invester moved to square 32 : Go
Risk Taker rolled 12
Risk Taker moved to square 23 : Go
currunt round is : 445
Oppotunistic Trader rolled 2
Oppotunistic Trader moved to square 38 : Go
Conservative Banker rolled 9
Conservative Banker moved to square 29 : Go
Aggressive Invester rolled 10
Aggressive Invester moved to square 3 : Colombo Fort Railway Station
Risk Taker rolled 2
Risk Taker moved to square 25 : Go
currunt round is : 445
Oppotunistic Trader rolled 5
Oppotunistic Trader moved to square 4 : Go
Conservative Banker rolled 11
Conservative Banker moved to square 1 : Pettah
Aggressive Invester rolled 10
Aggressive Invester moved to square 13 : Go
Risk Taker rolled 10
Risk Taker moved to square 35 : Go
currunt round is : 445
Oppotunistic Trader rolled 5
Oppotunistic Trader moved to square 9 : Go
Conservative Banker rolled 12
Conservative Banker moved to square 13 : Go
Aggressive Invester rolled 3
Aggressive Invester moved to square 16 : Go
Risk Taker rolled 2
Risk Taker moved to square 37 : Go
currunt round is : 446
Oppotunistic Trader rolled 7
Oppotunistic Trader moved to square 16 : Go
Conservative Banker rolled 4
Conservative Banker moved to square 17 : Go
Aggressive Invester rolled 10
Aggressive Invester moved to square 26 : Go
Risk Taker rolled 7
Risk Taker moved to square 5 : Go
currunt round is : 446
Oppotunistic Trader rolled 4
Oppotunistic Trader moved to square 20 : Go
Conservative Banker rolled 2
Conservative Banker moved to square 19 : Go
Aggressive Invester rolled 7
Aggressive Invester moved to square 33 : Go
Risk Taker rolled 7
Risk Taker moved to square 12 : Go
currunt round is : 446
Oppotunistic Trader rolled 9
Oppotunistic Trader moved to square 29 : Go
Conservative Banker rolled 2
Conservative Banker moved to square 21 : Go
Aggressive Invester rolled 9
Aggressive Invester moved to square 3 : Colombo Fort Railway Station
Risk Taker rolled 3
Risk Taker moved to square 15 : Go
currunt round is : 446
Oppotunistic Trader rolled 6
Oppotunistic Trader moved to square 35 : Go
Conservative Banker rolled 3
Conservative Banker moved to square 24 : Go
Aggressive Invester rolled 10
Aggressive Invester moved to square 13 : Go
Risk Taker rolled 12
Risk Taker moved to square 27 : Go
currunt round is : 446
Oppotunistic Trader rolled 5
Oppotunistic Trader moved to square 1 : Pettah
Conservative Banker rolled 10
Conservative Banker moved to square 34 : Go
Aggressive Invester rolled 11
Aggressive Invester moved to square 24 : Go
Risk Taker rolled 3
Risk Taker moved to square 30 : Go
currunt round is : 446
Oppotunistic Trader rolled 6
Oppotunistic Trader moved to square 7 : Go
Conservative Banker rolled 8
Conservative Banker moved to square 3 : Colombo Fort Railway Station
Aggressive Invester rolled 4
Aggressive Invester moved to square 28 : Go
Risk Taker rolled 8
Risk Taker moved to square 38 : Go
currunt round is : 447
Oppotunistic Trader rolled 5
Oppotunistic Trader moved to square 12 : Go
Conservative Banker rolled 10
Conservative Banker moved to square 13 : Go
Aggressive Invester rolled 5
Aggressive Invester moved to square 33 : Go
Risk Taker rolled 8
Risk Taker moved to square 7 : Go
currunt round is : 447
Oppotunistic Trader rolled 7
Oppotunistic Trader moved to square 19 : Go
Conservative Banker rolled 4
Conservative Banker moved to square 17 : Go
Aggressive Invester rolled 6
Aggressive Invester moved to square 0 : Go
Risk Taker rolled 12
Risk Taker moved to square 19 : Go
currunt round is : 447
Oppotunistic Trader rolled 7
Oppotunistic Trader moved to square 26 : Go
Conservative Banker rolled 12
Conservative Banker moved to square 29 : Go
Aggressive Invester rolled 6
Aggressive Invester moved to square 6 : Go
Risk Taker rolled 7
Risk Taker moved to square 26 : Go
currunt round is : 447
Oppotunistic Trader rolled 12
Oppotunistic Trader moved to square 38 : Go
Conservative Banker rolled 10
Conservative Banker moved to square 0 : Go
Aggressive Invester rolled 12
Aggressive Invester moved to square 18 : Go
Risk Taker rolled 9
Risk Taker moved to square 35 : Go
currunt round is : 447
Oppotunistic Trader rolled 8
Oppotunistic Trader moved to square 7 : Go
Conservative Banker rolled 6
Conservative Banker moved to square 6 : Go
Aggressive Invester rolled 8
Aggressive Invester moved to square 26 : Go
Risk Taker rolled 12
Risk Taker moved to square 8 : Go
currunt round is : 447
Oppotunistic Trader rolled 6
Oppotunistic Trader moved to square 13 : Go
Conservative Banker rolled 3
Conservative Banker moved to square 9 : Go
Aggressive Invester rolled 9
Aggressive Invester moved to square 35 : Go
Risk Taker rolled 9
Risk Taker moved to square 17 : Go
currunt round is : 448
Oppotunistic Trader rolled 12
Oppotunistic Trader moved to square 25 : Go
Conservative Banker rolled 8
Conservative Banker moved to square 17 : Go
Aggressive Invester rolled 10
Aggressive Invester moved to square 6 : Go
Risk Taker rolled 5
Risk Taker moved to square 22 : Go
currunt round is : 448
Oppotunistic Trader rolled 12
Oppotunistic Trader moved to square 37 : Go
Conservative Banker rolled 10
Conservative Banker moved to square 27 : Go
Aggressive Invester rolled 9
Aggressive Invester moved to square 15 : Go
Risk Taker rolled 4
Risk Taker moved to square 26 : Go
currunt round is : 448
Oppotunistic Trader rolled 5
Oppotunistic Trader moved to square 3 : Colombo Fort Railway Station
Conservative Banker rolled 10
Conservative Banker moved to square 37 : Go
Aggressive Invester rolled 8
Aggressive Invester moved to square 23 : Go
Risk Taker rolled 10
Risk Taker moved to square 36 : Go
currunt round is : 448
Oppotunistic Trader rolled 2
Oppotunistic Trader moved to square 5 : Go
Conservative Banker rolled 2
Conservative Banker moved to square 0 : Go
Aggressive Invester rolled 7
Aggressive Invester moved to square 30 : Go
Risk Taker rolled 5
Risk Taker moved to square 2 : Go
currunt round is : 449
Oppotunistic Trader rolled 12
Oppotunistic Trader moved to square 17 : Go
Conservative Banker rolled 10
Conservative Banker moved to square 10 : Go
Aggressive Invester rolled 10
Aggressive Invester moved to square 1 : Pettah
Risk Taker rolled 10
Risk Taker moved to square 12 : Go
currunt round is : 449
Oppotunistic Trader rolled 5
Oppotunistic Trader moved to square 22 : Go
Conservative Banker rolled 7
Conservative Banker moved to square 17 : Go
Aggressive Invester rolled 6
Aggressive Invester moved to square 7 : Go
Risk Taker rolled 11
Risk Taker moved to square 23 : Go
currunt round is : 449
Oppotunistic Trader rolled 12
Oppotunistic Trader moved to square 34 : Go
Conservative Banker rolled 10
Conservative Banker moved to square 27 : Go
Aggressive Invester rolled 8
Aggressive Invester moved to square 15 : Go
Risk Taker rolled 3
Risk Taker moved to square 26 : Go
currunt round is : 449
Oppotunistic Trader rolled 11
Oppotunistic Trader moved to square 6 : Go
Conservative Banker rolled 5
Conservative Banker moved to square 32 : Go
Aggressive Invester rolled 10
Aggressive Invester moved to square 25 : Go
Risk Taker rolled 10
Risk Taker moved to square 36 : Go
currunt round is : 449
Oppotunistic Trader rolled 9
Oppotunistic Trader moved to square 15 : Go
Conservative Banker rolled 5
Conservative Banker moved to square 37 : Go
Aggressive Invester rolled 3
Aggressive Invester moved to square 28 : Go
Risk Taker rolled 8
Risk Taker moved to square 5 : Go
currunt round is : 450
Oppotunistic Trader rolled 12
Oppotunistic Trader moved to square 27 : Go
Conservative Banker rolled 8
Conservative Banker moved to square 6 : Go
Aggressive Invester rolled 11
Aggressive Invester moved to square 0 : Go
Risk Taker rolled 2
Risk Taker moved to square 7 : Go
currunt round is : 450
Oppotunistic Trader rolled 6
Oppotunistic Trader moved to square 33 : Go
Conservative Banker rolled 6
Conservative Banker moved to square 12 : Go
Aggressive Invester rolled 9
Aggressive Invester moved to square 9 : Go
Risk Taker rolled 6
Risk Taker moved to square 13 : Go
currunt round is : 450
Oppotunistic Trader rolled 4
Oppotunistic Trader moved to square 37 : Go
Conservative Banker rolled 3
Conservative Banker moved to square 15 : Go
Aggressive Invester rolled 9
Aggressive Invester moved to square 18 : Go
Risk Taker rolled 2
Risk Taker moved to square 15 : Go
currunt round is : 450
Oppotunistic Trader rolled 9
Oppotunistic Trader moved to square 7 : Go
Conservative Banker rolled 4
Conservative Banker moved to square 19 : Go
Aggressive Invester rolled 10
Aggressive Invester moved to square 28 : Go
Risk Taker rolled 12
Risk Taker moved to square 27 : Go
currunt round is : 450
Oppotunistic Trader rolled 9
Oppotunistic Trader moved to square 16 : Go
Conservative Banker rolled 12
Conservative Banker moved to square 31 : Go
Aggressive Invester rolled 10
Aggressive Invester moved to square 38 : Go
Risk Taker rolled 6
Risk Taker moved to square 33 : Go
currunt round is : 451
Oppotunistic Trader rolled 9
Oppotunistic Trader moved to square 25 : Go
Conservative Banker rolled 4
Conservative Banker moved to square 35 : Go
Aggressive Invester rolled 7
Aggressive Invester moved to square 6 : Go
Risk Taker rolled 7
Risk Taker moved to square 1 : Pettah
currunt round is : 451
Oppotunistic Trader rolled 7
Oppotunistic Trader moved to square 32 : Go
Conservative Banker rolled 2
Conservative Banker moved to square 37 : Go
Aggressive Invester rolled 3
Aggressive Invester moved to square 9 : Go
Risk Taker rolled 12
Risk Taker moved to square 13 : Go
currunt round is : 451
Oppotunistic Trader rolled 6
Oppotunistic Trader moved to square 38 : Go
Conservative Banker rolled 2
Conservative Banker moved to square 0 : Go
Aggressive Invester rolled 7
Aggressive Invester moved to square 16 : Go
Risk Taker rolled 3
Risk Taker moved to square 16 : Go
currunt round is : 451
Oppotunistic Trader rolled 8
Oppotunistic Trader moved to square 7 : Go
Conservative Banker rolled 5
Conservative Banker moved to square 5 : Go
Aggressive Invester rolled 3
Aggressive Invester moved to square 19 : Go
Risk Taker rolled 12
Risk Taker moved to square 28 : Go
currunt round is : 451
Oppotunistic Trader rolled 8
Oppotunistic Trader moved to square 15 : Go
Conservative Banker rolled 10
Conservative Banker moved to square 15 : Go
Aggressive Invester rolled 3
Aggressive Invester moved to square 22 : Go
Risk Taker rolled 8
Risk Taker moved to square 36 : Go
currunt round is : 452
Oppotunistic Trader rolled 10
Oppotunistic Trader moved to square 25 : Go
Conservative Banker rolled 8
Conservative Banker moved to square 23 : Go
Aggressive Invester rolled 8
Aggressive Invester moved to square 30 : Go
Risk Taker rolled 6
Risk Taker moved to square 3 : Colombo Fort Railway Station
currunt round is : 452
Oppotunistic Trader rolled 10
Oppotunistic Trader moved to square 35 : Go
Conservative Banker rolled 3
Conservative Banker moved to square 26 : Go
Aggressive Invester rolled 6
Aggressive Invester moved to square 36 : Go
Risk Taker rolled 5
Risk Taker moved to square 8 : Go
currunt round is : 452
Oppotunistic Trader rolled 2
Oppotunistic Trader moved to square 37 : Go
Conservative Banker rolled 12
Conservative Banker moved to square 38 : Go
Aggressive Invester rolled 9
Aggressive Invester moved to square 6 : Go
Risk Taker rolled 7
Risk Taker moved to square 15 : Go
currunt round is : 452
Oppotunistic Trader rolled 12
Oppotunistic Trader moved to square 10 : Go
Conservative Banker rolled 4
Conservative Banker moved to square 3 : Colombo Fort Railway Station
Aggressive Invester rolled 11
Aggressive Invester moved to square 17 : Go
Risk Taker rolled 4
Risk Taker moved to square 19 : Go
currunt round is : 452
Oppotunistic Trader rolled 4
Oppotunistic Trader moved to square 14 : Go
Conservative Banker rolled 12
Conservative Banker moved to square 15 : Go
Aggressive Invester rolled 3
Aggressive Invester moved to square 20 : Go
Risk Taker rolled 6
Risk Taker moved to square 25 : Go
currunt round is : 453
Oppotunistic Trader rolled 12
Oppotunistic Trader moved to square 26 : Go
Conservative Banker rolled 9
Conservative Banker moved to square 24 : Go
Aggressive Invester rolled 7
Aggressive Invester moved to square 27 : Go
Risk Taker rolled 7
Risk Taker moved to square 32 : Go
currunt round is : 453
Oppotunistic Trader rolled 10
Oppotunistic Trader moved to square 36 : Go
Conservative Banker rolled 7
Conservative Banker moved to square 31 : Go
Aggressive Invester rolled 5
Aggressive Invester moved to square 32 : Go
Risk Taker rolled 3
Risk Taker moved to square 35 : Go
currunt round is : 453
Oppotunistic Trader rolled 2
Oppotunistic Trader moved to square 38 : Go
Conservative Banker rolled 4
Conservative Banker moved to square 35 : Go
Aggressive Invester rolled 10
Aggressive Invester moved to square 3 : Colombo Fort Railway Station
Risk Taker rolled 10
Risk Taker moved to square 6 : Go
currunt round is : 453
Oppotunistic Trader rolled 9
Oppotunistic Trader moved to square 8 : Go
Conservative Banker rolled 5
Conservative Banker moved to square 1 : Pettah
Aggressive Invester rolled 2
Aggressive Invester moved to square 5 : Go
Risk Taker rolled 6
Risk Taker moved to square 12 : Go
currunt round is : 453
Oppotunistic Trader rolled 7
Oppotunistic Trader moved to square 15 : Go
Conservative Banker rolled 4
Conservative Banker moved to square 5 : Go
Aggressive Invester rolled 7
Aggressive Invester moved to square 12 : Go
Risk Taker rolled 5
Risk Taker moved to square 17 : Go
currunt round is : 454
Oppotunistic Trader rolled 12
Oppotunistic Trader moved to square 27 : Go
Conservative Banker rolled 4
Conservative Banker moved to square 9 : Go
Aggressive Invester rolled 11
Aggressive Invester moved to square 23 : Go
Risk Taker rolled 12
Risk Taker moved to square 29 : Go
currunt round is : 454
Oppotunistic Trader rolled 4
Oppotunistic Trader moved to square 31 : Go
Conservative Banker rolled 7
Conservative Banker moved to square 16 : Go
Aggressive Invester rolled 3
Aggressive Invester moved to square 26 : Go
Risk Taker rolled 4
Risk Taker moved to square 33 : Go
currunt round is : 454
Oppotunistic Trader rolled 6
Oppotunistic Trader moved to square 37 : Go
Conservative Banker rolled 5
Conservative Banker moved to square 21 : Go
Aggressive Invester rolled 7
Aggressive Invester moved to square 33 : Go
Risk Taker rolled 3
Risk Taker moved to square 36 : Go
currunt round is : 454
Oppotunistic Trader rolled 10
Oppotunistic Trader moved to square 8 : Go
Conservative Banker rolled 10
Conservative Banker moved to square 31 : Go
Aggressive Invester rolled 6
Aggressive Invester moved to square 0 : Go
Risk Taker rolled 7
Risk Taker moved to square 4 : Go
currunt round is : 454
Oppotunistic Trader rolled 4
Oppotunistic Trader moved to square 12 : Go
Conservative Banker rolled 9
Conservative Banker moved to square 1 : Pettah
Aggressive Invester rolled 9
Aggressive Invester moved to square 9 : Go
Risk Taker rolled 5
Risk Taker moved to square 9 : Go
currunt round is : 455
Oppotunistic Trader rolled 10
Oppotunistic Trader moved to square 22 : Go
Conservative Banker rolled 6
Conservative Banker moved to square 7 : Go
Aggressive Invester rolled 11
Aggressive Invester moved to square 20 : Go
Risk Taker rolled 6
Risk Taker moved to square 15 : Go
currunt round is : 455
Oppotunistic Trader rolled 7
Oppotunistic Trader moved to square 29 : Go
Conservative Banker rolled 9
Conservative Banker moved to square 16 : Go
Aggressive Invester rolled 8
Aggressive Invester moved to square 28 : Go
Risk Taker rolled 10
Risk Taker moved to square 25 : Go
currunt round is : 455
Oppotunistic Trader rolled 11
Oppotunistic Trader moved to square 1 : Pettah
Conservative Banker rolled 3
Conservative Banker moved to square 19 : Go
Aggressive Invester rolled 3
Aggressive Invester moved to square 31 : Go
Risk Taker rolled 9
Risk Taker moved to square 34 : Go
currunt round is : 455
Oppotunistic Trader rolled 3
Oppotunistic Trader moved to square 4 : Go
Conservative Banker rolled 10
Conservative Banker moved to square 29 : Go
Aggressive Invester rolled 8
Aggressive Invester moved to square 0 : Go
Risk Taker rolled 5
Risk Taker moved to square 0 : Go
currunt round is : 456
Oppotunistic Trader rolled 4
Oppotunistic Trader moved to square 8 : Go
Conservative Banker rolled 7
Conservative Banker moved to square 36 : Go
Aggressive Invester rolled 5
Aggressive Invester moved to square 5 : Go
Risk Taker rolled 6
Risk Taker moved to square 6 : Go
currunt round is : 456
Oppotunistic Trader rolled 10
Oppotunistic Trader moved to square 18 : Go
Conservative Banker rolled 10
Conservative Banker moved to square 7 : Go
Aggressive Invester rolled 7
Aggressive Invester moved to square 12 : Go
Risk Taker rolled 7
Risk Taker moved to square 13 : Go
currunt round is : 456
Oppotunistic Trader rolled 8
Oppotunistic Trader moved to square 26 : Go
Conservative Banker rolled 11
Conservative Banker moved to square 18 : Go
Aggressive Invester rolled 11
Aggressive Invester moved to square 23 : Go
Risk Taker rolled 10
Risk Taker moved to square 23 : Go
currunt round is : 456
Oppotunistic Trader rolled 6
Oppotunistic Trader moved to square 32 : Go
Conservative Banker rolled 7
Conservative Banker moved to square 25 : Go
Aggressive Invester rolled 11
Aggressive Invester moved to square 34 : Go
Risk Taker rolled 3
Risk Taker moved to square 26 : Go
currunt round is : 456
Oppotunistic Trader rolled 9
Oppotunistic Trader moved to square 2 : Go
Conservative Banker rolled 8
Conservative Banker moved to square 33 : Go
Aggressive Invester rolled 5
Aggressive Invester moved to square 0 : Go
Risk Taker rolled 3
Risk Taker moved to square 29 : Go
currunt round is : 456
Oppotunistic Trader rolled 4
Oppotunistic Trader moved to square 6 : Go
Conservative Banker rolled 11
Conservative Banker moved to square 5 : Go
Aggressive Invester rolled 10
Aggressive Invester moved to square 10 : Go
Risk Taker rolled 12
Risk Taker moved to square 2 : Go
currunt round is : 457
Oppotunistic Trader rolled 12
Oppotunistic Trader moved to square 18 : Go
Conservative Banker rolled 11
Conservative Banker moved to square 16 : Go
Aggressive Invester rolled 8
Aggressive Invester moved to square 18 : Go
Risk Taker rolled 2
Risk Taker moved to square 4 : Go
currunt round is : 457
Oppotunistic Trader rolled 6
Oppotunistic Trader moved to square 24 : Go
Conservative Banker rolled 12
Conservative Banker moved to square 28 : Go
Aggressive Invester rolled 3
Aggressive Invester moved to square 21 : Go
Risk Taker rolled 6
Risk Taker moved to square 10 : Go
currunt round is : 457
Oppotunistic Trader rolled 6
Oppotunistic Trader moved to square 30 : Go
Conservative Banker rolled 7
Conservative Banker moved to square 35 : Go
Aggressive Invester rolled 8
Aggressive Invester moved to square 29 : Go
Risk Taker rolled 4
Risk Taker moved to square 14 : Go
currunt round is : 457
Oppotunistic Trader rolled 2
Oppotunistic Trader moved to square 32 : Go
Conservative Banker rolled 2
Conservative Banker moved to square 37 : Go
Aggressive Invester rolled 7
Aggressive Invester moved to square 36 : Go
Risk Taker rolled 8
Risk Taker moved to square 22 : Go
currunt round is : 457
Oppotunistic Trader rolled 9
Oppotunistic Trader moved to square 2 : Go
Conservative Banker rolled 5
Conservative Banker moved to square 3 : Colombo Fort Railway Station
Aggressive Invester rolled 4
Aggressive Invester moved to square 1 : Pettah
Risk Taker rolled 2
Risk Taker moved to square 24 : Go
currunt round is : 457
Oppotunistic Trader rolled 8
Oppotunistic Trader moved to square 10 : Go
Conservative Banker rolled 2
Conservative Banker moved to square 5 : Go
Aggressive Invester rolled 12
Aggressive Invester moved to square 13 : Go
Risk Taker rolled 4
Risk Taker moved to square 28 : Go
currunt round is : 458
Oppotunistic Trader rolled 6
Oppotunistic Trader moved to square 16 : Go
Conservative Banker rolled 4
Conservative Banker moved to square 9 : Go
Aggressive Invester rolled 4
Aggressive Invester moved to square 17 : Go
Risk Taker rolled 7
Risk Taker moved to square 35 : Go
currunt round is : 458
Oppotunistic Trader rolled 3
Oppotunistic Trader moved to square 19 : Go
Conservative Banker rolled 12
Conservative Banker moved to square 21 : Go
Aggressive Invester rolled 6
Aggressive Invester moved to square 23 : Go
Risk Taker rolled 11
Risk Taker moved to square 7 : Go
currunt round is : 458
Oppotunistic Trader rolled 8
Oppotunistic Trader moved to square 27 : Go
Conservative Banker rolled 10
Conservative Banker moved to square 31 : Go
Aggressive Invester rolled 10
Aggressive Invester moved to square 33 : Go
Risk Taker rolled 10
Risk Taker moved to square 17 : Go
currunt round is : 458
Oppotunistic Trader rolled 9
Oppotunistic Trader moved to square 36 : Go
Conservative Banker rolled 11
Conservative Banker moved to square 3 : Colombo Fort Railway Station
Aggressive Invester rolled 3
Aggressive Invester moved to square 36 : Go
Risk Taker rolled 2
Risk Taker moved to square 19 : Go
currunt round is : 458
Oppotunistic Trader rolled 3
Oppotunistic Trader moved to square 0 : Go
Conservative Banker rolled 7
Conservative Banker moved to square 10 : Go
Aggressive Invester rolled 4
Aggressive Invester moved to square 1 : Pettah
Risk Taker rolled 4
Risk Taker moved to square 23 : Go
currunt round is : 458
Oppotunistic Trader rolled 7
Oppotunistic Trader moved to square 7 : Go
Conservative Banker rolled 8
Conservative Banker moved to square 18 : Go
Aggressive Invester rolled 8
Aggressive Invester moved to square 9 : Go
Risk Taker rolled 3
Risk Taker moved to square 26 : Go
currunt round is : 458
Oppotunistic Trader rolled 9
Oppotunistic Trader moved to square 16 : Go
Conservative Banker rolled 10
Conservative Banker moved to square 28 : Go
Aggressive Invester rolled 2
Aggressive Invester moved to square 11 : Go
Risk Taker rolled 3
Risk Taker moved to square 29 : Go
currunt round is : 459
Oppotunistic Trader rolled 9
Oppotunistic Trader moved to square 25 : Go
Conservative Banker rolled 12
Conservative Banker moved to square 1 : Pettah
Aggressive Invester rolled 5
Aggressive Invester moved to square 16 : Go
Risk Taker rolled 2
Risk Taker moved to square 31 : Go
currunt round is : 459
Oppotunistic Trader rolled 4
Oppotunistic Trader moved to square 29 : Go
Conservative Banker rolled 5
Conservative Banker moved to square 6 : Go
Aggressive Invester rolled 7
Aggressive Invester moved to square 23 : Go
Risk Taker rolled 5
Risk Taker moved to square 36 : Go
currunt round is : 459
Oppotunistic Trader rolled 2
Oppotunistic Trader moved to square 31 : Go
Conservative Banker rolled 9
Conservative Banker moved to square 15 : Go
Aggressive Invester rolled 12
Aggressive Invester moved to square 35 : Go
Risk Taker rolled 8
Risk Taker moved to square 5 : Go
currunt round is : 459
Oppotunistic Trader rolled 6
Oppotunistic Trader moved to square 37 : Go
Conservative Banker rolled 9
Conservative Banker moved to square 24 : Go
Aggressive Invester rolled 5
Aggressive Invester moved to square 1 : Pettah
Risk Taker rolled 2
Risk Taker moved to square 7 : Go
currunt round is : 459
Oppotunistic Trader rolled 6
Oppotunistic Trader moved to square 4 : Go
Conservative Banker rolled 4
Conservative Banker moved to square 28 : Go
Aggressive Invester rolled 3
Aggressive Invester moved to square 4 : Go
Risk Taker rolled 7
Risk Taker moved to square 14 : Go
currunt round is : 459
Oppotunistic Trader rolled 9
Oppotunistic Trader moved to square 13 : Go
Conservative Banker rolled 3
Conservative Banker moved to square 31 : Go
Aggressive Invester rolled 7
Aggressive Invester moved to square 11 : Go
Risk Taker rolled 12
Risk Taker moved to square 26 : Go
currunt round is : 460
Oppotunistic Trader rolled 9
Oppotunistic Trader moved to square 22 : Go
Conservative Banker rolled 3
Conservative Banker moved to square 34 : Go
Aggressive Invester rolled 12
Aggressive Invester moved to square 23 : Go
Risk Taker rolled 4
Risk Taker moved to square 30 : Go
currunt round is : 460
Oppotunistic Trader rolled 9
Oppotunistic Trader moved to square 31 : Go
Conservative Banker rolled 12
Conservative Banker moved to square 7 : Go
Aggressive Invester rolled 5
Aggressive Invester moved to square 28 : Go
Risk Taker rolled 5
Risk Taker moved to square 35 : Go
currunt round is : 460
Oppotunistic Trader rolled 11
Oppotunistic Trader moved to square 3 : Colombo Fort Railway Station
Conservative Banker rolled 6
Conservative Banker moved to square 13 : Go
Aggressive Invester rolled 4
Aggressive Invester moved to square 32 : Go
Risk Taker rolled 2
Risk Taker moved to square 37 : Go
currunt round is : 460
Oppotunistic Trader rolled 10
Oppotunistic Trader moved to square 13 : Go
Conservative Banker rolled 9
Conservative Banker moved to square 22 : Go
Aggressive Invester rolled 3
Aggressive Invester moved to square 35 : Go
Risk Taker rolled 10
Risk Taker moved to square 8 : Go
currunt round is : 461
Oppotunistic Trader rolled 4
Oppotunistic Trader moved to square 17 : Go
Conservative Banker rolled 3
Conservative Banker moved to square 25 : Go
Aggressive Invester rolled 4
Aggressive Invester moved to square 0 : Go
Risk Taker rolled 8
Risk Taker moved to square 16 : Go
currunt round is : 461
Oppotunistic Trader rolled 8
Oppotunistic Trader moved to square 25 : Go
Conservative Banker rolled 5
Conservative Banker moved to square 30 : Go
Aggressive Invester rolled 9
Aggressive Invester moved to square 9 : Go
Risk Taker rolled 12
Risk Taker moved to square 28 : Go
currunt round is : 461
Oppotunistic Trader rolled 6
Oppotunistic Trader moved to square 31 : Go
Conservative Banker rolled 8
Conservative Banker moved to square 38 : Go
Aggressive Invester rolled 7
Aggressive Invester moved to square 16 : Go
Risk Taker rolled 11
Risk Taker moved to square 0 : Go
currunt round is : 461
Oppotunistic Trader rolled 9
Oppotunistic Trader moved to square 1 : Pettah
Conservative Banker rolled 10
Conservative Banker moved to square 9 : Go
Aggressive Invester rolled 11
Aggressive Invester moved to square 27 : Go
Risk Taker rolled 4
Risk Taker moved to square 4 : Go
currunt round is : 461
Oppotunistic Trader rolled 11
Oppotunistic Trader moved to square 12 : Go
Conservative Banker rolled 10
Conservative Banker moved to square 19 : Go
Aggressive Invester rolled 6
Aggressive Invester moved to square 33 : Go
Risk Taker rolled 8
Risk Taker moved to square 12 : Go
currunt round is : 462
Oppotunistic Trader rolled 7
Oppotunistic Trader moved to square 19 : Go
Conservative Banker rolled 7
Conservative Banker moved to square 26 : Go
Aggressive Invester rolled 9
Aggressive Invester moved to square 3 : Colombo Fort Railway Station
Risk Taker rolled 5
Risk Taker moved to square 17 : Go
currunt round is : 462
Oppotunistic Trader rolled 11
Oppotunistic Trader moved to square 30 : Go
Conservative Banker rolled 11
Conservative Banker moved to square 37 : Go
Aggressive Invester rolled 4
Aggressive Invester moved to square 7 : Go
Risk Taker rolled 6
Risk Taker moved to square 23 : Go
currunt round is : 462
Oppotunistic Trader rolled 6
Oppotunistic Trader moved to square 36 : Go
Conservative Banker rolled 3
Conservative Banker moved to square 1 : Pettah
Aggressive Invester rolled 2
Aggressive Invester moved to square 9 : Go
Risk Taker rolled 8
Risk Taker moved to square 31 : Go
currunt round is : 462
Oppotunistic Trader rolled 2
Oppotunistic Trader moved to square 38 : Go
Conservative Banker rolled 4
Conservative Banker moved to square 5 : Go
Aggressive Invester rolled 12
Aggressive Invester moved to square 21 : Go
Risk Taker rolled 9
Risk Taker moved to square 1 : Pettah
currunt round is : 462
Oppotunistic Trader rolled 5
Oppotunistic Trader moved to square 4 : Go
Conservative Banker rolled 6
Conservative Banker moved to square 11 : Go
Aggressive Invester rolled 8
Aggressive Invester moved to square 29 : Go
Risk Taker rolled 9
Risk Taker moved to square 10 : Go
currunt round is : 462
Oppotunistic Trader rolled 12
Oppotunistic Trader moved to square 16 : Go
Conservative Banker rolled 11
Conservative Banker moved to square 22 : Go
Aggressive Invester rolled 8
Aggressive Invester moved to square 37 : Go
Risk Taker rolled 7
Risk Taker moved to square 17 : Go
currunt round is : 463
Oppotunistic Trader rolled 9
Oppotunistic Trader moved to square 25 : Go
Conservative Banker rolled 4
Conservative Banker moved to square 26 : Go
Aggressive Invester rolled 7
Aggressive Invester moved to square 5 : Go
Risk Taker rolled 5
Risk Taker moved to square 22 : Go
currunt round is : 463
Oppotunistic Trader rolled 10
Oppotunistic Trader moved to square 35 : Go
Conservative Banker rolled 9
Conservative Banker moved to square 35 : Go
Aggressive Invester rolled 9
Aggressive Invester moved to square 14 : Go
Risk Taker rolled 4
Risk Taker moved to square 26 : Go
currunt round is : 463
Oppotunistic Trader rolled 3
Oppotunistic Trader moved to square 38 : Go
Conservative Banker rolled 6
Conservative Banker moved to square 2 : Go
Aggressive Invester rolled 5
Aggressive Invester moved to square 19 : Go
Risk Taker rolled 12
Risk Taker moved to square 38 : Go
currunt round is : 463
Oppotunistic Trader rolled 2
Oppotunistic Trader moved to square 1 : Pettah
Conservative Banker rolled 5
Conservative Banker moved to square 7 : Go
Aggressive Invester rolled 4
Aggressive Invester moved to square 23 : Go
Risk Taker rolled 6
Risk Taker moved to square 5 : Go
currunt round is : 463
Oppotunistic Trader rolled 5
Oppotunistic Trader moved to square 6 : Go
Conservative Banker rolled 4
Conservative Banker moved to square 11 : Go
Aggressive Invester rolled 10
Aggressive Invester moved to square 33 : Go
Risk Taker rolled 5
Risk Taker moved to square 10 : Go
currunt round is : 464
Oppotunistic Trader rolled 4
Oppotunistic Trader moved to square 10 : Go
Conservative Banker rolled 10
Conservative Banker moved to square 21 : Go
Aggressive Invester rolled 10
Aggressive Invester moved to square 4 : Go
Risk Taker rolled 7
Risk Taker moved to square 17 : Go
currunt round is : 464
Oppotunistic Trader rolled 12
Oppotunistic Trader moved to square 22 : Go
Conservative Banker rolled 4
Conservative Banker moved to square 25 : Go
Aggressive Invester rolled 4
Aggressive Invester moved to square 8 : Go
Risk Taker rolled 12
Risk Taker moved to square 29 : Go
currunt round is : 464
Oppotunistic Trader rolled 11
Oppotunistic Trader moved to square 33 : Go
Conservative Banker rolled 10
Conservative Banker moved to square 35 : Go
Aggressive Invester rolled 4
Aggressive Invester moved to square 12 : Go
Risk Taker rolled 7
Risk Taker moved to square 36 : Go
currunt round is : 464
Oppotunistic Trader rolled 10
Oppotunistic Trader moved to square 4 : Go
Conservative Banker rolled 9
Conservative Banker moved to square 5 : Go
Aggressive Invester rolled 9
Aggressive Invester moved to square 21 : Go
Risk Taker rolled 7
Risk Taker moved to square 4 : Go
currunt round is : 464
Oppotunistic Trader rolled 5
Oppotunistic Trader moved to square 9 : Go
Conservative Banker rolled 5
Conservative Banker moved to square 10 : Go
Aggressive Invester rolled 9
Aggressive Invester moved to square 30 : Go
Risk Taker rolled 6
Risk Taker moved to square 10 : Go
currunt round is : 465
Oppotunistic Trader rolled 7
Oppotunistic Trader moved to square 16 : Go
Conservative Banker rolled 10
Conservative Banker moved to square 20 : Go
Aggressive Invester rolled 3
Aggressive Invester moved to square 33 : Go
Risk Taker rolled 8
Risk Taker moved to square 18 : Go
currunt round is : 465
Oppotunistic Trader rolled 12
Oppotunistic Trader moved to square 28 : Go
Conservative Banker rolled 5
Conservative Banker moved to square 25 : Go
Aggressive Invester rolled 10
Aggressive Invester moved to square 4 : Go
Risk Taker rolled 4
Risk Taker moved to square 22 : Go
currunt round is : 465
Oppotunistic Trader rolled 5
Oppotunistic Trader moved to square 33 : Go
Conservative Banker rolled 8
Conservative Banker moved to square 33 : Go
Aggressive Invester rolled 5
Aggressive Invester moved to square 9 : Go
Risk Taker rolled 7
Risk Taker moved to square 29 : Go
currunt round is : 465
Oppotunistic Trader rolled 3
Oppotunistic Trader moved to square 36 : Go
Conservative Banker rolled 3
Conservative Banker moved to square 36 : Go
Aggressive Invester rolled 2
Aggressive Invester moved to square 11 : Go
Risk Taker rolled 2
Risk Taker moved to square 31 : Go
currunt round is : 465
Oppotunistic Trader rolled 3
Oppotunistic Trader moved to square 0 : Go
Conservative Banker rolled 4
Conservative Banker moved to square 1 : Pettah
Aggressive Invester rolled 10
Aggressive Invester moved to square 21 : Go
Risk Taker rolled 12
Risk Taker moved to square 4 : Go
currunt round is : 465
Oppotunistic Trader rolled 10
Oppotunistic Trader moved to square 10 : Go
Conservative Banker rolled 12
Conservative Banker moved to square 13 : Go
Aggressive Invester rolled 7
Aggressive Invester moved to square 28 : Go
Risk Taker rolled 7
Risk Taker moved to square 11 : Go
currunt round is : 465
Oppotunistic Trader rolled 8
Oppotunistic Trader moved to square 18 : Go
Conservative Banker rolled 12
Conservative Banker moved to square 25 : Go
Aggressive Invester rolled 10
Aggressive Invester moved to square 38 : Go
Risk Taker rolled 11
Risk Taker moved to square 22 : Go
currunt round is : 466
Oppotunistic Trader rolled 2
Oppotunistic Trader moved to square 20 : Go
Conservative Banker rolled 4
Conservative Banker moved to square 29 : Go
Aggressive Invester rolled 2
Aggressive Invester moved to square 1 : Pettah
Risk Taker rolled 8
Risk Taker moved to square 30 : Go
currunt round is : 466
Oppotunistic Trader rolled 12
Oppotunistic Trader moved to square 32 : Go
Conservative Banker rolled 4
Conservative Banker moved to square 33 : Go
Aggressive Invester rolled 12
Aggressive Invester moved to square 13 : Go
Risk Taker rolled 11
Risk Taker moved to square 2 : Go
currunt round is : 466
Oppotunistic Trader rolled 5
Oppotunistic Trader moved to square 37 : Go
Conservative Banker rolled 7
Conservative Banker moved to square 1 : Pettah
Aggressive Invester rolled 2
Aggressive Invester moved to square 15 : Go
Risk Taker rolled 9
Risk Taker moved to square 11 : Go
currunt round is : 466
Oppotunistic Trader rolled 11
Oppotunistic Trader moved to square 9 : Go
Conservative Banker rolled 4
Conservative Banker moved to square 5 : Go
Aggressive Invester rolled 3
Aggressive Invester moved to square 18 : Go
Risk Taker rolled 12
Risk Taker moved to square 23 : Go
currunt round is : 466
Oppotunistic Trader rolled 5
Oppotunistic Trader moved to square 14 : Go
Conservative Banker rolled 3
Conservative Banker moved to square 8 : Go
Aggressive Invester rolled 11
Aggressive Invester moved to square 29 : Go
Risk Taker rolled 6
Risk Taker moved to square 29 : Go
currunt round is : 467
Oppotunistic Trader rolled 3
Oppotunistic Trader moved to square 17 : Go
Conservative Banker rolled 6
Conservative Banker moved to square 14 : Go
Aggressive Invester rolled 5
Aggressive Invester moved to square 34 : Go
Risk Taker rolled 9
Risk Taker moved to square 38 : Go
currunt round is : 467
Oppotunistic Trader rolled 6
Oppotunistic Trader moved to square 23 : Go
Conservative Banker rolled 8
Conservative Banker moved to square 22 : Go
Aggressive Invester rolled 12
Aggressive Invester moved to square 7 : Go
Risk Taker rolled 10
Risk Taker moved to square 9 : Go
currunt round is : 467
Oppotunistic Trader rolled 5
Oppotunistic Trader moved to square 28 : Go
Conservative Banker rolled 9
Conservative Banker moved to square 31 : Go
Aggressive Invester rolled 9
Aggressive Invester moved to square 16 : Go
Risk Taker rolled 6
Risk Taker moved to square 15 : Go
currunt round is : 467
Oppotunistic Trader rolled 11
Oppotunistic Trader moved to square 0 : Go
Conservative Banker rolled 7
Conservative Banker moved to square 38 : Go
Aggressive Invester rolled 10
Aggressive Invester moved to square 26 : Go
Risk Taker rolled 9
Risk Taker moved to square 24 : Go
currunt round is : 467
Oppotunistic Trader rolled 9
Oppotunistic Trader moved to square 9 : Go
Conservative Banker rolled 9
Conservative Banker moved to square 8 : Go
Aggressive Invester rolled 7
Aggressive Invester moved to square 33 : Go
Risk Taker rolled 11
Risk Taker moved to square 35 : Go
currunt round is : 467
Oppotunistic Trader rolled 3
Oppotunistic Trader moved to square 12 : Go
Conservative Banker rolled 6
Conservative Banker moved to square 14 : Go
Aggressive Invester rolled 7
Aggressive Invester moved to square 1 : Pettah
Risk Taker rolled 2
Risk Taker moved to square 37 : Go
currunt round is : 468
Oppotunistic Trader rolled 8
Oppotunistic Trader moved to square 20 : Go
Conservative Banker rolled 6
Conservative Banker moved to square 20 : Go
Aggressive Invester rolled 10
Aggressive Invester moved to square 11 : Go
Risk Taker rolled 9
Risk Taker moved to square 7 : Go
currunt round is : 468
Oppotunistic Trader rolled 6
Oppotunistic Trader moved to square 26 : Go
Conservative Banker rolled 6
Conservative Banker moved to square 26 : Go
Aggressive Invester rolled 11
Aggressive Invester moved to square 22 : Go
Risk Taker rolled 7
Risk Taker moved to square 14 : Go
currunt round is : 468
Oppotunistic Trader rolled 11
Oppotunistic Trader moved to square 37 : Go
Conservative Banker rolled 12
Conservative Banker moved to square 38 : Go
Aggressive Invester rolled 2
Aggressive Invester moved to square 24 : Go
Risk Taker rolled 4
Risk Taker moved to square 18 : Go
currunt round is : 468
Oppotunistic Trader rolled 8
Oppotunistic Trader moved to square 6 : Go
Conservative Banker rolled 12
Conservative Banker moved to square 11 : Go
Aggressive Invester rolled 10
Aggressive Invester moved to square 34 : Go
Risk Taker rolled 11
Risk Taker moved to square 29 : Go
currunt round is : 468
Oppotunistic Trader rolled 9
Oppotunistic Trader moved to square 15 : Go
Conservative Banker rolled 4
Conservative Banker moved to square 15 : Go
Aggressive Invester rolled 2
Aggressive Invester moved to square 36 : Go
Risk Taker rolled 7
Risk Taker moved to square 36 : Go
currunt round is : 469
Oppotunistic Trader rolled 10
Oppotunistic Trader moved to square 25 : Go
Conservative Banker rolled 10
Conservative Banker moved to square 25 : Go
Aggressive Invester rolled 12
Aggressive Invester moved to square 9 : Go
Risk Taker rolled 6
Risk Taker moved to square 3 : Colombo Fort Railway Station
currunt round is : 469
Oppotunistic Trader rolled 4
Oppotunistic Trader moved to square 29 : Go
Conservative Banker rolled 5
Conservative Banker moved to square 30 : Go
Aggressive Invester rolled 2
Aggressive Invester moved to square 11 : Go
Risk Taker rolled 6
Risk Taker moved to square 9 : Go
currunt round is : 469
Oppotunistic Trader rolled 9
Oppotunistic Trader moved to square 38 : Go
Conservative Banker rolled 7
Conservative Banker moved to square 37 : Go
Aggressive Invester rolled 4
Aggressive Invester moved to square 15 : Go
Risk Taker rolled 2
Risk Taker moved to square 11 : Go
currunt round is : 469
Oppotunistic Trader rolled 12
Oppotunistic Trader moved to square 11 : Go
Conservative Banker rolled 10
Conservative Banker moved to square 8 : Go
Aggressive Invester rolled 7
Aggressive Invester moved to square 22 : Go
Risk Taker rolled 5
Risk Taker moved to square 16 : Go
currunt round is : 469
Oppotunistic Trader rolled 4
Oppotunistic Trader moved to square 15 : Go
Conservative Banker rolled 5
Conservative Banker moved to square 13 : Go
Aggressive Invester rolled 8
Aggressive Invester moved to square 30 : Go
Risk Taker rolled 2
Risk Taker moved to square 18 : Go
currunt round is : 470
Oppotunistic Trader rolled 4
Oppotunistic Trader moved to square 19 : Go
Conservative Banker rolled 8
Conservative Banker moved to square 21 : Go
Aggressive Invester rolled 2
Aggressive Invester moved to square 32 : Go
Risk Taker rolled 8
Risk Taker moved to square 26 : Go
currunt round is : 470
Oppotunistic Trader rolled 8
Oppotunistic Trader moved to square 27 : Go
Conservative Banker rolled 8
Conservative Banker moved to square 29 : Go
Aggressive Invester rolled 5
Aggressive Invester moved to square 37 : Go
Risk Taker rolled 2
Risk Taker moved to square 28 : Go
currunt round is : 470
Oppotunistic Trader rolled 11
Oppotunistic Trader moved to square 38 : Go
Conservative Banker rolled 5
Conservative Banker moved to square 34 : Go
Aggressive Invester rolled 5
Aggressive Invester moved to square 3 : Colombo Fort Railway Station
Risk Taker rolled 8
Risk Taker moved to square 36 : Go
currunt round is : 470
Oppotunistic Trader rolled 12
Oppotunistic Trader moved to square 11 : Go
Conservative Banker rolled 5
Conservative Banker moved to square 0 : Go
Aggressive Invester rolled 10
Aggressive Invester moved to square 13 : Go
Risk Taker rolled 3
Risk Taker moved to square 0 : Go
currunt round is : 470
Oppotunistic Trader rolled 8
Oppotunistic Trader moved to square 19 : Go
Conservative Banker rolled 11
Conservative Banker moved to square 11 : Go
Aggressive Invester rolled 5
Aggressive Invester moved to square 18 : Go
Risk Taker rolled 2
Risk Taker moved to square 2 : Go
currunt round is : 471
Oppotunistic Trader rolled 5
Oppotunistic Trader moved to square 24 : Go
Conservative Banker rolled 7
Conservative Banker moved to square 18 : Go
Aggressive Invester rolled 11
Aggressive Invester moved to square 29 : Go
Risk Taker rolled 2
Risk Taker moved to square 4 : Go
currunt round is : 471
Oppotunistic Trader rolled 3
Oppotunistic Trader moved to square 27 : Go
Conservative Banker rolled 5
Conservative Banker moved to square 23 : Go
Aggressive Invester rolled 3
Aggressive Invester moved to square 32 : Go
Risk Taker rolled 5
Risk Taker moved to square 9 : Go
currunt round is : 471
Oppotunistic Trader rolled 6
Oppotunistic Trader moved to square 33 : Go
Conservative Banker rolled 8
Conservative Banker moved to square 31 : Go
Aggressive Invester rolled 3
Aggressive Invester moved to square 35 : Go
Risk Taker rolled 6
Risk Taker moved to square 15 : Go
currunt round is : 471
Oppotunistic Trader rolled 12
Oppotunistic Trader moved to square 6 : Go
Conservative Banker rolled 12
Conservative Banker moved to square 4 : Go
Aggressive Invester rolled 11
Aggressive Invester moved to square 7 : Go
Risk Taker rolled 7
Risk Taker moved to square 22 : Go
currunt round is : 471
Oppotunistic Trader rolled 7
Oppotunistic Trader moved to square 13 : Go
Conservative Banker rolled 3
Conservative Banker moved to square 7 : Go
Aggressive Invester rolled 5
Aggressive Invester moved to square 12 : Go
Risk Taker rolled 5
Risk Taker moved to square 27 : Go
currunt round is : 472
Oppotunistic Trader rolled 4
Oppotunistic Trader moved to square 17 : Go
Conservative Banker rolled 9
Conservative Banker moved to square 16 : Go
Aggressive Invester rolled 11
Aggressive Invester moved to square 23 : Go
Risk Taker rolled 12
Risk Taker moved to square 0 : Go
currunt round is : 472
Oppotunistic Trader rolled 12
Oppotunistic Trader moved to square 29 : Go
Conservative Banker rolled 7
Conservative Banker moved to square 23 : Go
Aggressive Invester rolled 3
Aggressive Invester moved to square 26 : Go
Risk Taker rolled 5
Risk Taker moved to square 5 : Go
currunt round is : 472
Oppotunistic Trader rolled 5
Oppotunistic Trader moved to square 34 : Go
Conservative Banker rolled 6
Conservative Banker moved to square 29 : Go
Aggressive Invester rolled 5
Aggressive Invester moved to square 31 : Go
Risk Taker rolled 6
Risk Taker moved to square 11 : Go
currunt round is : 472
Oppotunistic Trader rolled 10
Oppotunistic Trader moved to square 5 : Go
Conservative Banker rolled 12
Conservative Banker moved to square 2 : Go
Aggressive Invester rolled 7
Aggressive Invester moved to square 38 : Go
Risk Taker rolled 11
Risk Taker moved to square 22 : Go
currunt round is : 472
Oppotunistic Trader rolled 4
Oppotunistic Trader moved to square 9 : Go
Conservative Banker rolled 6
Conservative Banker moved to square 8 : Go
Aggressive Invester rolled 12
Aggressive Invester moved to square 11 : Go
Risk Taker rolled 6
Risk Taker moved to square 28 : Go
currunt round is : 473
Oppotunistic Trader rolled 12
Oppotunistic Trader moved to square 21 : Go
Conservative Banker rolled 2
Conservative Banker moved to square 10 : Go
Aggressive Invester rolled 8
Aggressive Invester moved to square 19 : Go
Risk Taker rolled 12
Risk Taker moved to square 1 : Pettah
currunt round is : 473
Oppotunistic Trader rolled 10
Oppotunistic Trader moved to square 31 : Go
Conservative Banker rolled 6
Conservative Banker moved to square 16 : Go
Aggressive Invester rolled 4
Aggressive Invester moved to square 23 : Go
Risk Taker rolled 2
Risk Taker moved to square 3 : Colombo Fort Railway Station
currunt round is : 473
Oppotunistic Trader rolled 5
Oppotunistic Trader moved to square 36 : Go
Conservative Banker rolled 8
Conservative Banker moved to square 24 : Go
Aggressive Invester rolled 4
Aggressive Invester moved to square 27 : Go
Risk Taker rolled 8
Risk Taker moved to square 11 : Go
currunt round is : 473
Oppotunistic Trader rolled 2
Oppotunistic Trader moved to square 38 : Go
Conservative Banker rolled 11
Conservative Banker moved to square 35 : Go
Aggressive Invester rolled 5
Aggressive Invester moved to square 32 : Go
Risk Taker rolled 10
Risk Taker moved to square 21 : Go
currunt round is : 473
Oppotunistic Trader rolled 5
Oppotunistic Trader moved to square 4 : Go
Conservative Banker rolled 6
Conservative Banker moved to square 2 : Go
Aggressive Invester rolled 2
Aggressive Invester moved to square 34 : Go
Risk Taker rolled 8
Risk Taker moved to square 29 : Go
currunt round is : 473
Oppotunistic Trader rolled 9
Oppotunistic Trader moved to square 13 : Go
Conservative Banker rolled 3
Conservative Banker moved to square 5 : Go
Aggressive Invester rolled 2
Aggressive Invester moved to square 36 : Go
Risk Taker rolled 6
Risk Taker moved to square 35 : Go
currunt round is : 474
Oppotunistic Trader rolled 2
Oppotunistic Trader moved to square 15 : Go
Conservative Banker rolled 5
Conservative Banker moved to square 10 : Go
Aggressive Invester rolled 4
Aggressive Invester moved to square 1 : Pettah
Risk Taker rolled 2
Risk Taker moved to square 37 : Go
currunt round is : 474
Oppotunistic Trader rolled 9
Oppotunistic Trader moved to square 24 : Go
Conservative Banker rolled 12
Conservative Banker moved to square 22 : Go
Aggressive Invester rolled 6
Aggressive Invester moved to square 7 : Go
Risk Taker rolled 7
Risk Taker moved to square 5 : Go
currunt round is : 474
Oppotunistic Trader rolled 10
Oppotunistic Trader moved to square 34 : Go
Conservative Banker rolled 12
Conservative Banker moved to square 34 : Go
Aggressive Invester rolled 4
Aggressive Invester moved to square 11 : Go
Risk Taker rolled 7
Risk Taker moved to square 12 : Go
currunt round is : 474
Oppotunistic Trader rolled 6
Oppotunistic Trader moved to square 1 : Pettah
Conservative Banker rolled 4
Conservative Banker moved to square 38 : Go
Aggressive Invester rolled 5
Aggressive Invester moved to square 16 : Go
Risk Taker rolled 7
Risk Taker moved to square 19 : Go
currunt round is : 474
Oppotunistic Trader rolled 8
Oppotunistic Trader moved to square 9 : Go
Conservative Banker rolled 7
Conservative Banker moved to square 6 : Go
Aggressive Invester rolled 2
Aggressive Invester moved to square 18 : Go
Risk Taker rolled 8
Risk Taker moved to square 27 : Go
currunt round is : 475
Oppotunistic Trader rolled 6
Oppotunistic Trader moved to square 15 : Go
Conservative Banker rolled 6
Conservative Banker moved to square 12 : Go
Aggressive Invester rolled 5
Aggressive Invester moved to square 23 : Go
Risk Taker rolled 9
Risk Taker moved to square 36 : Go
currunt round is : 475
Oppotunistic Trader rolled 8
Oppotunistic Trader moved to square 23 : Go
Conservative Banker rolled 5
Conservative Banker moved to square 17 : Go
Aggressive Invester rolled 5
Aggressive Invester moved to square 28 : Go
Risk Taker rolled 4
Risk Taker moved to square 1 : Pettah
currunt round is : 475
Oppotunistic Trader rolled 6
Oppotunistic Trader moved to square 29 : Go
Conservative Banker rolled 3
Conservative Banker moved to square 20 : Go
Aggressive Invester rolled 8
Aggressive Invester moved to square 36 : Go
Risk Taker rolled 4
Risk Taker moved to square 5 : Go
currunt round is : 475
Oppotunistic Trader rolled 6
Oppotunistic Trader moved to square 35 : Go
Conservative Banker rolled 8
Conservative Banker moved to square 28 : Go
Aggressive Invester rolled 4
Aggressive Invester moved to square 1 : Pettah
Risk Taker rolled 11
Risk Taker moved to square 16 : Go
currunt round is : 475
Oppotunistic Trader rolled 5
Oppotunistic Trader moved to square 1 : Pettah
Conservative Banker rolled 6
Conservative Banker moved to square 34 : Go
Aggressive Invester rolled 3
Aggressive Invester moved to square 4 : Go
Risk Taker rolled 2
Risk Taker moved to square 18 : Go
currunt round is : 475
Oppotunistic Trader rolled 4
Oppotunistic Trader moved to square 5 : Go
Conservative Banker rolled 3
Conservative Banker moved to square 37 : Go
Aggressive Invester rolled 5
Aggressive Invester moved to square 9 : Go
Risk Taker rolled 6
Risk Taker moved to square 24 : Go
currunt round is : 476
Oppotunistic Trader rolled 6
Oppotunistic Trader moved to square 11 : Go
Conservative Banker rolled 9
Conservative Banker moved to square 7 : Go
Aggressive Invester rolled 11
Aggressive Invester moved to square 20 : Go
Risk Taker rolled 12
Risk Taker moved to square 36 : Go
currunt round is : 476
Oppotunistic Trader rolled 3
Oppotunistic Trader moved to square 14 : Go
Conservative Banker rolled 10
Conservative Banker moved to square 17 : Go
Aggressive Invester rolled 6
Aggressive Invester moved to square 26 : Go
Risk Taker rolled 7
Risk Taker moved to square 4 : Go
currunt round is : 476
Oppotunistic Trader rolled 12
Oppotunistic Trader moved to square 26 : Go
Conservative Banker rolled 9
Conservative Banker moved to square 26 : Go
Aggressive Invester rolled 4
Aggressive Invester moved to square 30 : Go
Risk Taker rolled 7
Risk Taker moved to square 11 : Go
currunt round is : 476
Oppotunistic Trader rolled 11
Oppotunistic Trader moved to square 37 : Go
Conservative Banker rolled 5
Conservative Banker moved to square 31 : Go
Aggressive Invester rolled 8
Aggressive Invester moved to square 38 : Go
Risk Taker rolled 2
Risk Taker moved to square 13 : Go
currunt round is : 476
Oppotunistic Trader rolled 6
Oppotunistic Trader moved to square 4 : Go
Conservative Banker rolled 12
Conservative Banker moved to square 4 : Go
Aggressive Invester rolled 5
Aggressive Invester moved to square 4 : Go
Risk Taker rolled 8
Risk Taker moved to square 21 : Go
currunt round is : 476
Oppotunistic Trader rolled 8
Oppotunistic Trader moved to square 12 : Go
Conservative Banker rolled 5
Conservative Banker moved to square 9 : Go
Aggressive Invester rolled 4
Aggressive Invester moved to square 8 : Go
Risk Taker rolled 9
Risk Taker moved to square 30 : Go
currunt round is : 477
Oppotunistic Trader rolled 10
Oppotunistic Trader moved to square 22 : Go
Conservative Banker rolled 6
Conservative Banker moved to square 15 : Go
Aggressive Invester rolled 10
Aggressive Invester moved to square 18 : Go
Risk Taker rolled 12
Risk Taker moved to square 3 : Colombo Fort Railway Station
currunt round is : 477
Oppotunistic Trader rolled 5
Oppotunistic Trader moved to square 27 : Go
Conservative Banker rolled 2
Conservative Banker moved to square 17 : Go
Aggressive Invester rolled 5
Aggressive Invester moved to square 23 : Go
Risk Taker rolled 9
Risk Taker moved to square 12 : Go
currunt round is : 477
Oppotunistic Trader rolled 9
Oppotunistic Trader moved to square 36 : Go
Conservative Banker rolled 3
Conservative Banker moved to square 20 : Go
Aggressive Invester rolled 7
Aggressive Invester moved to square 30 : Go
Risk Taker rolled 11
Risk Taker moved to square 23 : Go
currunt round is : 477
Oppotunistic Trader rolled 11
Oppotunistic Trader moved to square 8 : Go
Conservative Banker rolled 11
Conservative Banker moved to square 31 : Go
Aggressive Invester rolled 3
Aggressive Invester moved to square 33 : Go
Risk Taker rolled 10
Risk Taker moved to square 33 : Go
currunt round is : 477
Oppotunistic Trader rolled 5
Oppotunistic Trader moved to square 13 : Go
Conservative Banker rolled 3
Conservative Banker moved to square 34 : Go
Aggressive Invester rolled 3
Aggressive Invester moved to square 36 : Go
Risk Taker rolled 3
Risk Taker moved to square 36 : Go
currunt round is : 478
Oppotunistic Trader rolled 6
Oppotunistic Trader moved to square 19 : Go
Conservative Banker rolled 9
Conservative Banker moved to square 4 : Go
Aggressive Invester rolled 4
Aggressive Invester moved to square 1 : Pettah
Risk Taker rolled 8
Risk Taker moved to square 5 : Go
currunt round is : 478
Oppotunistic Trader rolled 8
Oppotunistic Trader moved to square 27 : Go
Conservative Banker rolled 5
Conservative Banker moved to square 9 : Go
Aggressive Invester rolled 12
Aggressive Invester moved to square 13 : Go
Risk Taker rolled 12
Risk Taker moved to square 17 : Go
currunt round is : 478
Oppotunistic Trader rolled 8
Oppotunistic Trader moved to square 35 : Go
Conservative Banker rolled 4
Conservative Banker moved to square 13 : Go
Aggressive Invester rolled 9
Aggressive Invester moved to square 22 : Go
Risk Taker rolled 3
Risk Taker moved to square 20 : Go
currunt round is : 478
Oppotunistic Trader rolled 6
Oppotunistic Trader moved to square 2 : Go
Conservative Banker rolled 6
Conservative Banker moved to square 19 : Go
Aggressive Invester rolled 2
Aggressive Invester moved to square 24 : Go
Risk Taker rolled 9
Risk Taker moved to square 29 : Go
currunt round is : 478
Oppotunistic Trader rolled 6
Oppotunistic Trader moved to square 8 : Go
Conservative Banker rolled 3
Conservative Banker moved to square 22 : Go
Aggressive Invester rolled 6
Aggressive Invester moved to square 30 : Go
Risk Taker rolled 12
Risk Taker moved to square 2 : Go
currunt round is : 479
Oppotunistic Trader rolled 5
Oppotunistic Trader moved to square 13 : Go
Conservative Banker rolled 9
Conservative Banker moved to square 31 : Go
Aggressive Invester rolled 8
Aggressive Invester moved to square 38 : Go
Risk Taker rolled 12
Risk Taker moved to square 14 : Go
currunt round is : 479
Oppotunistic Trader rolled 7
Oppotunistic Trader moved to square 20 : Go
Conservative Banker rolled 9
Conservative Banker moved to square 1 : Pettah
Aggressive Invester rolled 10
Aggressive Invester moved to square 9 : Go
Risk Taker rolled 10
Risk Taker moved to square 24 : Go
currunt round is : 479
Oppotunistic Trader rolled 9
Oppotunistic Trader moved to square 29 : Go
Conservative Banker rolled 9
Conservative Banker moved to square 10 : Go
Aggressive Invester rolled 10
Aggressive Invester moved to square 19 : Go
Risk Taker rolled 2
Risk Taker moved to square 26 : Go
currunt round is : 479
Oppotunistic Trader rolled 5
Oppotunistic Trader moved to square 34 : Go
Conservative Banker rolled 10
Conservative Banker moved to square 20 : Go
Aggressive Invester rolled 7
Aggressive Invester moved to square 26 : Go
Risk Taker rolled 11
Risk Taker moved to square 37 : Go
currunt round is : 479
Oppotunistic Trader rolled 2
Oppotunistic Trader moved to square 36 : Go
Conservative Banker rolled 6
Conservative Banker moved to square 26 : Go
Aggressive Invester rolled 11
Aggressive Invester moved to square 37 : Go
Risk Taker rolled 6
Risk Taker moved to square 4 : Go
currunt round is : 479
Oppotunistic Trader rolled 8
Oppotunistic Trader moved to square 5 : Go
Conservative Banker rolled 5
Conservative Banker moved to square 31 : Go
Aggressive Invester rolled 8
Aggressive Invester moved to square 6 : Go
Risk Taker rolled 10
Risk Taker moved to square 14 : Go
currunt round is : 479
Oppotunistic Trader rolled 9
Oppotunistic Trader moved to square 14 : Go
Conservative Banker rolled 6
Conservative Banker moved to square 37 : Go
Aggressive Invester rolled 7
Aggressive Invester moved to square 13 : Go
Risk Taker rolled 11
Risk Taker moved to square 25 : Go
currunt round is : 480
Oppotunistic Trader rolled 8
Oppotunistic Trader moved to square 22 : Go
Conservative Banker rolled 9
Conservative Banker moved to square 7 : Go
Aggressive Invester rolled 8
Aggressive Invester moved to square 21 : Go
Risk Taker rolled 11
Risk Taker moved to square 36 : Go
currunt round is : 480
Oppotunistic Trader rolled 5
Oppotunistic Trader moved to square 27 : Go
Conservative Banker rolled 3
Conservative Banker moved to square 10 : Go
Aggressive Invester rolled 10
Aggressive Invester moved to square 31 : Go
Risk Taker rolled 8
Risk Taker moved to square 5 : Go
currunt round is : 480
Oppotunistic Trader rolled 9
Oppotunistic Trader moved to square 36 : Go
Conservative Banker rolled 5
Conservative Banker moved to square 15 : Go
Aggressive Invester rolled 5
Aggressive Invester moved to square 36 : Go
Risk Taker rolled 5
Risk Taker moved to square 10 : Go
currunt round is : 480
Oppotunistic Trader rolled 10
Oppotunistic Trader moved to square 7 : Go
Conservative Banker rolled 11
Conservative Banker moved to square 26 : Go
Aggressive Invester rolled 3
Aggressive Invester moved to square 0 : Go
Risk Taker rolled 2
Risk Taker moved to square 12 : Go
currunt round is : 480
Oppotunistic Trader rolled 8
Oppotunistic Trader moved to square 15 : Go
Conservative Banker rolled 8
Conservative Banker moved to square 34 : Go
Aggressive Invester rolled 10
Aggressive Invester moved to square 10 : Go
Risk Taker rolled 8
Risk Taker moved to square 20 : Go
currunt round is : 481
Oppotunistic Trader rolled 2
Oppotunistic Trader moved to square 17 : Go
Conservative Banker rolled 6
Conservative Banker moved to square 1 : Pettah
Aggressive Invester rolled 11
Aggressive Invester moved to square 21 : Go
Risk Taker rolled 6
Risk Taker moved to square 26 : Go
currunt round is : 481
Oppotunistic Trader rolled 9
Oppotunistic Trader moved to square 26 : Go
Conservative Banker rolled 4
Conservative Banker moved to square 5 : Go
Aggressive Invester rolled 2
Aggressive Invester moved to square 23 : Go
Risk Taker rolled 3
Risk Taker moved to square 29 : Go
currunt round is : 481
Oppotunistic Trader rolled 8
Oppotunistic Trader moved to square 34 : Go
Conservative Banker rolled 7
Conservative Banker moved to square 12 : Go
Aggressive Invester rolled 10
Aggressive Invester moved to square 33 : Go
Risk Taker rolled 3
Risk Taker moved to square 32 : Go
currunt round is : 481
Oppotunistic Trader rolled 12
Oppotunistic Trader moved to square 7 : Go
Conservative Banker rolled 6
Conservative Banker moved to square 18 : Go
Aggressive Invester rolled 10
Aggressive Invester moved to square 4 : Go
Risk Taker rolled 2
Risk Taker moved to square 34 : Go
currunt round is : 481
Oppotunistic Trader rolled 5
Oppotunistic Trader moved to square 12 : Go
Conservative Banker rolled 6
Conservative Banker moved to square 24 : Go
Aggressive Invester rolled 8
Aggressive Invester moved to square 12 : Go
Risk Taker rolled 12
Risk Taker moved to square 7 : Go
currunt round is : 482
Oppotunistic Trader rolled 7
Oppotunistic Trader moved to square 19 : Go
Conservative Banker rolled 9
Conservative Banker moved to square 33 : Go
Aggressive Invester rolled 2
Aggressive Invester moved to square 14 : Go
Risk Taker rolled 5
Risk Taker moved to square 12 : Go
currunt round is : 482
Oppotunistic Trader rolled 8
Oppotunistic Trader moved to square 27 : Go
Conservative Banker rolled 2
Conservative Banker moved to square 35 : Go
Aggressive Invester rolled 5
Aggressive Invester moved to square 19 : Go
Risk Taker rolled 3
Risk Taker moved to square 15 : Go
currunt round is : 482
Oppotunistic Trader rolled 8
Oppotunistic Trader moved to square 35 : Go
Conservative Banker rolled 11
Conservative Banker moved to square 7 : Go
Aggressive Invester rolled 8
Aggressive Invester moved to square 27 : Go
Risk Taker rolled 6
Risk Taker moved to square 21 : Go
currunt round is : 482
Oppotunistic Trader rolled 4
Oppotunistic Trader moved to square 0 : Go
Conservative Banker rolled 4
Conservative Banker moved to square 11 : Go
Aggressive Invester rolled 9
Aggressive Invester moved to square 36 : Go
Risk Taker rolled 11
Risk Taker moved to square 32 : Go
currunt round is : 482
Oppotunistic Trader rolled 6
Oppotunistic Trader moved to square 6 : Go
Conservative Banker rolled 9
Conservative Banker moved to square 20 : Go
Aggressive Invester rolled 10
Aggressive Invester moved to square 7 : Go
Risk Taker rolled 12
Risk Taker moved to square 5 : Go
currunt round is : 482
Oppotunistic Trader rolled 12
Oppotunistic Trader moved to square 18 : Go
Conservative Banker rolled 8
Conservative Banker moved to square 28 : Go
Aggressive Invester rolled 12
Aggressive Invester moved to square 19 : Go
Risk Taker rolled 9
Risk Taker moved to square 14 : Go
currunt round is : 483
Oppotunistic Trader rolled 12
Oppotunistic Trader moved to square 30 : Go
Conservative Banker rolled 9
Conservative Banker moved to square 37 : Go
Aggressive Invester rolled 9
Aggressive Invester moved to square 28 : Go
Risk Taker rolled 4
Risk Taker moved to square 18 : Go
currunt round is : 483
Oppotunistic Trader rolled 2
Oppotunistic Trader moved to square 32 : Go
Conservative Banker rolled 2
Conservative Banker moved to square 0 : Go
Aggressive Invester rolled 2
Aggressive Invester moved to square 30 : Go
Risk Taker rolled 6
Risk Taker moved to square 24 : Go
currunt round is : 483
Oppotunistic Trader rolled 7
Oppotunistic Trader moved to square 0 : Go
Conservative Banker rolled 11
Conservative Banker moved to square 11 : Go
Aggressive Invester rolled 9
Aggressive Invester moved to square 0 : Go
Risk Taker rolled 2
Risk Taker moved to square 26 : Go
currunt round is : 483
Oppotunistic Trader rolled 11
Oppotunistic Trader moved to square 11 : Go
Conservative Banker rolled 10
Conservative Banker moved to square 21 : Go
Aggressive Invester rolled 2
Aggressive Invester moved to square 2 : Go
Risk Taker rolled 7
Risk Taker moved to square 33 : Go
currunt round is : 483
Oppotunistic Trader rolled 9
Oppotunistic Trader moved to square 20 : Go
Conservative Banker rolled 6
Conservative Banker moved to square 27 : Go
Aggressive Invester rolled 9
Aggressive Invester moved to square 11 : Go
Risk Taker rolled 11
Risk Taker moved to square 5 : Go
currunt round is : 484
Oppotunistic Trader rolled 8
Oppotunistic Trader moved to square 28 : Go
Conservative Banker rolled 5
Conservative Banker moved to square 32 : Go
Aggressive Invester rolled 8
Aggressive Invester moved to square 19 : Go
Risk Taker rolled 10
Risk Taker moved to square 15 : Go
currunt round is : 484
Oppotunistic Trader rolled 10
Oppotunistic Trader moved to square 38 : Go
Conservative Banker rolled 5
Conservative Banker moved to square 37 : Go
Aggressive Invester rolled 9
Aggressive Invester moved to square 28 : Go
Risk Taker rolled 7
Risk Taker moved to square 22 : Go
currunt round is : 484
Oppotunistic Trader rolled 11
Oppotunistic Trader moved to square 10 : Go
Conservative Banker rolled 6
Conservative Banker moved to square 4 : Go
Aggressive Invester rolled 3
Aggressive Invester moved to square 31 : Go
Risk Taker rolled 10
Risk Taker moved to square 32 : Go
currunt round is : 484
Oppotunistic Trader rolled 3
Oppotunistic Trader moved to square 13 : Go
Conservative Banker rolled 8
Conservative Banker moved to square 12 : Go
Aggressive Invester rolled 11
Aggressive Invester moved to square 3 : Colombo Fort Railway Station
Risk Taker rolled 12
Risk Taker moved to square 5 : Go
currunt round is : 485
Oppotunistic Trader rolled 8
Oppotunistic Trader moved to square 21 : Go
Conservative Banker rolled 11
Conservative Banker moved to square 23 : Go
Aggressive Invester rolled 5
Aggressive Invester moved to square 8 : Go
Risk Taker rolled 12
Risk Taker moved to square 17 : Go
currunt round is : 485
Oppotunistic Trader rolled 9
Oppotunistic Trader moved to square 30 : Go
Conservative Banker rolled 12
Conservative Banker moved to square 35 : Go
Aggressive Invester rolled 10
Aggressive Invester moved to square 18 : Go
Risk Taker rolled 6
Risk Taker moved to square 23 : Go
currunt round is : 485
Oppotunistic Trader rolled 8
Oppotunistic Trader moved to square 38 : Go
Conservative Banker rolled 10
Conservative Banker moved to square 6 : Go
Aggressive Invester rolled 11
Aggressive Invester moved to square 29 : Go
Risk Taker rolled 4
Risk Taker moved to square 27 : Go
currunt round is : 485
Oppotunistic Trader rolled 12
Oppotunistic Trader moved to square 11 : Go
Conservative Banker rolled 5
Conservative Banker moved to square 11 : Go
Aggressive Invester rolled 2
Aggressive Invester moved to square 31 : Go
Risk Taker rolled 5
Risk Taker moved to square 32 : Go
currunt round is : 485
Oppotunistic Trader rolled 7
Oppotunistic Trader moved to square 18 : Go
Conservative Banker rolled 6
Conservative Banker moved to square 17 : Go
Aggressive Invester rolled 2
Aggressive Invester moved to square 33 : Go
Risk Taker rolled 4
Risk Taker moved to square 36 : Go
currunt round is : 486
Oppotunistic Trader rolled 10
Oppotunistic Trader moved to square 28 : Go
Conservative Banker rolled 8
Conservative Banker moved to square 25 : Go
Aggressive Invester rolled 8
Aggressive Invester moved to square 2 : Go
Risk Taker rolled 8
Risk Taker moved to square 5 : Go
currunt round is : 486
Oppotunistic Trader rolled 12
Oppotunistic Trader moved to square 1 : Pettah
Conservative Banker rolled 9
Conservative Banker moved to square 34 : Go
Aggressive Invester rolled 4
Aggressive Invester moved to square 6 : Go
Risk Taker rolled 11
Risk Taker moved to square 16 : Go
currunt round is : 486
Oppotunistic Trader rolled 3
Oppotunistic Trader moved to square 4 : Go
Conservative Banker rolled 2
Conservative Banker moved to square 36 : Go
Aggressive Invester rolled 11
Aggressive Invester moved to square 17 : Go
Risk Taker rolled 7
Risk Taker moved to square 23 : Go
currunt round is : 487
Oppotunistic Trader rolled 9
Oppotunistic Trader moved to square 13 : Go
Conservative Banker rolled 12
Conservative Banker moved to square 9 : Go
Aggressive Invester rolled 6
Aggressive Invester moved to square 23 : Go
Risk Taker rolled 3
Risk Taker moved to square 26 : Go
currunt round is : 487
Oppotunistic Trader rolled 12
Oppotunistic Trader moved to square 25 : Go
Conservative Banker rolled 4
Conservative Banker moved to square 13 : Go
Aggressive Invester rolled 7
Aggressive Invester moved to square 30 : Go
Risk Taker rolled 5
Risk Taker moved to square 31 : Go
currunt round is : 487
Oppotunistic Trader rolled 10
Oppotunistic Trader moved to square 35 : Go
Conservative Banker rolled 3
Conservative Banker moved to square 16 : Go
Aggressive Invester rolled 7
Aggressive Invester moved to square 37 : Go
Risk Taker rolled 10
Risk Taker moved to square 2 : Go
currunt round is : 487
Oppotunistic Trader rolled 5
Oppotunistic Trader moved to square 1 : Pettah
Conservative Banker rolled 5
Conservative Banker moved to square 21 : Go
Aggressive Invester rolled 11
Aggressive Invester moved to square 9 : Go
Risk Taker rolled 10
Risk Taker moved to square 12 : Go
currunt round is : 487
Oppotunistic Trader rolled 10
Oppotunistic Trader moved to square 11 : Go
Conservative Banker rolled 12
Conservative Banker moved to square 33 : Go
Aggressive Invester rolled 10
Aggressive Invester moved to square 19 : Go
Risk Taker rolled 7
Risk Taker moved to square 19 : Go
currunt round is : 488
Oppotunistic Trader rolled 7
Oppotunistic Trader moved to square 18 : Go
Conservative Banker rolled 5
Conservative Banker moved to square 38 : Go
Aggressive Invester rolled 11
Aggressive Invester moved to square 30 : Go
Risk Taker rolled 4
Risk Taker moved to square 23 : Go
currunt round is : 488
Oppotunistic Trader rolled 11
Oppotunistic Trader moved to square 29 : Go
Conservative Banker rolled 11
Conservative Banker moved to square 10 : Go
Aggressive Invester rolled 3
Aggressive Invester moved to square 33 : Go
Risk Taker rolled 12
Risk Taker moved to square 35 : Go
currunt round is : 488
Oppotunistic Trader rolled 9
Oppotunistic Trader moved to square 38 : Go
Conservative Banker rolled 12
Conservative Banker moved to square 22 : Go
Aggressive Invester rolled 6
Aggressive Invester moved to square 0 : Go
Risk Taker rolled 3
Risk Taker moved to square 38 : Go
currunt round is : 488
Oppotunistic Trader rolled 11
Oppotunistic Trader moved to square 10 : Go
Conservative Banker rolled 9
Conservative Banker moved to square 31 : Go
Aggressive Invester rolled 5
Aggressive Invester moved to square 5 : Go
Risk Taker rolled 8
Risk Taker moved to square 7 : Go
currunt round is : 488
Oppotunistic Trader rolled 11
Oppotunistic Trader moved to square 21 : Go
Conservative Banker rolled 8
Conservative Banker moved to square 0 : Go
Aggressive Invester rolled 9
Aggressive Invester moved to square 14 : Go
Risk Taker rolled 6
Risk Taker moved to square 13 : Go
currunt round is : 489
Oppotunistic Trader rolled 8
Oppotunistic Trader moved to square 29 : Go
Conservative Banker rolled 3
Conservative Banker moved to square 3 : Colombo Fort Railway Station
Aggressive Invester rolled 12
Aggressive Invester moved to square 26 : Go
Risk Taker rolled 11
Risk Taker moved to square 24 : Go
currunt round is : 489
Oppotunistic Trader rolled 7
Oppotunistic Trader moved to square 36 : Go
Conservative Banker rolled 11
Conservative Banker moved to square 14 : Go
Aggressive Invester rolled 8
Aggressive Invester moved to square 34 : Go
Risk Taker rolled 4
Risk Taker moved to square 28 : Go
currunt round is : 489
Oppotunistic Trader rolled 10
Oppotunistic Trader moved to square 7 : Go
Conservative Banker rolled 3
Conservative Banker moved to square 17 : Go
Aggressive Invester rolled 7
Aggressive Invester moved to square 2 : Go
Risk Taker rolled 2
Risk Taker moved to square 30 : Go
currunt round is : 489
Oppotunistic Trader rolled 7
Oppotunistic Trader moved to square 14 : Go
Conservative Banker rolled 3
Conservative Banker moved to square 20 : Go
Aggressive Invester rolled 4
Aggressive Invester moved to square 6 : Go
Risk Taker rolled 5
Risk Taker moved to square 35 : Go
currunt round is : 490
Oppotunistic Trader rolled 2
Oppotunistic Trader moved to square 16 : Go
Conservative Banker rolled 3
Conservative Banker moved to square 23 : Go
Aggressive Invester rolled 2
Aggressive Invester moved to square 8 : Go
Risk Taker rolled 7
Risk Taker moved to square 3 : Colombo Fort Railway Station
currunt round is : 490
Oppotunistic Trader rolled 11
Oppotunistic Trader moved to square 27 : Go
Conservative Banker rolled 6
Conservative Banker moved to square 29 : Go
Aggressive Invester rolled 9
Aggressive Invester moved to square 17 : Go
Risk Taker rolled 8
Risk Taker moved to square 11 : Go
currunt round is : 490
Oppotunistic Trader rolled 11
Oppotunistic Trader moved to square 38 : Go
Conservative Banker rolled 10
Conservative Banker moved to square 0 : Go
Aggressive Invester rolled 12
Aggressive Invester moved to square 29 : Go
Risk Taker rolled 9
Risk Taker moved to square 20 : Go
currunt round is : 490
Oppotunistic Trader rolled 5
Oppotunistic Trader moved to square 4 : Go
Conservative Banker rolled 9
Conservative Banker moved to square 9 : Go
Aggressive Invester rolled 3
Aggressive Invester moved to square 32 : Go
Risk Taker rolled 9
Risk Taker moved to square 29 : Go
currunt round is : 490
Oppotunistic Trader rolled 10
Oppotunistic Trader moved to square 14 : Go
Conservative Banker rolled 2
Conservative Banker moved to square 11 : Go
Aggressive Invester rolled 7
Aggressive Invester moved to square 0 : Go
Risk Taker rolled 4
Risk Taker moved to square 33 : Go
currunt round is : 491
Oppotunistic Trader rolled 9
Oppotunistic Trader moved to square 23 : Go
Conservative Banker rolled 11
Conservative Banker moved to square 22 : Go
Aggressive Invester rolled 4
Aggressive Invester moved to square 4 : Go
Risk Taker rolled 6
Risk Taker moved to square 0 : Go
currunt round is : 491
Oppotunistic Trader rolled 2
Oppotunistic Trader moved to square 25 : Go
Conservative Banker rolled 7
Conservative Banker moved to square 29 : Go
Aggressive Invester rolled 4
Aggressive Invester moved to square 8 : Go
Risk Taker rolled 7
Risk Taker moved to square 7 : Go
currunt round is : 491
Oppotunistic Trader rolled 9
Oppotunistic Trader moved to square 34 : Go
Conservative Banker rolled 5
Conservative Banker moved to square 34 : Go
Aggressive Invester rolled 8
Aggressive Invester moved to square 16 : Go
Risk Taker rolled 7
Risk Taker moved to square 14 : Go
currunt round is : 491
Oppotunistic Trader rolled 6
Oppotunistic Trader moved to square 1 : Pettah
Conservative Banker rolled 8
Conservative Banker moved to square 3 : Colombo Fort Railway Station
Aggressive Invester rolled 10
Aggressive Invester moved to square 26 : Go
Risk Taker rolled 5
Risk Taker moved to square 19 : Go
currunt round is : 491
Oppotunistic Trader rolled 10
Oppotunistic Trader moved to square 11 : Go
Conservative Banker rolled 6
Conservative Banker moved to square 9 : Go
Aggressive Invester rolled 11
Aggressive Invester moved to square 37 : Go
Risk Taker rolled 9
Risk Taker moved to square 28 : Go
currunt round is : 492
Oppotunistic Trader rolled 3
Oppotunistic Trader moved to square 14 : Go
Conservative Banker rolled 10
Conservative Banker moved to square 19 : Go
Aggressive Invester rolled 3
Aggressive Invester moved to square 1 : Pettah
Risk Taker rolled 5
Risk Taker moved to square 33 : Go
currunt round is : 492
Oppotunistic Trader rolled 6
Oppotunistic Trader moved to square 20 : Go
Conservative Banker rolled 2
Conservative Banker moved to square 21 : Go
Aggressive Invester rolled 12
Aggressive Invester moved to square 13 : Go
Risk Taker rolled 2
Risk Taker moved to square 35 : Go
currunt round is : 492
Oppotunistic Trader rolled 12
Oppotunistic Trader moved to square 32 : Go
Conservative Banker rolled 7
Conservative Banker moved to square 28 : Go
Aggressive Invester rolled 2
Aggressive Invester moved to square 15 : Go
Risk Taker rolled 8
Risk Taker moved to square 4 : Go
currunt round is : 492
Oppotunistic Trader rolled 3
Oppotunistic Trader moved to square 35 : Go
Conservative Banker rolled 3
Conservative Banker moved to square 31 : Go
Aggressive Invester rolled 11
Aggressive Invester moved to square 26 : Go
Risk Taker rolled 3
Risk Taker moved to square 7 : Go
currunt round is : 492
Oppotunistic Trader rolled 8
Oppotunistic Trader moved to square 4 : Go
Conservative Banker rolled 2
Conservative Banker moved to square 33 : Go
Aggressive Invester rolled 6
Aggressive Invester moved to square 32 : Go
Risk Taker rolled 2
Risk Taker moved to square 9 : Go
currunt round is : 492
Oppotunistic Trader rolled 5
Oppotunistic Trader moved to square 9 : Go
Conservative Banker rolled 10
Conservative Banker moved to square 4 : Go
Aggressive Invester rolled 5
Aggressive Invester moved to square 37 : Go
Risk Taker rolled 8
Risk Taker moved to square 17 : Go
currunt round is : 493
Oppotunistic Trader rolled 3
Oppotunistic Trader moved to square 12 : Go
Conservative Banker rolled 3
Conservative Banker moved to square 7 : Go
Aggressive Invester rolled 11
Aggressive Invester moved to square 9 : Go
Risk Taker rolled 12
Risk Taker moved to square 29 : Go
currunt round is : 493
Oppotunistic Trader rolled 7
Oppotunistic Trader moved to square 19 : Go
Conservative Banker rolled 7
Conservative Banker moved to square 14 : Go
Aggressive Invester rolled 6
Aggressive Invester moved to square 15 : Go
Risk Taker rolled 7
Risk Taker moved to square 36 : Go
currunt round is : 493
Oppotunistic Trader rolled 2
Oppotunistic Trader moved to square 21 : Go
Conservative Banker rolled 7
Conservative Banker moved to square 21 : Go
Aggressive Invester rolled 10
Aggressive Invester moved to square 25 : Go
Risk Taker rolled 5
Risk Taker moved to square 2 : Go
currunt round is : 493
Oppotunistic Trader rolled 6
Oppotunistic Trader moved to square 27 : Go
Conservative Banker rolled 7
Conservative Banker moved to square 28 : Go
Aggressive Invester rolled 5
Aggressive Invester moved to square 30 : Go
Risk Taker rolled 5
Risk Taker moved to square 7 : Go
currunt round is : 493
Oppotunistic Trader rolled 10
Oppotunistic Trader moved to square 37 : Go
Conservative Banker rolled 5
Conservative Banker moved to square 33 : Go
Aggressive Invester rolled 11
Aggressive Invester moved to square 2 : Go
Risk Taker rolled 12
Risk Taker moved to square 19 : Go
currunt round is : 493
Oppotunistic Trader rolled 6
Oppotunistic Trader moved to square 4 : Go
Conservative Banker rolled 9
Conservative Banker moved to square 3 : Colombo Fort Railway Station
Aggressive Invester rolled 11
Aggressive Invester moved to square 13 : Go
Risk Taker rolled 11
Risk Taker moved to square 30 : Go
currunt round is : 493
Oppotunistic Trader rolled 8
Oppotunistic Trader moved to square 12 : Go
Conservative Banker rolled 5
Conservative Banker moved to square 8 : Go
Aggressive Invester rolled 9
Aggressive Invester moved to square 22 : Go
Risk Taker rolled 9
Risk Taker moved to square 0 : Go
currunt round is : 494
Oppotunistic Trader rolled 11
Oppotunistic Trader moved to square 23 : Go
Conservative Banker rolled 2
Conservative Banker moved to square 10 : Go
Aggressive Invester rolled 4
Aggressive Invester moved to square 26 : Go
Risk Taker rolled 2
Risk Taker moved to square 2 : Go
currunt round is : 494
Oppotunistic Trader rolled 12
Oppotunistic Trader moved to square 35 : Go
Conservative Banker rolled 11
Conservative Banker moved to square 21 : Go
Aggressive Invester rolled 12
Aggressive Invester moved to square 38 : Go
Risk Taker rolled 4
Risk Taker moved to square 6 : Go
currunt round is : 494
Oppotunistic Trader rolled 5
Oppotunistic Trader moved to square 1 : Pettah
Conservative Banker rolled 3
Conservative Banker moved to square 24 : Go
Aggressive Invester rolled 9
Aggressive Invester moved to square 8 : Go
Risk Taker rolled 6
Risk Taker moved to square 12 : Go
currunt round is : 494
Oppotunistic Trader rolled 6
Oppotunistic Trader moved to square 7 : Go
Conservative Banker rolled 4
Conservative Banker moved to square 28 : Go
Aggressive Invester rolled 7
Aggressive Invester moved to square 15 : Go
Risk Taker rolled 10
Risk Taker moved to square 22 : Go
currunt round is : 495
Oppotunistic Trader rolled 10
Oppotunistic Trader moved to square 17 : Go
Conservative Banker rolled 10
Conservative Banker moved to square 38 : Go
Aggressive Invester rolled 11
Aggressive Invester moved to square 26 : Go
Risk Taker rolled 7
Risk Taker moved to square 29 : Go
currunt round is : 495
Oppotunistic Trader rolled 11
Oppotunistic Trader moved to square 28 : Go
Conservative Banker rolled 10
Conservative Banker moved to square 9 : Go
Aggressive Invester rolled 6
Aggressive Invester moved to square 32 : Go
Risk Taker rolled 3
Risk Taker moved to square 32 : Go
currunt round is : 495
Oppotunistic Trader rolled 4
Oppotunistic Trader moved to square 32 : Go
Conservative Banker rolled 3
Conservative Banker moved to square 12 : Go
Aggressive Invester rolled 12
Aggressive Invester moved to square 5 : Go
Risk Taker rolled 10
Risk Taker moved to square 3 : Colombo Fort Railway Station
currunt round is : 495
Oppotunistic Trader rolled 4
Oppotunistic Trader moved to square 36 : Go
Conservative Banker rolled 8
Conservative Banker moved to square 20 : Go
Aggressive Invester rolled 7
Aggressive Invester moved to square 12 : Go
Risk Taker rolled 2
Risk Taker moved to square 5 : Go
currunt round is : 495
Oppotunistic Trader rolled 6
Oppotunistic Trader moved to square 3 : Colombo Fort Railway Station
Conservative Banker rolled 7
Conservative Banker moved to square 27 : Go
Aggressive Invester rolled 2
Aggressive Invester moved to square 14 : Go
Risk Taker rolled 5
Risk Taker moved to square 10 : Go
currunt round is : 495
Oppotunistic Trader rolled 6
Oppotunistic Trader moved to square 9 : Go
Conservative Banker rolled 10
Conservative Banker moved to square 37 : Go
Aggressive Invester rolled 8
Aggressive Invester moved to square 22 : Go
Risk Taker rolled 7
Risk Taker moved to square 17 : Go
currunt round is : 496
Oppotunistic Trader rolled 11
Oppotunistic Trader moved to square 20 : Go
Conservative Banker rolled 2
Conservative Banker moved to square 0 : Go
Aggressive Invester rolled 11
Aggressive Invester moved to square 33 : Go
Risk Taker rolled 3
Risk Taker moved to square 20 : Go
currunt round is : 496
Oppotunistic Trader rolled 5
Oppotunistic Trader moved to square 25 : Go
Conservative Banker rolled 3
Conservative Banker moved to square 3 : Colombo Fort Railway Station
Aggressive Invester rolled 11
Aggressive Invester moved to square 5 : Go
Risk Taker rolled 2
Risk Taker moved to square 22 : Go
currunt round is : 496
Oppotunistic Trader rolled 11
Oppotunistic Trader moved to square 36 : Go
Conservative Banker rolled 10
Conservative Banker moved to square 13 : Go
Aggressive Invester rolled 5
Aggressive Invester moved to square 10 : Go
Risk Taker rolled 10
Risk Taker moved to square 32 : Go
currunt round is : 496
Oppotunistic Trader rolled 5
Oppotunistic Trader moved to square 2 : Go
Conservative Banker rolled 8
Conservative Banker moved to square 21 : Go
Aggressive Invester rolled 11
Aggressive Invester moved to square 21 : Go
Risk Taker rolled 5
Risk Taker moved to square 37 : Go
currunt round is : 496
Oppotunistic Trader rolled 9
Oppotunistic Trader moved to square 11 : Go
Conservative Banker rolled 8
Conservative Banker moved to square 29 : Go
Aggressive Invester rolled 12
Aggressive Invester moved to square 33 : Go
Risk Taker rolled 11
Risk Taker moved to square 9 : Go
currunt round is : 497
Oppotunistic Trader rolled 12
Oppotunistic Trader moved to square 23 : Go
Conservative Banker rolled 6
Conservative Banker moved to square 35 : Go
Aggressive Invester rolled 11
Aggressive Invester moved to square 5 : Go
Risk Taker rolled 6
Risk Taker moved to square 15 : Go
currunt round is : 497
Oppotunistic Trader rolled 9
Oppotunistic Trader moved to square 32 : Go
Conservative Banker rolled 10
Conservative Banker moved to square 6 : Go
Aggressive Invester rolled 9
Aggressive Invester moved to square 14 : Go
Risk Taker rolled 2
Risk Taker moved to square 17 : Go
currunt round is : 497
Oppotunistic Trader rolled 7
Oppotunistic Trader moved to square 0 : Go
Conservative Banker rolled 2
Conservative Banker moved to square 8 : Go
Aggressive Invester rolled 8
Aggressive Invester moved to square 22 : Go
Risk Taker rolled 4
Risk Taker moved to square 21 : Go
currunt round is : 497
Oppotunistic Trader rolled 3
Oppotunistic Trader moved to square 3 : Colombo Fort Railway Station
Conservative Banker rolled 4
Conservative Banker moved to square 12 : Go
Aggressive Invester rolled 5
Aggressive Invester moved to square 27 : Go
Risk Taker rolled 6
Risk Taker moved to square 27 : Go
currunt round is : 497
Oppotunistic Trader rolled 6
Oppotunistic Trader moved to square 9 : Go
Conservative Banker rolled 3
Conservative Banker moved to square 15 : Go
Aggressive Invester rolled 4
Aggressive Invester moved to square 31 : Go
Risk Taker rolled 2
Risk Taker moved to square 29 : Go
currunt round is : 498
Oppotunistic Trader rolled 9
Oppotunistic Trader moved to square 18 : Go
Conservative Banker rolled 7
Conservative Banker moved to square 22 : Go
Aggressive Invester rolled 10
Aggressive Invester moved to square 2 : Go
Risk Taker rolled 10
Risk Taker moved to square 0 : Go
currunt round is : 498
Oppotunistic Trader rolled 2
Oppotunistic Trader moved to square 20 : Go
Conservative Banker rolled 6
Conservative Banker moved to square 28 : Go
Aggressive Invester rolled 3
Aggressive Invester moved to square 5 : Go
Risk Taker rolled 9
Risk Taker moved to square 9 : Go
currunt round is : 498
Oppotunistic Trader rolled 10
Oppotunistic Trader moved to square 30 : Go
Conservative Banker rolled 2
Conservative Banker moved to square 30 : Go
Aggressive Invester rolled 5
Aggressive Invester moved to square 10 : Go
Risk Taker rolled 10
Risk Taker moved to square 19 : Go
currunt round is : 498
Oppotunistic Trader rolled 4
Oppotunistic Trader moved to square 34 : Go
Conservative Banker rolled 2
Conservative Banker moved to square 32 : Go
Aggressive Invester rolled 3
Aggressive Invester moved to square 13 : Go
Risk Taker rolled 11
Risk Taker moved to square 30 : Go
currunt round is : 498
Oppotunistic Trader rolled 10
Oppotunistic Trader moved to square 5 : Go
Conservative Banker rolled 8
Conservative Banker moved to square 1 : Pettah
Aggressive Invester rolled 12
Aggressive Invester moved to square 25 : Go
Risk Taker rolled 4
Risk Taker moved to square 34 : Go
currunt round is : 498
Oppotunistic Trader rolled 7
Oppotunistic Trader moved to square 12 : Go
Conservative Banker rolled 5
Conservative Banker moved to square 6 : Go
Aggressive Invester rolled 6
Aggressive Invester moved to square 31 : Go
Risk Taker rolled 8
Risk Taker moved to square 3 : Colombo Fort Railway Station
currunt round is : 499
Oppotunistic Trader rolled 5
Oppotunistic Trader moved to square 17 : Go
Conservative Banker rolled 9
Conservative Banker moved to square 15 : Go
Aggressive Invester rolled 10
Aggressive Invester moved to square 2 : Go
Risk Taker rolled 9
Risk Taker moved to square 12 : Go
currunt round is : 499
Oppotunistic Trader rolled 9
Oppotunistic Trader moved to square 26 : Go
Conservative Banker rolled 12
Conservative Banker moved to square 27 : Go
Aggressive Invester rolled 10
Aggressive Invester moved to square 12 : Go
Risk Taker rolled 3
Risk Taker moved to square 15 : Go
currunt round is : 499
Oppotunistic Trader rolled 4
Oppotunistic Trader moved to square 30 : Go
Conservative Banker rolled 5
Conservative Banker moved to square 32 : Go
Aggressive Invester rolled 12
Aggressive Invester moved to square 24 : Go
Risk Taker rolled 5
Risk Taker moved to square 20 : Go
currunt round is : 499
Oppotunistic Trader rolled 10
Oppotunistic Trader moved to square 1 : Pettah
Conservative Banker rolled 11
Conservative Banker moved to square 4 : Go
Aggressive Invester rolled 10
Aggressive Invester moved to square 34 : Go
Risk Taker rolled 7
Risk Taker moved to square 27 : Go
currunt round is : 499
Oppotunistic Trader rolled 11
Oppotunistic Trader moved to square 12 : Go
Conservative Banker rolled 3
Conservative Banker moved to square 7 : Go
Aggressive Invester rolled 2
Aggressive Invester moved to square 36 : Go
Risk Taker rolled 11
Risk Taker moved to square 38 : Go
currunt round is : 500
